date,store_id,product_id,demand,predicted_demand
2023-10-13,S001,P0001,38,354.40964
2023-10-14,S001,P0001,34,317.48755
2023-10-15,S001,P0001,28,319.73184
2023-10-16,S001,P0001,46,310.45874
2023-10-17,S001,P0001,66,340.1556
2023-10-18,S001,P0001,20,264.86472
2023-10-19,S001,P0001,53,289.1531
2023-10-20,S001,P0001,77,338.322
2023-10-21,S001,P0001,36,343.73486
2023-10-22,S001,P0001,47,336.88422
2023-10-23,S001,P0001,101,401.20496
2023-10-24,S001,P0001,53,407.22595
2023-10-25,S001,P0001,152,558.77966
2023-10-26,S001,P0001,106,601.5806
2023-10-27,S001,P0001,143,661.8666
2023-10-28,S001,P0001,114,744.01263
2023-10-29,S001,P0001,162,834.84656
2023-10-30,S001,P0001,109,819.8605
2023-10-31,S001,P0001,66,822.32104
2023-11-01,S001,P0001,99,782.7547
2023-11-02,S001,P0001,128,813.5381
2023-11-03,S001,P0001,137,828.8248
2023-11-04,S001,P0001,120,820.0294
2023-11-05,S001,P0001,105,748.62213
2023-11-06,S001,P0001,97,758.3297
2023-11-07,S001,P0001,99,796.75226
2023-11-08,S001,P0001,144,821.60913
2023-11-09,S001,P0001,117,822.61053
2023-11-10,S001,P0001,77,738.2842
2023-11-11,S001,P0001,91,742.8031
2023-11-12,S001,P0001,95,719.5812
2023-11-13,S001,P0001,35,641.92834
2023-11-14,S001,P0001,122,681.0502
2023-11-15,S001,P0001,90,649.0891
2023-11-16,S001,P0001,164,690.5555
2023-11-17,S001,P0001,102,725.81573
2023-11-18,S001,P0001,106,726.9944
2023-11-19,S001,P0001,127,748.5334
2023-11-20,S001,P0001,132,849.78973
2023-11-21,S001,P0001,56,767.5542
2023-11-22,S001,P0001,100,762.85834
2023-11-23,S001,P0001,71,691.57605
2023-11-24,S001,P0001,56,630.18164
2023-11-25,S001,P0001,107,650.5287
2023-11-26,S001,P0001,148,692.22
2023-11-27,S001,P0001,88,660.5101
2023-11-28,S001,P0001,139,712.7914
2023-11-29,S001,P0001,148,771.15625
2023-11-30,S001,P0001,99,792.7649
2023-12-01,S001,P0001,109,830.05023
2023-12-02,S001,P0001,160,881.34766
2023-12-03,S001,P0001,119,907.8952
2023-12-04,S001,P0001,73,828.31793
2023-12-05,S001,P0001,24,720.4936
2023-12-06,S001,P0001,142,718.8251
2023-12-07,S001,P0001,131,793.6045
2023-12-08,S001,P0001,147,796.7452
2023-12-09,S001,P0001,99,758.2476
2023-12-10,S001,P0001,127,754.0779
2023-12-11,S001,P0001,67,753.87634
2023-12-12,S001,P0001,161,863.79865
2023-12-13,S001,P0001,40,775.8438
2023-12-14,S001,P0001,75,697.9426
2023-12-15,S001,P0001,69,650.1241
2023-12-16,S001,P0001,70,626.0275
2023-12-17,S001,P0001,36,549.88983
2023-12-18,S001,P0001,109,573.94305
2023-12-19,S001,P0001,118,578.63635
2023-12-20,S001,P0001,104,628.3221
2023-12-21,S001,P0001,136,666.611
2023-12-22,S001,P0001,64,650.7965
2023-12-23,S001,P0001,89,654.1927
2023-12-24,S001,P0001,147,757.10297
2023-12-25,S001,P0001,72,736.95856
2023-12-26,S001,P0001,132,738.2978
2023-12-27,S001,P0001,51,687.80524
2023-12-28,S001,P0001,73,603.5669
2023-12-29,S001,P0001,90,633.39
2023-12-30,S001,P0001,54,607.0538
2023-12-31,S001,P0001,60,535.3767
2024-01-01,S001,P0001,62,488.43054
2024-01-02,S001,P0001,31,409.2613
2024-01-03,S001,P0001,52,431.98712
2024-01-04,S001,P0001,47,425.34058
2024-01-05,S001,P0001,71,420.8758
2024-01-06,S001,P0001,52,407.77133
2024-01-07,S001,P0001,71,377.1683
2024-01-08,S001,P0001,28,360.12442
2024-01-09,S001,P0001,75,462.7039
2024-01-10,S001,P0001,98,505.3331
2024-01-11,S001,P0001,141,590.4388
2024-01-12,S001,P0001,83,560.5577
2024-01-13,S001,P0001,111,581.60077
2024-01-14,S001,P0001,74,497.22336
2024-01-15,S001,P0001,114,586.5235
2024-01-16,S001,P0001,31,624.2584
2024-01-17,S001,P0001,88,609.96844
2024-01-18,S001,P0001,86,608.453
2024-01-19,S001,P0001,90,598.668
2024-01-20,S001,P0001,141,458.15723
2024-01-21,S001,P0001,109,687.05176
2024-01-22,S001,P0001,218,719.42706
2024-01-23,S001,P0001,68,817.99817
2024-01-24,S001,P0001,98,794.03577
2024-01-25,S001,P0001,137,826.10486
2024-01-26,S001,P0001,72,809.68726
2024-01-27,S001,P0001,99,639.42096
2024-01-28,S001,P0001,139,634.89954
2024-01-29,S001,P0001,112,685.2274
2024-01-30,S001,P0001,111,727.79913
2023-10-13,S001,P0002,95,859.75964
2023-10-14,S001,P0002,184,970.54956
2023-10-15,S001,P0002,114,912.3606
2023-10-16,S001,P0002,54,822.5785
2023-10-17,S001,P0002,80,738.244
2023-10-18,S001,P0002,156,799.6689
2023-10-19,S001,P0002,43,727.2174
2023-10-20,S001,P0002,154,757.75885
2023-10-21,S001,P0002,90,715.5747
2023-10-22,S001,P0002,106,666.6222
2023-10-23,S001,P0002,153,788.80115
2023-10-24,S001,P0002,89,778.1675
2023-10-25,S001,P0002,185,818.95715
2023-10-26,S001,P0002,144,911.2266
2023-10-27,S001,P0002,66,834.1154
2023-10-28,S001,P0002,192,917.426
2023-10-29,S001,P0002,92,902.6962
2023-10-30,S001,P0002,91,855.9123
2023-10-31,S001,P0002,61,799.87384
2023-11-01,S001,P0002,87,717.84796
2023-11-02,S001,P0002,61,654.18884
2023-11-03,S001,P0002,95,696.8341
2023-11-04,S001,P0002,85,612.455
2023-11-05,S001,P0002,94,606.9887
2023-11-06,S001,P0002,97,627.86975
2023-11-07,S001,P0002,153,699.9802
2023-11-08,S001,P0002,19,613.83264
2023-11-09,S001,P0002,99,642.5829
2023-11-10,S001,P0002,111,670.39764
2023-11-11,S001,P0002,115,703.119
2023-11-12,S001,P0002,157,751.13556
2023-11-13,S001,P0002,147,825.095
2023-11-14,S001,P0002,113,778.4013
2023-11-15,S001,P0002,104,813.9928
2023-11-16,S001,P0002,66,793.2633
2023-11-17,S001,P0002,139,817.0741
2023-11-18,S001,P0002,119,834.8848
2023-11-19,S001,P0002,92,761.177
2023-11-20,S001,P0002,21,637.87
2023-11-21,S001,P0002,180,721.4953
2023-11-22,S001,P0002,116,757.3262
2023-11-23,S001,P0002,54,729.62103
2023-11-24,S001,P0002,68,652.2776
2023-11-25,S001,P0002,75,606.8501
2023-11-26,S001,P0002,131,675.23285
2023-11-27,S001,P0002,121,759.4344
2023-11-28,S001,P0002,58,646.969
2023-11-29,S001,P0002,62,578.34064
2023-11-30,S001,P0002,165,702.1242
2023-12-01,S001,P0002,156,811.51
2023-12-02,S001,P0002,83,775.69617
2023-12-03,S001,P0002,78,717.741
2023-12-04,S001,P0002,191,770.8997
2023-12-05,S001,P0002,127,860.00226
2023-12-06,S001,P0002,114,876.6543
2023-12-07,S001,P0002,154,890.493
2023-12-08,S001,P0002,129,888.3008
2023-12-09,S001,P0002,95,862.7606
2023-12-10,S001,P0002,143,945.5904
2023-12-11,S001,P0002,43,815.69165
2023-12-12,S001,P0002,130,803.26666
2023-12-13,S001,P0002,177,866.6947
2023-12-14,S001,P0002,111,840.6712
2023-12-15,S001,P0002,188,892.93085
2023-12-16,S001,P0002,66,863.47015
2023-12-17,S001,P0002,107,805.638
2023-12-18,S001,P0002,170,942.5655
2023-12-19,S001,P0002,133,950.1538
2023-12-20,S001,P0002,206,978.3408
2023-12-21,S001,P0002,184,1064.0814
2023-12-22,S001,P0002,148,1013.3503
2023-12-23,S001,P0002,131,1058.4164
2023-12-24,S001,P0002,127,1070.4474
2023-12-25,S001,P0002,64,962.1859
2023-12-26,S001,P0002,154,973.78296
2023-12-27,S001,P0002,96,896.46765
2023-12-28,S001,P0002,150,882.7652
2023-12-29,S001,P0002,253,981.4891
2023-12-30,S001,P0002,97,934.0784
2023-12-31,S001,P0002,141,938.6075
2024-01-01,S001,P0002,105,951.6194
2024-01-02,S001,P0002,172,969.5112
2024-01-03,S001,P0002,156,1050.1611
2024-01-04,S001,P0002,115,1014.23364
2024-01-05,S001,P0002,62,829.53265
2024-01-06,S001,P0002,157,749.55945
2024-01-07,S001,P0002,132,883.7282
2024-01-08,S001,P0002,172,898.38275
2024-01-09,S001,P0002,73,831.9231
2024-01-10,S001,P0002,147,866.9465
2024-01-11,S001,P0002,111,839.7037
2024-01-12,S001,P0002,131,875.86816
2024-01-13,S001,P0002,103,671.52466
2024-01-14,S001,P0002,119,745.4727
2024-01-15,S001,P0002,123,810.08453
2024-01-16,S001,P0002,153,890.19147
2024-01-17,S001,P0002,115,851.8451
2024-01-18,S001,P0002,134,875.0684
2024-01-19,S001,P0002,39,786.3396
2024-01-20,S001,P0002,120,735.8907
2024-01-21,S001,P0002,121,631.68787
2024-01-22,S001,P0002,147,743.5357
2024-01-23,S001,P0002,71,723.17993
2024-01-24,S001,P0002,150,787.3138
2024-01-25,S001,P0002,91,770.7603
2024-01-26,S001,P0002,144,830.25446
2024-01-27,S001,P0002,125,843.4991
2024-01-28,S001,P0002,114,738.17126
2024-01-29,S001,P0002,64,676.09204
2024-01-30,S001,P0002,119,764.6234
2023-10-13,S001,P0003,57,688.74774
2023-10-14,S001,P0003,67,699.8314
2023-10-15,S001,P0003,80,673.7883
2023-10-16,S001,P0003,76,676.7368
2023-10-17,S001,P0003,230,776.9995
2023-10-18,S001,P0003,108,741.33435
2023-10-19,S001,P0003,114,729.2901
2023-10-20,S001,P0003,150,805.9397
2023-10-21,S001,P0003,140,888.8995
2023-10-22,S001,P0003,105,877.8297
2023-10-23,S001,P0003,167,957.1027
2023-10-24,S001,P0003,80,878.131
2023-10-25,S001,P0003,150,880.6875
2023-10-26,S001,P0003,87,865.99396
2023-10-27,S001,P0003,82,817.27704
2023-10-28,S001,P0003,131,808.61554
2023-10-29,S001,P0003,174,859.64746
2023-10-30,S001,P0003,86,817.18854
2023-10-31,S001,P0003,106,823.0372
2023-11-01,S001,P0003,119,801.6996
2023-11-02,S001,P0003,113,820.0574
2023-11-03,S001,P0003,70,795.45807
2023-11-04,S001,P0003,86,744.0714
2023-11-05,S001,P0003,102,691.5461
2023-11-06,S001,P0003,140,762.4729
2023-11-07,S001,P0003,105,752.3
2023-11-08,S001,P0003,214,857.09753
2023-11-09,S001,P0003,96,850.56445
2023-11-10,S001,P0003,115,854.76855
2023-11-11,S001,P0003,128,883.26666
2023-11-12,S001,P0003,138,929.9465
2023-11-13,S001,P0003,159,935.49054
2023-11-14,S001,P0003,130,954.52905
2023-11-15,S001,P0003,149,927.4699
2023-11-16,S001,P0003,120,922.4765
2023-11-17,S001,P0003,107,924.2617
2023-11-18,S001,P0003,154,964.5286
2023-11-19,S001,P0003,130,933.80994
2023-11-20,S001,P0003,125,914.6201
2023-11-21,S001,P0003,107,872.75635
2023-11-22,S001,P0003,139,878.7732
2023-11-23,S001,P0003,125,905.6518
2023-11-24,S001,P0003,102,862.443
2023-11-25,S001,P0003,90,833.4728
2023-11-26,S001,P0003,178,883.84814
2023-11-27,S001,P0003,144,906.93207
2023-11-28,S001,P0003,41,810.2118
2023-11-29,S001,P0003,103,779.35095
2023-11-30,S001,P0003,135,808.2094
2023-12-01,S001,P0003,227,920.0814
2023-12-02,S001,P0003,209,1057.9003
2023-12-03,S001,P0003,181,1057.4554
2023-12-04,S001,P0003,134,1022.20984
2023-12-05,S001,P0003,133,1058.8712
2023-12-06,S001,P0003,183,1155.4918
2023-12-07,S001,P0003,123,1148.3236
2023-12-08,S001,P0003,92,1010.5099
2023-12-09,S001,P0003,162,997.9506
2023-12-10,S001,P0003,201,1027.313
2023-12-11,S001,P0003,203,1109.8595
2023-12-12,S001,P0003,181,1088.218
2023-12-13,S001,P0003,130,1068.2815
2023-12-14,S001,P0003,133,1054.9641
2023-12-15,S001,P0003,71,1050.0887
2023-12-16,S001,P0003,187,1046.5559
2023-12-17,S001,P0003,114,986.3417
2023-12-18,S001,P0003,176,982.7078
2023-12-19,S001,P0003,129,957.9054
2023-12-20,S001,P0003,179,983.89026
2023-12-21,S001,P0003,192,1042.9347
2023-12-22,S001,P0003,162,1121.6396
2023-12-23,S001,P0003,134,1046.3279
2023-12-24,S001,P0003,135,1043.1884
2023-12-25,S001,P0003,100,1005.184
2023-12-26,S001,P0003,91,954.86206
2023-12-27,S001,P0003,128,906.5123
2023-12-28,S001,P0003,183,915.8505
2023-12-29,S001,P0003,153,912.80176
2023-12-30,S001,P0003,80,850.1563
2023-12-31,S001,P0003,4,691.7324
2024-01-01,S001,P0003,104,636.64325
2024-01-02,S001,P0003,126,727.8069
2024-01-03,S001,P0003,175,752.4159
2024-01-04,S001,P0003,78,718.2431
2024-01-05,S001,P0003,161,713.48364
2024-01-06,S001,P0003,188,845.3826
2024-01-07,S001,P0003,108,840.8246
2024-01-08,S001,P0003,108,908.4477
2024-01-09,S001,P0003,54,859.45984
2024-01-10,S001,P0003,124,814.0844
2024-01-11,S001,P0003,168,886.3802
2024-01-12,S001,P0003,105,852.3859
2024-01-13,S001,P0003,125,639.1852
2024-01-14,S001,P0003,66,621.5823
2024-01-15,S001,P0003,107,641.6485
2024-01-16,S001,P0003,145,816.19086
2024-01-17,S001,P0003,88,798.7105
2024-01-18,S001,P0003,110,743.12463
2024-01-19,S001,P0003,136,798.54736
2024-01-20,S001,P0003,109,613.9221
2024-01-21,S001,P0003,96,648.9542
2024-01-22,S001,P0003,182,835.2113
2024-01-23,S001,P0003,101,826.54346
2024-01-24,S001,P0003,238,946.5765
2024-01-25,S001,P0003,215,1094.5397
2024-01-26,S001,P0003,95,1033.4506
2024-01-27,S001,P0003,69,915.0567
2024-01-28,S001,P0003,192,1033.3436
2024-01-29,S001,P0003,198,1075.5413
2024-01-30,S001,P0003,137,1127.1315
2023-10-13,S001,P0004,44,443.0957
2023-10-14,S001,P0004,50,394.9965
2023-10-15,S001,P0004,48,352.58023
2023-10-16,S001,P0004,49,367.38956
2023-10-17,S001,P0004,69,397.24692
2023-10-18,S001,P0004,71,404.537
2023-10-19,S001,P0004,113,452.25705
2023-10-20,S001,P0004,99,503.7244
2023-10-21,S001,P0004,66,527.22943
2023-10-22,S001,P0004,37,482.77667
2023-10-23,S001,P0004,45,462.21152
2023-10-24,S001,P0004,42,455.3603
2023-10-25,S001,P0004,96,513.90137
2023-10-26,S001,P0004,62,493.72467
2023-10-27,S001,P0004,131,515.73035
2023-10-28,S001,P0004,133,561.00476
2023-10-29,S001,P0004,90,612.3442
2023-10-30,S001,P0004,56,594.8366
2023-10-31,S001,P0004,88,640.90173
2023-11-01,S001,P0004,114,663.19116
2023-11-02,S001,P0004,66,663.0518
2023-11-03,S001,P0004,94,631.3527
2023-11-04,S001,P0004,104,630.2596
2023-11-05,S001,P0004,115,637.9395
2023-11-06,S001,P0004,94,665.7994
2023-11-07,S001,P0004,92,686.16125
2023-11-08,S001,P0004,118,679.29846
2023-11-09,S001,P0004,141,770.39954
2023-11-10,S001,P0004,88,756.5184
2023-11-11,S001,P0004,132,783.5366
2023-11-12,S001,P0004,108,757.9708
2023-11-13,S001,P0004,112,778.8959
2023-11-14,S001,P0004,95,781.3598
2023-11-15,S001,P0004,110,764.25916
2023-11-16,S001,P0004,48,696.27875
2023-11-17,S001,P0004,49,637.31244
2023-11-18,S001,P0004,103,644.94525
2023-11-19,S001,P0004,212,735.0017
2023-11-20,S001,P0004,63,711.01605
2023-11-21,S001,P0004,98,685.96783
2023-11-22,S001,P0004,109,687.422
2023-11-23,S001,P0004,81,724.8798
2023-11-24,S001,P0004,94,752.2584
2023-11-25,S001,P0004,84,748.4164
2023-11-26,S001,P0004,116,658.1236
2023-11-27,S001,P0004,126,711.18585
2023-11-28,S001,P0004,98,707.4446
2023-11-29,S001,P0004,122,732.99756
2023-11-30,S001,P0004,125,762.86993
2023-12-01,S001,P0004,90,765.28046
2023-12-02,S001,P0004,114,799.7071
2023-12-03,S001,P0004,20,695.8165
2023-12-04,S001,P0004,82,651.52765
2023-12-05,S001,P0004,133,691.5714
2023-12-06,S001,P0004,152,735.85583
2023-12-07,S001,P0004,87,707.56964
2023-12-08,S001,P0004,99,690.43976
2023-12-09,S001,P0004,78,655.84283
2023-12-10,S001,P0004,93,731.33234
2023-12-11,S001,P0004,101,733.57495
2023-12-12,S001,P0004,151,756.67694
2023-12-13,S001,P0004,90,723.8387
2023-12-14,S001,P0004,85,701.09033
2023-12-15,S001,P0004,104,698.7799
2023-12-16,S001,P0004,109,748.10626
2023-12-17,S001,P0004,85,725.25134
2023-12-18,S001,P0004,155,767.80884
2023-12-19,S001,P0004,110,763.0277
2023-12-20,S001,P0004,64,711.10754
2023-12-21,S001,P0004,152,775.48706
2023-12-22,S001,P0004,99,794.29266
2023-12-23,S001,P0004,55,715.455
2023-12-24,S001,P0004,213,826.5453
2023-12-25,S001,P0004,119,857.1748
2023-12-26,S001,P0004,107,805.7133
2023-12-27,S001,P0004,36,767.66785
2023-12-28,S001,P0004,63,622.4248
2023-12-29,S001,P0004,39,594.2394
2023-12-30,S001,P0004,42,582.9527
2023-12-31,S001,P0004,48,409.3947
2024-01-01,S001,P0004,19,323.46997
2024-01-02,S001,P0004,46,295.32578
2024-01-03,S001,P0004,38,316.1534
2024-01-04,S001,P0004,13,240.40587
2024-01-05,S001,P0004,55,276.61258
2024-01-06,S001,P0004,19,223.3332
2024-01-07,S001,P0004,49,220.43823
2024-01-08,S001,P0004,79,320.87964
2024-01-09,S001,P0004,105,447.11066
2024-01-10,S001,P0004,100,484.73022
2024-01-11,S001,P0004,149,599.18256
2024-01-12,S001,P0004,140,663.1003
2024-01-13,S001,P0004,151,631.0919
2024-01-14,S001,P0004,128,779.8739
2024-01-15,S001,P0004,89,762.51276
2024-01-16,S001,P0004,64,769.1106
2024-01-17,S001,P0004,84,756.82556
2024-01-18,S001,P0004,157,802.7851
2024-01-19,S001,P0004,101,765.69037
2024-01-20,S001,P0004,135,725.5454
2024-01-21,S001,P0004,162,797.07947
2024-01-22,S001,P0004,91,717.96344
2024-01-23,S001,P0004,35,717.7259
2024-01-24,S001,P0004,126,756.13855
2024-01-25,S001,P0004,89,723.47284
2024-01-26,S001,P0004,67,668.1324
2024-01-27,S001,P0004,114,484.7853
2024-01-28,S001,P0004,108,633.49146
2024-01-29,S001,P0004,76,520.3931
2024-01-30,S001,P0004,84,641.10156
2023-10-13,S001,P0005,79,533.782
2023-10-14,S001,P0005,153,622.0517
2023-10-15,S001,P0005,50,590.28455
2023-10-16,S001,P0005,114,587.4725
2023-10-17,S001,P0005,56,620.2359
2023-10-18,S001,P0005,37,589.54504
2023-10-19,S001,P0005,109,573.5538
2023-10-20,S001,P0005,66,595.40393
2023-10-21,S001,P0005,80,511.25366
2023-10-22,S001,P0005,128,599.82776
2023-10-23,S001,P0005,75,563.6412
2023-10-24,S001,P0005,44,526.63666
2023-10-25,S001,P0005,93,606.0595
2023-10-26,S001,P0005,79,586.6084
2023-10-27,S001,P0005,168,695.18286
2023-10-28,S001,P0005,136,755.8052
2023-10-29,S001,P0005,125,733.74
2023-10-30,S001,P0005,178,831.1695
2023-10-31,S001,P0005,86,852.68494
2023-11-01,S001,P0005,143,891.22296
2023-11-02,S001,P0005,102,900.15607
2023-11-03,S001,P0005,182,945.1308
2023-11-04,S001,P0005,59,881.39716
2023-11-05,S001,P0005,116,841.9801
2023-11-06,S001,P0005,101,787.91364
2023-11-07,S001,P0005,98,788.9013
2023-11-08,S001,P0005,149,798.5846
2023-11-09,S001,P0005,83,788.66345
2023-11-10,S001,P0005,139,747.72003
2023-11-11,S001,P0005,93,795.9639
2023-11-12,S001,P0005,135,780.74536
2023-11-13,S001,P0005,180,881.09674
2023-11-14,S001,P0005,185,999.939
2023-11-15,S001,P0005,81,884.2929
2023-11-16,S001,P0005,116,906.5535
2023-11-17,S001,P0005,54,816.8556
2023-11-18,S001,P0005,57,789.7958
2023-11-19,S001,P0005,155,812.5
2023-11-20,S001,P0005,180,829.83154
2023-11-21,S001,P0005,102,772.4491
2023-11-22,S001,P0005,184,858.09247
2023-11-23,S001,P0005,168,917.3339
2023-11-24,S001,P0005,70,917.02606
2023-11-25,S001,P0005,173,1009.27234
2023-11-26,S001,P0005,95,972.32544
2023-11-27,S001,P0005,158,931.9618
2023-11-28,S001,P0005,113,933.51654
2023-11-29,S001,P0005,78,846.63135
2023-11-30,S001,P0005,146,832.8448
2023-12-01,S001,P0005,150,919.9957
2023-12-02,S001,P0005,118,861.8432
2023-12-03,S001,P0005,121,872.06714
2023-12-04,S001,P0005,101,844.0037
2023-12-05,S001,P0005,132,872.6232
2023-12-06,S001,P0005,111,883.24207
2023-12-07,S001,P0005,130,876.6753
2023-12-08,S001,P0005,125,837.75684
2023-12-09,S001,P0005,79,796.06934
2023-12-10,S001,P0005,100,782.86096
2023-12-11,S001,P0005,99,786.90906
2023-12-12,S001,P0005,198,846.4194
2023-12-13,S001,P0005,69,824.6998
2023-12-14,S001,P0005,181,825.7936
2023-12-15,S001,P0005,136,875.5648
2023-12-16,S001,P0005,103,883.2496
2023-12-17,S001,P0005,158,946.7045
2023-12-18,S001,P0005,138,969.18695
2023-12-19,S001,P0005,159,950.7914
2023-12-20,S001,P0005,80,947.81036
2023-12-21,S001,P0005,100,851.36865
2023-12-22,S001,P0005,183,911.66113
2023-12-23,S001,P0005,43,870.792
2023-12-24,S001,P0005,113,821.8117
2023-12-25,S001,P0005,59,730.34076
2023-12-26,S001,P0005,129,729.4374
2023-12-27,S001,P0005,57,697.5444
2023-12-28,S001,P0005,93,647.60364
2023-12-29,S001,P0005,56,563.338
2023-12-30,S001,P0005,76,561.7499
2023-12-31,S001,P0005,38,504.12164
2024-01-01,S001,P0005,54,402.82825
2024-01-02,S001,P0005,126,510.0177
2024-01-03,S001,P0005,79,557.4704
2024-01-04,S001,P0005,56,487.39548
2024-01-05,S001,P0005,96,543.4387
2024-01-06,S001,P0005,145,453.36227
2024-01-07,S001,P0005,56,506.11926
2024-01-08,S001,P0005,74,546.01874
2024-01-09,S001,P0005,143,644.42664
2024-01-10,S001,P0005,135,686.5625
2024-01-11,S001,P0005,90,739.73004
2024-01-12,S001,P0005,91,721.44696
2024-01-13,S001,P0005,128,551.6165
2024-01-14,S001,P0005,118,658.7979
2024-01-15,S001,P0005,51,672.4532
2024-01-16,S001,P0005,132,743.2392
2024-01-17,S001,P0005,159,748.73145
2024-01-18,S001,P0005,163,853.1714
2024-01-19,S001,P0005,98,872.5318
2024-01-20,S001,P0005,174,860.9791
2024-01-21,S001,P0005,197,978.603
2024-01-22,S001,P0005,68,932.4831
2024-01-23,S001,P0005,81,908.91565
2024-01-24,S001,P0005,127,908.1252
2024-01-25,S001,P0005,169,873.01447
2024-01-26,S001,P0005,166,972.7576
2024-01-27,S001,P0005,183,875.9321
2024-01-28,S001,P0005,83,763.60974
2024-01-29,S001,P0005,123,842.55005
2024-01-30,S001,P0005,29,795.02014
2023-10-13,S001,P0006,33,228.9362
2023-10-14,S001,P0006,35,208.89459
2023-10-15,S001,P0006,30,206.18576
2023-10-16,S001,P0006,39,234.16968
2023-10-17,S001,P0006,33,233.60791
2023-10-18,S001,P0006,32,228.78171
2023-10-19,S001,P0006,47,244.05208
2023-10-20,S001,P0006,45,269.5943
2023-10-21,S001,P0006,37,265.25903
2023-10-22,S001,P0006,41,269.77777
2023-10-23,S001,P0006,26,261.15326
2023-10-24,S001,P0006,37,254.76505
2023-10-25,S001,P0006,140,429.00827
2023-10-26,S001,P0006,49,464.53632
2023-10-27,S001,P0006,72,484.29013
2023-10-28,S001,P0006,147,583.93506
2023-10-29,S001,P0006,133,679.3724
2023-10-30,S001,P0006,102,737.46277
2023-10-31,S001,P0006,77,753.63763
2023-11-01,S001,P0006,120,710.3886
2023-11-02,S001,P0006,53,707.9929
2023-11-03,S001,P0006,63,685.4393
2023-11-04,S001,P0006,62,607.613
2023-11-05,S001,P0006,109,612.83655
2023-11-06,S001,P0006,94,586.20593
2023-11-07,S001,P0006,60,600.8067
2023-11-08,S001,P0006,61,543.2307
2023-11-09,S001,P0006,110,582.84344
2023-11-10,S001,P0006,84,604.2171
2023-11-11,S001,P0006,64,599.0061
2023-11-12,S001,P0006,77,569.7943
2023-11-13,S001,P0006,97,583.31525
2023-11-14,S001,P0006,69,587.6148
2023-11-15,S001,P0006,149,657.3991
2023-11-16,S001,P0006,124,674.4125
2023-11-17,S001,P0006,115,681.25653
2023-11-18,S001,P0006,32,671.203
2023-11-19,S001,P0006,103,694.90186
2023-11-20,S001,P0006,94,684.4898
2023-11-21,S001,P0006,126,762.9169
2023-11-22,S001,P0006,168,758.1814
2023-11-23,S001,P0006,66,734.3361
2023-11-24,S001,P0006,96,687.26807
2023-11-25,S001,P0006,52,699.3201
2023-11-26,S001,P0006,103,705.1718
2023-11-27,S001,P0006,114,719.3548
2023-11-28,S001,P0006,78,691.71826
2023-11-29,S001,P0006,98,623.5333
2023-11-30,S001,P0006,75,632.6535
2023-12-01,S001,P0006,69,602.2891
2023-12-02,S001,P0006,138,676.2389
2023-12-03,S001,P0006,134,698.24146
2023-12-04,S001,P0006,99,707.3979
2023-12-05,S001,P0006,112,728.6292
2023-12-06,S001,P0006,190,837.84357
2023-12-07,S001,P0006,85,834.54645
2023-12-08,S001,P0006,195,917.0611
2023-12-09,S001,P0006,116,933.0278
2023-12-10,S001,P0006,110,895.4043
2023-12-11,S001,P0006,88,873.5215
2023-12-12,S001,P0006,151,912.6932
2023-12-13,S001,P0006,113,858.17255
2023-12-14,S001,P0006,162,911.3849
2023-12-15,S001,P0006,157,920.8471
2023-12-16,S001,P0006,85,882.4559
2023-12-17,S001,P0006,102,836.51276
2023-12-18,S001,P0006,130,880.9211
2023-12-19,S001,P0006,84,842.3367
2023-12-20,S001,P0006,78,786.7395
2023-12-21,S001,P0006,127,774.4527
2023-12-22,S001,P0006,96,725.0152
2023-12-23,S001,P0006,52,678.9159
2023-12-24,S001,P0006,72,643.6073
2023-12-25,S001,P0006,107,641.64886
2023-12-26,S001,P0006,38,602.9263
2023-12-27,S001,P0006,41,514.5646
2023-12-28,S001,P0006,35,437.93542
2023-12-29,S001,P0006,13,345.25638
2023-12-30,S001,P0006,21,319.7033
2023-12-31,S001,P0006,44,290.51404
2024-01-01,S001,P0006,16,224.48276
2024-01-02,S001,P0006,79,264.46262
2024-01-03,S001,P0006,22,267.20865
2024-01-04,S001,P0006,26,232.52914
2024-01-05,S001,P0006,15,200.56743
2024-01-06,S001,P0006,24,188.64139
2024-01-07,S001,P0006,48,223.5197
2024-01-08,S001,P0006,26,262.57382
2024-01-09,S001,P0006,83,362.40955
2024-01-10,S001,P0006,53,371.13074
2024-01-11,S001,P0006,85,442.10556
2024-01-12,S001,P0006,110,491.3413
2024-01-13,S001,P0006,81,398.31525
2024-01-14,S001,P0006,72,442.2422
2024-01-15,S001,P0006,75,442.49283
2024-01-16,S001,P0006,60,520.0497
2024-01-17,S001,P0006,58,531.6432
2024-01-18,S001,P0006,51,523.9396
2024-01-19,S001,P0006,44,465.0367
2024-01-20,S001,P0006,103,421.32883
2024-01-21,S001,P0006,75,469.85858
2024-01-22,S001,P0006,116,471.6713
2024-01-23,S001,P0006,125,584.9574
2024-01-24,S001,P0006,28,564.58496
2024-01-25,S001,P0006,147,638.14185
2024-01-26,S001,P0006,67,628.68225
2024-01-27,S001,P0006,80,437.64786
2024-01-28,S001,P0006,127,691.40424
2024-01-29,S001,P0006,113,604.794
2024-01-30,S001,P0006,96,653.3584
2023-10-13,S001,P0007,117,666.6933
2023-10-14,S001,P0007,118,682.75745
2023-10-15,S001,P0007,74,627.89667
2023-10-16,S001,P0007,80,648.664
2023-10-17,S001,P0007,75,649.53687
2023-10-18,S001,P0007,75,601.6611
2023-10-19,S001,P0007,91,627.1559
2023-10-20,S001,P0007,108,624.80914
2023-10-21,S001,P0007,92,599.53577
2023-10-22,S001,P0007,103,632.7863
2023-10-23,S001,P0007,64,614.3312
2023-10-24,S001,P0007,88,614.20593
2023-10-25,S001,P0007,128,676.6238
2023-10-26,S001,P0007,84,669.4187
2023-10-27,S001,P0007,94,653.1622
2023-10-28,S001,P0007,140,721.375
2023-10-29,S001,P0007,183,788.9126
2023-10-30,S001,P0007,89,803.0259
2023-10-31,S001,P0007,80,817.34674
2023-11-01,S001,P0007,68,721.0248
2023-11-02,S001,P0007,177,821.9402
2023-11-03,S001,P0007,103,839.58356
2023-11-04,S001,P0007,99,789.5425
2023-11-05,S001,P0007,203,818.842
2023-11-06,S001,P0007,173,922.7372
2023-11-07,S001,P0007,236,1080.3779
2023-11-08,S001,P0007,204,1165.3483
2023-11-09,S001,P0007,116,1132.8086
2023-11-10,S001,P0007,110,1074.6217
2023-11-11,S001,P0007,114,1106.7129
2023-11-12,S001,P0007,92,992.96454
2023-11-13,S001,P0007,152,995.9425
2023-11-14,S001,P0007,55,823.4991
2023-11-15,S001,P0007,77,704.11646
2023-11-16,S001,P0007,174,770.1884
2023-11-17,S001,P0007,134,820.473
2023-11-18,S001,P0007,139,843.8731
2023-11-19,S001,P0007,145,874.6335
2023-11-20,S001,P0007,90,822.88837
2023-11-21,S001,P0007,96,865.7057
2023-11-22,S001,P0007,131,890.725
2023-11-23,S001,P0007,141,888.91113
2023-11-24,S001,P0007,140,866.89215
2023-11-25,S001,P0007,106,847.55414
2023-11-26,S001,P0007,86,785.82025
2023-11-27,S001,P0007,80,774.0641
2023-11-28,S001,P0007,120,806.5908
2023-11-29,S001,P0007,113,783.1855
2023-11-30,S001,P0007,89,738.8378
2023-12-01,S001,P0007,141,753.9757
2023-12-02,S001,P0007,213,867.1634
2023-12-03,S001,P0007,129,903.279
2023-12-04,S001,P0007,104,897.3891
2023-12-05,S001,P0007,66,833.2935
2023-12-06,S001,P0007,138,872.4681
2023-12-07,S001,P0007,127,908.9025
2023-12-08,S001,P0007,141,914.1206
2023-12-09,S001,P0007,113,802.47
2023-12-10,S001,P0007,82,771.06836
2023-12-11,S001,P0007,79,752.703
2023-12-12,S001,P0007,55,736.9629
2023-12-13,S001,P0007,168,779.33606
2023-12-14,S001,P0007,68,746.1177
2023-12-15,S001,P0007,100,686.5886
2023-12-16,S001,P0007,193,776.728
2023-12-17,S001,P0007,174,855.83527
2023-12-18,S001,P0007,115,897.03613
2023-12-19,S001,P0007,250,1054.5261
2023-12-20,S001,P0007,65,973.6312
2023-12-21,S001,P0007,163,1034.4606
2023-12-22,S001,P0007,135,1042.6298
2023-12-23,S001,P0007,92,974.6985
2023-12-24,S001,P0007,220,1055.5034
2023-12-25,S001,P0007,102,1030.3933
2023-12-26,S001,P0007,126,887.69257
2023-12-27,S001,P0007,15,775.6928
2023-12-28,S001,P0007,90,723.93414
2023-12-29,S001,P0007,91,687.9224
2023-12-30,S001,P0007,69,673.37445
2023-12-31,S001,P0007,81,579.2249
2024-01-01,S001,P0007,98,546.5757
2024-01-02,S001,P0007,83,542.6472
2024-01-03,S001,P0007,61,575.5256
2024-01-04,S001,P0007,105,586.86383
2024-01-05,S001,P0007,79,597.99786
2024-01-06,S001,P0007,55,480.20786
2024-01-07,S001,P0007,46,441.98672
2024-01-08,S001,P0007,90,495.09827
2024-01-09,S001,P0007,75,520.50415
2024-01-10,S001,P0007,131,602.7673
2024-01-11,S001,P0007,81,567.379
2024-01-12,S001,P0007,181,638.19055
2024-01-13,S001,P0007,60,639.7075
2024-01-14,S001,P0007,185,650.7252
2024-01-15,S001,P0007,78,730.4546
2024-01-16,S001,P0007,184,881.75964
2024-01-17,S001,P0007,122,899.26337
2024-01-18,S001,P0007,62,862.6549
2024-01-19,S001,P0007,21,666.40393
2024-01-20,S001,P0007,29,616.46936
2024-01-21,S001,P0007,93,483.62717
2024-01-22,S001,P0007,106,532.41376
2024-01-23,S001,P0007,11,508.04245
2024-01-24,S001,P0007,86,403.95352
2024-01-25,S001,P0007,105,533.34955
2024-01-26,S001,P0007,99,574.4077
2024-01-27,S001,P0007,157,661.436
2024-01-28,S001,P0007,92,500.6171
2024-01-29,S001,P0007,173,654.4968
2024-01-30,S001,P0007,80,767.5985
2023-10-13,S001,P0008,24,401.2434
2023-10-14,S001,P0008,39,343.39557
2023-10-15,S001,P0008,65,375.8976
2023-10-16,S001,P0008,42,402.21683
2023-10-17,S001,P0008,47,366.84793
2023-10-18,S001,P0008,73,386.97498
2023-10-19,S001,P0008,101,415.55396
2023-10-20,S001,P0008,61,434.3821
2023-10-21,S001,P0008,116,494.61804
2023-10-22,S001,P0008,67,510.49728
2023-10-23,S001,P0008,57,514.494
2023-10-24,S001,P0008,43,502.81638
2023-10-25,S001,P0008,69,522.5797
2023-10-26,S001,P0008,128,573.1509
2023-10-27,S001,P0008,47,548.4422
2023-10-28,S001,P0008,55,497.68732
2023-10-29,S001,P0008,137,540.0395
2023-10-30,S001,P0008,105,625.71765
2023-10-31,S001,P0008,42,589.4634
2023-11-01,S001,P0008,70,590.60254
2023-11-02,S001,P0008,128,624.62366
2023-11-03,S001,P0008,142,693.91675
2023-11-04,S001,P0008,81,711.5543
2023-11-05,S001,P0008,86,645.88635
2023-11-06,S001,P0008,113,667.01886
2023-11-07,S001,P0008,63,673.11194
2023-11-08,S001,P0008,133,743.87616
2023-11-09,S001,P0008,114,727.6679
2023-11-10,S001,P0008,74,663.63275
2023-11-11,S001,P0008,127,722.72723
2023-11-12,S001,P0008,129,745.4527
2023-11-13,S001,P0008,139,783.63794
2023-11-14,S001,P0008,95,802.63745
2023-11-15,S001,P0008,96,770.1133
2023-11-16,S001,P0008,114,770.66
2023-11-17,S001,P0008,81,759.44965
2023-11-18,S001,P0008,40,705.20435
2023-11-19,S001,P0008,90,644.2998
2023-11-20,S001,P0008,65,606.98596
2023-11-21,S001,P0008,57,557.5339
2023-11-22,S001,P0008,81,546.72797
2023-11-23,S001,P0008,89,542.1141
2023-11-24,S001,P0008,163,624.34174
2023-11-25,S001,P0008,52,614.4567
2023-11-26,S001,P0008,63,587.17975
2023-11-27,S001,P0008,127,644.5894
2023-11-28,S001,P0008,149,743.9757
2023-11-29,S001,P0008,97,740.7463
2023-11-30,S001,P0008,113,751.4794
2023-12-01,S001,P0008,43,655.2128
2023-12-02,S001,P0008,89,683.22723
2023-12-03,S001,P0008,111,718.9141
2023-12-04,S001,P0008,37,649.8372
2023-12-05,S001,P0008,121,621.1278
2023-12-06,S001,P0008,61,595.66534
2023-12-07,S001,P0008,108,609.16064
2023-12-08,S001,P0008,103,656.11163
2023-12-09,S001,P0008,120,704.80035
2023-12-10,S001,P0008,74,636.03
2023-12-11,S001,P0008,105,688.5066
2023-12-12,S001,P0008,165,734.85486
2023-12-13,S001,P0008,102,775.7182
2023-12-14,S001,P0008,86,746.01447
2023-12-15,S001,P0008,152,813.086
2023-12-16,S001,P0008,99,783.41125
2023-12-17,S001,P0008,106,804.40497
2023-12-18,S001,P0008,47,750.44946
2023-12-19,S001,P0008,89,666.446
2023-12-20,S001,P0008,141,730.1068
2023-12-21,S001,P0008,59,705.5969
2023-12-22,S001,P0008,111,678.7058
2023-12-23,S001,P0008,174,736.22906
2023-12-24,S001,P0008,190,838.5206
2023-12-25,S001,P0008,46,807.93555
2023-12-26,S001,P0008,142,823.16833
2023-12-27,S001,P0008,56,748.11554
2023-12-28,S001,P0008,34,700.7712
2023-12-29,S001,P0008,64,647.88855
2023-12-30,S001,P0008,26,498.56433
2023-12-31,S001,P0008,52,415.25128
2024-01-01,S001,P0008,27,306.81406
2024-01-02,S001,P0008,41,262.08728
2024-01-03,S001,P0008,69,325.78317
2024-01-04,S001,P0008,91,400.82785
2024-01-05,S001,P0008,69,424.98578
2024-01-06,S001,P0008,34,367.21545
2024-01-07,S001,P0008,56,335.0712
2024-01-08,S001,P0008,48,361.32062
2024-01-09,S001,P0008,134,579.4219
2024-01-10,S001,P0008,87,532.6354
2024-01-11,S001,P0008,165,599.6401
2024-01-12,S001,P0008,143,720.08136
2024-01-13,S001,P0008,80,568.608
2024-01-14,S001,P0008,100,626.5807
2024-01-15,S001,P0008,96,656.4184
2024-01-16,S001,P0008,122,795.2341
2024-01-17,S001,P0008,88,767.18555
2024-01-18,S001,P0008,181,794.4218
2024-01-19,S001,P0008,83,754.02496
2024-01-20,S001,P0008,126,669.533
2024-01-21,S001,P0008,141,677.465
2024-01-22,S001,P0008,97,774.7187
2024-01-23,S001,P0008,83,772.9757
2024-01-24,S001,P0008,106,816.24426
2024-01-25,S001,P0008,110,733.9198
2024-01-26,S001,P0008,112,754.336
2024-01-27,S001,P0008,102,720.40894
2024-01-28,S001,P0008,118,584.9495
2024-01-29,S001,P0008,109,667.2951
2024-01-30,S001,P0008,53,684.60175
2023-10-13,S001,P0009,92,754.7504
2023-10-14,S001,P0009,124,742.42664
2023-10-15,S001,P0009,127,713.0066
2023-10-16,S001,P0009,91,707.9889
2023-10-17,S001,P0009,163,796.17694
2023-10-18,S001,P0009,108,810.9263
2023-10-19,S001,P0009,61,746.9006
2023-10-20,S001,P0009,129,789.1714
2023-10-21,S001,P0009,166,829.5006
2023-10-22,S001,P0009,88,809.17554
2023-10-23,S001,P0009,176,848.07556
2023-10-24,S001,P0009,121,866.4664
2023-10-25,S001,P0009,118,846.0426
2023-10-26,S001,P0009,168,952.7506
2023-10-27,S001,P0009,146,972.34467
2023-10-28,S001,P0009,255,1054.7389
2023-10-29,S001,P0009,126,1086.3407
2023-10-30,S001,P0009,120,1027.6921
2023-10-31,S001,P0009,124,1011.20496
2023-11-01,S001,P0009,74,970.5325
2023-11-02,S001,P0009,183,978.93304
2023-11-03,S001,P0009,126,987.6939
2023-11-04,S001,P0009,94,861.06635
2023-11-05,S001,P0009,69,787.10834
2023-11-06,S001,P0009,165,825.6146
2023-11-07,S001,P0009,104,824.2847
2023-11-08,S001,P0009,126,868.2075
2023-11-09,S001,P0009,95,781.5923
2023-11-10,S001,P0009,87,747.56995
2023-11-11,S001,P0009,154,772.79987
2023-11-12,S001,P0009,150,887.3768
2023-11-13,S001,P0009,139,853.74396
2023-11-14,S001,P0009,204,944.64966
2023-11-15,S001,P0009,48,880.70593
2023-11-16,S001,P0009,55,819.25055
2023-11-17,S001,P0009,82,799.9496
2023-11-18,S001,P0009,137,802.30237
2023-11-19,S001,P0009,45,708.77234
2023-11-20,S001,P0009,110,700.9965
2023-11-21,S001,P0009,87,609.1189
2023-11-22,S001,P0009,142,681.0869
2023-11-23,S001,P0009,125,746.74493
2023-11-24,S001,P0009,130,797.7814
2023-11-25,S001,P0009,180,819.5978
2023-11-26,S001,P0009,117,891.4397
2023-11-27,S001,P0009,212,963.51483
2023-11-28,S001,P0009,180,1045.123
2023-11-29,S001,P0009,46,975.82837
2023-11-30,S001,P0009,154,959.88214
2023-12-01,S001,P0009,152,1016.42334
2023-12-02,S001,P0009,204,1047.6901
2023-12-03,S001,P0009,162,1089.6248
2023-12-04,S001,P0009,188,1053.839
2023-12-05,S001,P0009,181,1067.1516
2023-12-06,S001,P0009,37,1041.6587
2023-12-07,S001,P0009,188,1085.0544
2023-12-08,S001,P0009,330,1186.8986
2023-12-09,S001,P0009,125,1180.1184
2023-12-10,S001,P0009,220,1156.6782
2023-12-11,S001,P0009,84,1152.3379
2023-12-12,S001,P0009,285,1144.2068
2023-12-13,S001,P0009,281,1444.0308
2023-12-14,S001,P0009,102,1309.5521
2023-12-15,S001,P0009,214,1247.1454
2023-12-16,S001,P0009,177,1292.7167
2023-12-17,S001,P0009,92,1177.9121
2023-12-18,S001,P0009,136,1241.5815
2023-12-19,S001,P0009,214,1102.4364
2023-12-20,S001,P0009,174,1112.3208
2023-12-21,S001,P0009,134,1148.1145
2023-12-22,S001,P0009,143,1017.85876
2023-12-23,S001,P0009,98,939.22754
2023-12-24,S001,P0009,113,959.3987
2023-12-25,S001,P0009,85,913.88
2023-12-26,S001,P0009,189,912.4158
2023-12-27,S001,P0009,99,849.4145
2023-12-28,S001,P0009,85,764.683
2023-12-29,S001,P0009,137,806.1388
2023-12-30,S001,P0009,89,780.2588
2023-12-31,S001,P0009,146,820.74036
2024-01-01,S001,P0009,76,758.11896
2024-01-02,S001,P0009,213,830.08044
2024-01-03,S001,P0009,93,838.9312
2024-01-04,S001,P0009,146,870.7157
2024-01-05,S001,P0009,50,793.6375
2024-01-06,S001,P0009,132,775.53174
2024-01-07,S001,P0009,153,780.84814
2024-01-08,S001,P0009,139,901.73035
2024-01-09,S001,P0009,140,778.52936
2024-01-10,S001,P0009,103,837.7715
2024-01-11,S001,P0009,201,932.34247
2024-01-12,S001,P0009,112,935.5392
2024-01-13,S001,P0009,145,861.60126
2024-01-14,S001,P0009,99,832.4859
2024-01-15,S001,P0009,97,809.1321
2024-01-16,S001,P0009,248,949.876
2024-01-17,S001,P0009,184,1083.9844
2024-01-18,S001,P0009,141,958.33575
2024-01-19,S001,P0009,100,993.8236
2024-01-20,S001,P0009,174,943.84894
2024-01-21,S001,P0009,169,1057.104
2024-01-22,S001,P0009,183,1148.1332
2024-01-23,S001,P0009,95,993.1432
2024-01-24,S001,P0009,153,992.04895
2024-01-25,S001,P0009,210,1061.9309
2024-01-26,S001,P0009,119,1019.419
2024-01-27,S001,P0009,198,1045.2743
2024-01-28,S001,P0009,164,1032.8398
2024-01-29,S001,P0009,133,1040.9684
2024-01-30,S001,P0009,84,993.89386
2023-10-13,S001,P0010,32,271.82553
2023-10-14,S001,P0010,59,280.10898
2023-10-15,S001,P0010,27,292.5913
2023-10-16,S001,P0010,12,257.44574
2023-10-17,S001,P0010,16,254.75026
2023-10-18,S001,P0010,37,249.6581
2023-10-19,S001,P0010,42,242.46576
2023-10-20,S001,P0010,35,236.61732
2023-10-21,S001,P0010,60,243.43011
2023-10-22,S001,P0010,27,246.06386
2023-10-23,S001,P0010,29,242.05566
2023-10-24,S001,P0010,31,249.72029
2023-10-25,S001,P0010,62,334.64413
2023-10-26,S001,P0010,64,363.93073
2023-10-27,S001,P0010,96,408.1988
2023-10-28,S001,P0010,95,450.61652
2023-10-29,S001,P0010,72,495.31122
2023-10-30,S001,P0010,90,546.8426
2023-10-31,S001,P0010,62,537.1972
2023-11-01,S001,P0010,82,555.03766
2023-11-02,S001,P0010,107,604.54266
2023-11-03,S001,P0010,82,591.24884
2023-11-04,S001,P0010,91,575.2933
2023-11-05,S001,P0010,67,560.96625
2023-11-06,S001,P0010,79,566.8789
2023-11-07,S001,P0010,90,595.1652
2023-11-08,S001,P0010,143,681.8366
2023-11-09,S001,P0010,98,655.9561
2023-11-10,S001,P0010,52,602.4027
2023-11-11,S001,P0010,100,606.1402
2023-11-12,S001,P0010,92,644.1103
2023-11-13,S001,P0010,49,621.6858
2023-11-14,S001,P0010,75,597.6973
2023-11-15,S001,P0010,114,591.4035
2023-11-16,S001,P0010,71,561.11383
2023-11-17,S001,P0010,64,568.128
2023-11-18,S001,P0010,48,519.15533
2023-11-19,S001,P0010,118,544.6305
2023-11-20,S001,P0010,79,579.3176
2023-11-21,S001,P0010,82,568.3023
2023-11-22,S001,P0010,114,578.1134
2023-11-23,S001,P0010,108,615.0644
2023-11-24,S001,P0010,89,640.9898
2023-11-25,S001,P0010,42,609.36224
2023-11-26,S001,P0010,85,583.72656
2023-11-27,S001,P0010,112,611.715
2023-11-28,S001,P0010,99,647.56995
2023-11-29,S001,P0010,113,654.4028
2023-11-30,S001,P0010,65,601.82556
2023-12-01,S001,P0010,88,605.1541
2023-12-02,S001,P0010,119,646.5768
2023-12-03,S001,P0010,111,705.8704
2023-12-04,S001,P0010,116,704.66846
2023-12-05,S001,P0010,95,711.80615
2023-12-06,S001,P0010,126,706.4189
2023-12-07,S001,P0010,47,696.9643
2023-12-08,S001,P0010,105,699.5351
2023-12-09,S001,P0010,61,652.52094
2023-12-10,S001,P0010,107,648.84155
2023-12-11,S001,P0010,103,645.9095
2023-12-12,S001,P0010,94,648.0715
2023-12-13,S001,P0010,92,634.3096
2023-12-14,S001,P0010,79,639.30084
2023-12-15,S001,P0010,111,661.91785
2023-12-16,S001,P0010,42,621.98505
2023-12-17,S001,P0010,105,622.651
2023-12-18,S001,P0010,68,595.662
2023-12-19,S001,P0010,85,587.3822
2023-12-20,S001,P0010,110,608.7906
2023-12-21,S001,P0010,104,630.0174
2023-12-22,S001,P0010,84,603.30743
2023-12-23,S001,P0010,60,604.41016
2023-12-24,S001,P0010,81,588.6811
2023-12-25,S001,P0010,82,607.1784
2023-12-26,S001,P0010,73,594.116
2023-12-27,S001,P0010,45,521.6086
2023-12-28,S001,P0010,29,448.60086
2023-12-29,S001,P0010,20,359.28223
2023-12-30,S001,P0010,23,330.0847
2023-12-31,S001,P0010,58,312.49847
2024-01-01,S001,P0010,64,336.94238
2024-01-02,S001,P0010,34,306.78064
2024-01-03,S001,P0010,31,275.96875
2024-01-04,S001,P0010,37,271.48752
2024-01-05,S001,P0010,57,314.96442
2024-01-06,S001,P0010,24,296.7623
2024-01-07,S001,P0010,43,297.67737
2024-01-08,S001,P0010,24,246.15714
2024-01-09,S001,P0010,63,303.46844
2024-01-10,S001,P0010,59,339.7696
2024-01-11,S001,P0010,43,350.65677
2024-01-12,S001,P0010,76,359.48825
2024-01-13,S001,P0010,96,343.43765
2024-01-14,S001,P0010,46,373.7134
2024-01-15,S001,P0010,77,411.79532
2024-01-16,S001,P0010,66,468.15634
2024-01-17,S001,P0010,94,505.6266
2024-01-18,S001,P0010,71,519.4808
2024-01-19,S001,P0010,31,457.10303
2024-01-20,S001,P0010,92,367.9149
2024-01-21,S001,P0010,69,466.01434
2024-01-22,S001,P0010,89,438.3766
2024-01-23,S001,P0010,74,505.62274
2024-01-24,S001,P0010,149,569.74097
2024-01-25,S001,P0010,79,583.8805
2024-01-26,S001,P0010,91,574.3733
2024-01-27,S001,P0010,68,541.9457
2024-01-28,S001,P0010,82,525.5388
2024-01-29,S001,P0010,68,527.12164
2024-01-30,S001,P0010,69,592.34357
2023-10-13,S001,P0011,24,217.86617
2023-10-14,S001,P0011,18,220.58452
2023-10-15,S001,P0011,38,234.59735
2023-10-16,S001,P0011,34,246.65292
2023-10-17,S001,P0011,79,260.97266
2023-10-18,S001,P0011,17,253.9836
2023-10-19,S001,P0011,20,224.58038
2023-10-20,S001,P0011,32,233.40956
2023-10-21,S001,P0011,42,252.75807
2023-10-22,S001,P0011,67,293.32968
2023-10-23,S001,P0011,42,297.59845
2023-10-24,S001,P0011,22,236.11607
2023-10-25,S001,P0011,105,363.60007
2023-10-26,S001,P0011,110,450.31842
2023-10-27,S001,P0011,110,541.17114
2023-10-28,S001,P0011,117,589.09125
2023-10-29,S001,P0011,77,594.7277
2023-10-30,S001,P0011,86,613.15265
2023-10-31,S001,P0011,53,636.95886
2023-11-01,S001,P0011,39,553.3228
2023-11-02,S001,P0011,71,538.40234
2023-11-03,S001,P0011,64,511.2485
2023-11-04,S001,P0011,29,424.0764
2023-11-05,S001,P0011,71,431.1799
2023-11-06,S001,P0011,78,458.9247
2023-11-07,S001,P0011,78,464.80994
2023-11-08,S001,P0011,82,502.30035
2023-11-09,S001,P0011,77,517.391
2023-11-10,S001,P0011,36,453.30597
2023-11-11,S001,P0011,108,537.70197
2023-11-12,S001,P0011,74,547.2419
2023-11-13,S001,P0011,96,546.70087
2023-11-14,S001,P0011,43,510.81702
2023-11-15,S001,P0011,69,502.4079
2023-11-16,S001,P0011,85,515.0976
2023-11-17,S001,P0011,119,589.2716
2023-11-18,S001,P0011,116,601.5425
2023-11-19,S001,P0011,83,618.8092
2023-11-20,S001,P0011,46,552.62427
2023-11-21,S001,P0011,88,596.9081
2023-11-22,S001,P0011,41,570.8124
2023-11-23,S001,P0011,43,519.74817
2023-11-24,S001,P0011,114,532.1812
2023-11-25,S001,P0011,65,508.1996
2023-11-26,S001,P0011,75,486.68484
2023-11-27,S001,P0011,103,532.2247
2023-11-28,S001,P0011,71,537.89185
2023-11-29,S001,P0011,105,568.30164
2023-11-30,S001,P0011,101,636.0928
2023-12-01,S001,P0011,151,667.3635
2023-12-02,S001,P0011,78,688.3402
2023-12-03,S001,P0011,75,653.5598
2023-12-04,S001,P0011,124,684.48157
2023-12-05,S001,P0011,61,678.6682
2023-12-06,S001,P0011,136,709.6732
2023-12-07,S001,P0011,120,746.7732
2023-12-08,S001,P0011,51,637.4786
2023-12-09,S001,P0011,82,637.46454
2023-12-10,S001,P0011,79,649.9383
2023-12-11,S001,P0011,92,625.9795
2023-12-12,S001,P0011,85,635.72437
2023-12-13,S001,P0011,75,579.9485
2023-12-14,S001,P0011,44,502.22018
2023-12-15,S001,P0011,42,486.52948
2023-12-16,S001,P0011,66,487.93567
2023-12-17,S001,P0011,93,505.18735
2023-12-18,S001,P0011,85,510.5968
2023-12-19,S001,P0011,92,526.37445
2023-12-20,S001,P0011,71,524.76917
2023-12-21,S001,P0011,74,522.94214
2023-12-22,S001,P0011,116,591.6432
2023-12-23,S001,P0011,58,583.86676
2023-12-24,S001,P0011,75,562.7469
2023-12-25,S001,P0011,59,534.433
2023-12-26,S001,P0011,71,519.60785
2023-12-27,S001,P0011,19,453.7766
2023-12-28,S001,P0011,66,452.6671
2023-12-29,S001,P0011,59,415.70883
2023-12-30,S001,P0011,28,375.07455
2023-12-31,S001,P0011,25,301.24948
2024-01-01,S001,P0011,31,284.33148
2024-01-02,S001,P0011,39,258.30823
2024-01-03,S001,P0011,23,270.98892
2024-01-04,S001,P0011,46,269.65997
2024-01-05,S001,P0011,63,279.20758
2024-01-06,S001,P0011,35,309.00885
2024-01-07,S001,P0011,18,239.86646
2024-01-08,S001,P0011,72,244.16801
2024-01-09,S001,P0011,84,382.72165
2024-01-10,S001,P0011,43,375.5521
2024-01-11,S001,P0011,128,510.25433
2024-01-12,S001,P0011,58,474.6846
2024-01-13,S001,P0011,183,565.14856
2024-01-14,S001,P0011,81,519.67456
2024-01-15,S001,P0011,76,616.11694
2024-01-16,S001,P0011,50,581.5432
2024-01-17,S001,P0011,94,639.08453
2024-01-18,S001,P0011,86,631.98254
2024-01-19,S001,P0011,69,623.0508
2024-01-20,S001,P0011,114,493.0873
2024-01-21,S001,P0011,68,401.4673
2024-01-22,S001,P0011,100,492.69934
2024-01-23,S001,P0011,145,664.07855
2024-01-24,S001,P0011,40,545.8391
2024-01-25,S001,P0011,92,627.82104
2024-01-26,S001,P0011,106,649.49664
2024-01-27,S001,P0011,79,476.5115
2024-01-28,S001,P0011,95,507.84488
2024-01-29,S001,P0011,65,545.1577
2024-01-30,S001,P0011,44,509.50534
2023-10-13,S001,P0012,78,536.7238
2023-10-14,S001,P0012,98,529.47015
2023-10-15,S001,P0012,46,531.5917
2023-10-16,S001,P0012,94,552.06946
2023-10-17,S001,P0012,76,547.9296
2023-10-18,S001,P0012,80,574.57745
2023-10-19,S001,P0012,79,549.7397
2023-10-20,S001,P0012,77,545.85516
2023-10-21,S001,P0012,141,600.49457
2023-10-22,S001,P0012,77,631.59875
2023-10-23,S001,P0012,61,584.3907
2023-10-24,S001,P0012,83,589.7835
2023-10-25,S001,P0012,124,643.9501
2023-10-26,S001,P0012,120,701.2339
2023-10-27,S001,P0012,96,696.7552
2023-10-28,S001,P0012,106,682.9467
2023-10-29,S001,P0012,195,788.57275
2023-10-30,S001,P0012,144,860.77124
2023-10-31,S001,P0012,71,830.388
2023-11-01,S001,P0012,164,874.5779
2023-11-02,S001,P0012,115,889.9121
2023-11-03,S001,P0012,103,873.981
2023-11-04,S001,P0012,156,918.3778
2023-11-05,S001,P0012,107,852.7543
2023-11-06,S001,P0012,123,825.0555
2023-11-07,S001,P0012,133,895.1732
2023-11-08,S001,P0012,133,859.02704
2023-11-09,S001,P0012,148,917.88617
2023-11-10,S001,P0012,172,977.688
2023-11-11,S001,P0012,100,908.8582
2023-11-12,S001,P0012,130,939.77057
2023-11-13,S001,P0012,85,882.9576
2023-11-14,S001,P0012,76,829.7872
2023-11-15,S001,P0012,129,830.7214
2023-11-16,S001,P0012,173,876.2943
2023-11-17,S001,P0012,148,868.8826
2023-11-18,S001,P0012,155,916.6744
2023-11-19,S001,P0012,193,983.74963
2023-11-20,S001,P0012,127,978.45605
2023-11-21,S001,P0012,97,990.4946
2023-11-22,S001,P0012,59,914.485
2023-11-23,S001,P0012,142,912.2019
2023-11-24,S001,P0012,159,939.3056
2023-11-25,S001,P0012,169,915.4143
2023-11-26,S001,P0012,145,908.7519
2023-11-27,S001,P0012,92,850.3769
2023-11-28,S001,P0012,117,869.44635
2023-11-29,S001,P0012,137,927.36316
2023-11-30,S001,P0012,117,928.5363
2023-12-01,S001,P0012,67,849.47
2023-12-02,S001,P0012,137,831.63275
2023-12-03,S001,P0012,162,843.6384
2023-12-04,S001,P0012,146,890.47473
2023-12-05,S001,P0012,34,810.63513
2023-12-06,S001,P0012,118,777.25085
2023-12-07,S001,P0012,176,834.87103
2023-12-08,S001,P0012,153,943.45374
2023-12-09,S001,P0012,159,953.8211
2023-12-10,S001,P0012,169,974.67395
2023-12-11,S001,P0012,116,933.88904
2023-12-12,S001,P0012,89,926.9693
2023-12-13,S001,P0012,107,947.4413
2023-12-14,S001,P0012,94,863.78595
2023-12-15,S001,P0012,124,855.0153
2023-12-16,S001,P0012,112,822.37866
2023-12-17,S001,P0012,170,828.9483
2023-12-18,S001,P0012,170,884.6014
2023-12-19,S001,P0012,239,1021.24164
2023-12-20,S001,P0012,98,996.759
2023-12-21,S001,P0012,49,921.12164
2023-12-22,S001,P0012,141,975.76917
2023-12-23,S001,P0012,83,929.96844
2023-12-24,S001,P0012,140,902.484
2023-12-25,S001,P0012,112,855.342
2023-12-26,S001,P0012,109,757.4065
2023-12-27,S001,P0012,50,686.8246
2023-12-28,S001,P0012,111,730.4817
2023-12-29,S001,P0012,86,697.9079
2023-12-30,S001,P0012,28,633.0612
2023-12-31,S001,P0012,43,520.4272
2024-01-01,S001,P0012,15,396.22705
2024-01-02,S001,P0012,50,310.68298
2024-01-03,S001,P0012,113,440.11975
2024-01-04,S001,P0012,40,406.15738
2024-01-05,S001,P0012,63,326.22565
2024-01-06,S001,P0012,122,458.97415
2024-01-07,S001,P0012,108,473.76413
2024-01-08,S001,P0012,43,456.3042
2024-01-09,S001,P0012,185,652.24634
2024-01-10,S001,P0012,58,642.6289
2024-01-11,S001,P0012,133,706.9046
2024-01-12,S001,P0012,169,838.4126
2024-01-13,S001,P0012,117,824.7524
2024-01-14,S001,P0012,117,691.81586
2024-01-15,S001,P0012,54,725.7836
2024-01-16,S001,P0012,87,701.31995
2024-01-17,S001,P0012,127,769.78705
2024-01-18,S001,P0012,75,747.9653
2024-01-19,S001,P0012,100,658.5493
2024-01-20,S001,P0012,139,506.08707
2024-01-21,S001,P0012,154,561.953
2024-01-22,S001,P0012,69,701.5161
2024-01-23,S001,P0012,121,762.561
2024-01-24,S001,P0012,126,778.1264
2024-01-25,S001,P0012,112,837.56885
2024-01-26,S001,P0012,125,819.2997
2024-01-27,S001,P0012,159,707.70135
2024-01-28,S001,P0012,65,593.78143
2024-01-29,S001,P0012,174,728.2307
2024-01-30,S001,P0012,86,858.8539
2023-10-13,S001,P0013,23,217.56866
2023-10-14,S001,P0013,12,194.58134
2023-10-15,S001,P0013,33,206.59464
2023-10-16,S001,P0013,48,210.44577
2023-10-17,S001,P0013,35,225.60568
2023-10-18,S001,P0013,51,234.44902
2023-10-19,S001,P0013,70,275.29858
2023-10-20,S001,P0013,18,264.756
2023-10-21,S001,P0013,44,283.58887
2023-10-22,S001,P0013,69,315.09988
2023-10-23,S001,P0013,15,287.9596
2023-10-24,S001,P0013,10,253.16997
2023-10-25,S001,P0013,102,413.1739
2023-10-26,S001,P0013,118,488.7246
2023-10-27,S001,P0013,91,526.82465
2023-10-28,S001,P0013,56,518.85614
2023-10-29,S001,P0013,25,443.72736
2023-10-30,S001,P0013,131,603.49457
2023-10-31,S001,P0013,92,662.67664
2023-11-01,S001,P0013,121,653.28766
2023-11-02,S001,P0013,93,618.8378
2023-11-03,S001,P0013,104,655.40106
2023-11-04,S001,P0013,110,698.1531
2023-11-05,S001,P0013,103,736.0234
2023-11-06,S001,P0013,76,689.1464
2023-11-07,S001,P0013,85,690.50586
2023-11-08,S001,P0013,153,715.6603
2023-11-09,S001,P0013,60,690.035
2023-11-10,S001,P0013,69,646.63574
2023-11-11,S001,P0013,86,630.4409
2023-11-12,S001,P0013,49,586.81055
2023-11-13,S001,P0013,61,560.8463
2023-11-14,S001,P0013,114,610.46246
2023-11-15,S001,P0013,79,545.81366
2023-11-16,S001,P0013,115,597.60095
2023-11-17,S001,P0013,46,572.1276
2023-11-18,S001,P0013,59,542.07806
2023-11-19,S001,P0013,39,541.19745
2023-11-20,S001,P0013,91,555.93335
2023-11-21,S001,P0013,61,513.7514
2023-11-22,S001,P0013,101,542.8078
2023-11-23,S001,P0013,102,558.4402
2023-11-24,S001,P0013,53,531.8299
2023-11-25,S001,P0013,33,491.25668
2023-11-26,S001,P0013,68,524.8133
2023-11-27,S001,P0013,133,574.72034
2023-11-28,S001,P0013,126,642.7486
2023-11-29,S001,P0013,94,637.46643
2023-11-30,S001,P0013,73,584.44446
2023-12-01,S001,P0013,65,589.24695
2023-12-02,S001,P0013,161,699.453
2023-12-03,S001,P0013,115,768.7069
2023-12-04,S001,P0013,134,761.95905
2023-12-05,S001,P0013,45,690.9175
2023-12-06,S001,P0013,136,727.83167
2023-12-07,S001,P0013,83,737.2888
2023-12-08,S001,P0013,103,767.68915
2023-12-09,S001,P0013,45,663.2723
2023-12-10,S001,P0013,101,654.5257
2023-12-11,S001,P0013,100,614.8773
2023-12-12,S001,P0013,65,636.5455
2023-12-13,S001,P0013,77,581.5774
2023-12-14,S001,P0013,100,628.05524
2023-12-15,S001,P0013,122,647.5111
2023-12-16,S001,P0013,65,643.70844
2023-12-17,S001,P0013,146,682.5144
2023-12-18,S001,P0013,83,666.4712
2023-12-19,S001,P0013,143,732.6112
2023-12-20,S001,P0013,128,774.7582
2023-12-21,S001,P0013,108,793.8421
2023-12-22,S001,P0013,123,778.9547
2023-12-23,S001,P0013,54,780.3064
2023-12-24,S001,P0013,161,793.01416
2023-12-25,S001,P0013,115,835.9972
2023-12-26,S001,P0013,75,765.9519
2023-12-27,S001,P0013,44,660.87415
2023-12-28,S001,P0013,30,568.7998
2023-12-29,S001,P0013,28,466.6506
2023-12-30,S001,P0013,13,395.1468
2023-12-31,S001,P0013,42,287.56915
2024-01-01,S001,P0013,21,235.02132
2024-01-02,S001,P0013,16,208.46204
2024-01-03,S001,P0013,47,216.64113
2024-01-04,S001,P0013,23,191.56866
2024-01-05,S001,P0013,16,197.26366
2024-01-06,S001,P0013,34,161.53236
2024-01-07,S001,P0013,28,197.95929
2024-01-08,S001,P0013,25,169.3186
2024-01-09,S001,P0013,129,400.90857
2024-01-10,S001,P0013,163,517.66705
2024-01-11,S001,P0013,74,566.79126
2024-01-12,S001,P0013,36,529.73376
2024-01-13,S001,P0013,138,456.36588
2024-01-14,S001,P0013,63,510.5421
2024-01-15,S001,P0013,77,587.02966
2024-01-16,S001,P0013,152,744.7133
2024-01-17,S001,P0013,135,736.9504
2024-01-18,S001,P0013,61,691.0304
2024-01-19,S001,P0013,105,706.00397
2024-01-20,S001,P0013,120,556.7217
2024-01-21,S001,P0013,132,663.3315
2024-01-22,S001,P0013,91,702.1521
2024-01-23,S001,P0013,99,730.4297
2024-01-24,S001,P0013,84,656.5169
2024-01-25,S001,P0013,174,803.2016
2024-01-26,S001,P0013,104,784.9078
2024-01-27,S001,P0013,69,693.5111
2024-01-28,S001,P0013,57,552.51166
2024-01-29,S001,P0013,109,579.0541
2024-01-30,S001,P0013,116,681.1718
2023-10-13,S001,P0014,71,662.2531
2023-10-14,S001,P0014,69,656.4887
2023-10-15,S001,P0014,103,688.3829
2023-10-16,S001,P0014,56,564.93774
2023-10-17,S001,P0014,86,598.259
2023-10-18,S001,P0014,116,591.27734
2023-10-19,S001,P0014,139,642.70807
2023-10-20,S001,P0014,93,665.6085
2023-10-21,S001,P0014,101,674.26685
2023-10-22,S001,P0014,70,652.45624
2023-10-23,S001,P0014,80,651.943
2023-10-24,S001,P0014,27,616.1282
2023-10-25,S001,P0014,91,604.94934
2023-10-26,S001,P0014,144,642.4137
2023-10-27,S001,P0014,21,562.51385
2023-10-28,S001,P0014,165,619.61
2023-10-29,S001,P0014,113,696.9311
2023-10-30,S001,P0014,113,703.6681
2023-10-31,S001,P0014,116,788.941
2023-11-01,S001,P0014,138,811.84656
2023-11-02,S001,P0014,194,850.8775
2023-11-03,S001,P0014,83,905.3396
2023-11-04,S001,P0014,84,819.2902
2023-11-05,S001,P0014,84,797.98816
2023-11-06,S001,P0014,102,803.0096
2023-11-07,S001,P0014,98,775.10077
2023-11-08,S001,P0014,101,737.5713
2023-11-09,S001,P0014,71,645.6212
2023-11-10,S001,P0014,132,684.2915
2023-11-11,S001,P0014,173,786.76825
2023-11-12,S001,P0014,112,812.2774
2023-11-13,S001,P0014,140,829.72736
2023-11-14,S001,P0014,153,877.892
2023-11-15,S001,P0014,145,927.3382
2023-11-16,S001,P0014,86,912.669
2023-11-17,S001,P0014,75,870.5095
2023-11-18,S001,P0014,135,832.94214
2023-11-19,S001,P0014,112,841.4945
2023-11-20,S001,P0014,111,808.5733
2023-11-21,S001,P0014,94,756.7451
2023-11-22,S001,P0014,74,707.8451
2023-11-23,S001,P0014,127,734.194
2023-11-24,S001,P0014,150,803.0396
2023-11-25,S001,P0014,176,806.4214
2023-11-26,S001,P0014,108,861.4945
2023-11-27,S001,P0014,169,912.32477
2023-11-28,S001,P0014,80,876.9081
2023-11-29,S001,P0014,65,865.4736
2023-11-30,S001,P0014,122,853.08307
2023-12-01,S001,P0014,105,829.23535
2023-12-02,S001,P0014,83,740.6065
2023-12-03,S001,P0014,113,759.67017
2023-12-04,S001,P0014,5,610.7451
2023-12-05,S001,P0014,85,600.7603
2023-12-06,S001,P0014,78,614.35297
2023-12-07,S001,P0014,59,556.34326
2023-12-08,S001,P0014,140,593.6426
2023-12-09,S001,P0014,123,653.35046
2023-12-10,S001,P0014,196,727.4937
2023-12-11,S001,P0014,91,772.8804
2023-12-12,S001,P0014,73,756.93695
2023-12-13,S001,P0014,139,807.0418
2023-12-14,S001,P0014,186,929.5085
2023-12-15,S001,P0014,100,899.748
2023-12-16,S001,P0014,140,921.039
2023-12-17,S001,P0014,104,828.5964
2023-12-18,S001,P0014,115,840.4322
2023-12-19,S001,P0014,148,909.4415
2023-12-20,S001,P0014,133,904.93054
2023-12-21,S001,P0014,175,932.7459
2023-12-22,S001,P0014,75,887.2823
2023-12-23,S001,P0014,133,875.2422
2023-12-24,S001,P0014,120,897.76776
2023-12-25,S001,P0014,77,837.4752
2023-12-26,S001,P0014,109,819.1022
2023-12-27,S001,P0014,45,702.6449
2023-12-28,S001,P0014,73,609.18695
2023-12-29,S001,P0014,127,676.83856
2023-12-30,S001,P0014,75,646.7427
2023-12-31,S001,P0014,78,611.2164
2024-01-01,S001,P0014,53,478.00214
2024-01-02,S001,P0014,104,537.2786
2024-01-03,S001,P0014,78,577.15985
2024-01-04,S001,P0014,39,528.9368
2024-01-05,S001,P0014,111,530.7943
2024-01-06,S001,P0014,65,469.39655
2024-01-07,S001,P0014,109,460.76846
2024-01-08,S001,P0014,98,523.7784
2024-01-09,S001,P0014,108,618.0274
2024-01-10,S001,P0014,134,653.8961
2024-01-11,S001,P0014,55,667.1436
2024-01-12,S001,P0014,171,709.3121
2024-01-13,S001,P0014,91,673.5803
2024-01-14,S001,P0014,119,623.9959
2024-01-15,S001,P0014,105,704.6739
2024-01-16,S001,P0014,76,751.60065
2024-01-17,S001,P0014,52,636.9477
2024-01-18,S001,P0014,169,757.61066
2024-01-19,S001,P0014,109,747.23975
2024-01-20,S001,P0014,186,781.98206
2024-01-21,S001,P0014,128,839.7515
2024-01-22,S001,P0014,193,878.46576
2024-01-23,S001,P0014,86,907.557
2024-01-24,S001,P0014,172,974.00415
2024-01-25,S001,P0014,67,931.24304
2024-01-26,S001,P0014,116,923.83716
2024-01-27,S001,P0014,178,902.3108
2024-01-28,S001,P0014,59,775.90686
2024-01-29,S001,P0014,77,660.0699
2024-01-30,S001,P0014,86,748.0565
2023-10-13,S001,P0015,39,283.5798
2023-10-14,S001,P0015,27,266.19806
2023-10-15,S001,P0015,39,299.16385
2023-10-16,S001,P0015,9,236.14568
2023-10-17,S001,P0015,67,246.08725
2023-10-18,S001,P0015,29,261.30212
2023-10-19,S001,P0015,29,240.24573
2023-10-20,S001,P0015,33,242.20119
2023-10-21,S001,P0015,4,202.38403
2023-10-22,S001,P0015,17,190.42032
2023-10-23,S001,P0015,26,210.59142
2023-10-24,S001,P0015,37,209.3311
2023-10-25,S001,P0015,38,296.9613
2023-10-26,S001,P0015,119,398.63202
2023-10-27,S001,P0015,66,401.77875
2023-10-28,S001,P0015,195,535.33167
2023-10-29,S001,P0015,102,645.88995
2023-10-30,S001,P0015,141,735.1481
2023-10-31,S001,P0015,38,754.27795
2023-11-01,S001,P0015,59,729.64685
2023-11-02,S001,P0015,72,667.63226
2023-11-03,S001,P0015,33,655.8964
2023-11-04,S001,P0015,112,581.54663
2023-11-05,S001,P0015,92,568.7545
2023-11-06,S001,P0015,89,552.1769
2023-11-07,S001,P0015,143,619.1103
2023-11-08,S001,P0015,159,732.95264
2023-11-09,S001,P0015,94,740.17267
2023-11-10,S001,P0015,77,746.4277
2023-11-11,S001,P0015,129,781.6001
2023-11-12,S001,P0015,104,780.252
2023-11-13,S001,P0015,66,740.3864
2023-11-14,S001,P0015,126,731.761
2023-11-15,S001,P0015,84,684.48956
2023-11-16,S001,P0015,107,672.2938
2023-11-17,S001,P0015,64,676.5829
2023-11-18,S001,P0015,93,643.25244
2023-11-19,S001,P0015,166,712.55414
2023-11-20,S001,P0015,71,734.4184
2023-11-21,S001,P0015,142,736.42163
2023-11-22,S001,P0015,59,706.3495
2023-11-23,S001,P0015,144,730.4453
2023-11-24,S001,P0015,127,817.03564
2023-11-25,S001,P0015,59,753.0005
2023-11-26,S001,P0015,166,767.8596
2023-11-27,S001,P0015,137,834.36554
2023-11-28,S001,P0015,70,739.2024
2023-11-29,S001,P0015,128,818.267
2023-11-30,S001,P0015,47,727.2049
2023-12-01,S001,P0015,82,685.20087
2023-12-02,S001,P0015,155,789.7688
2023-12-03,S001,P0015,96,735.16046
2023-12-04,S001,P0015,131,724.04083
2023-12-05,S001,P0015,52,703.8203
2023-12-06,S001,P0015,73,641.08435
2023-12-07,S001,P0015,54,628.4138
2023-12-08,S001,P0015,73,619.78015
2023-12-09,S001,P0015,65,558.6732
2023-12-10,S001,P0015,69,540.8721
2023-12-11,S001,P0015,86,523.08856
2023-12-12,S001,P0015,95,554.15686
2023-12-13,S001,P0015,31,491.43073
2023-12-14,S001,P0015,99,538.2642
2023-12-15,S001,P0015,49,520.7581
2023-12-16,S001,P0015,135,585.545
2023-12-17,S001,P0015,71,589.1143
2023-12-18,S001,P0015,114,614.2429
2023-12-19,S001,P0015,150,676.5652
2023-12-20,S001,P0015,35,690.6304
2023-12-21,S001,P0015,106,678.3719
2023-12-22,S001,P0015,132,766.17944
2023-12-23,S001,P0015,122,737.8899
2023-12-24,S001,P0015,91,748.9401
2023-12-25,S001,P0015,104,732.3748
2023-12-26,S001,P0015,104,682.03644
2023-12-27,S001,P0015,58,691.02496
2023-12-28,S001,P0015,32,611.07404
2023-12-29,S001,P0015,41,512.185
2023-12-30,S001,P0015,38,461.8129
2023-12-31,S001,P0015,63,429.6814
2024-01-01,S001,P0015,12,331.93106
2024-01-02,S001,P0015,18,243.17896
2024-01-03,S001,P0015,33,271.1898
2024-01-04,S001,P0015,10,232.42783
2024-01-05,S001,P0015,73,245.44829
2024-01-06,S001,P0015,46,211.89641
2024-01-07,S001,P0015,10,238.88828
2024-01-08,S001,P0015,16,184.37773
2024-01-09,S001,P0015,122,400.09848
2024-01-10,S001,P0015,89,465.5804
2024-01-11,S001,P0015,64,500.12338
2024-01-12,S001,P0015,138,541.2977
2024-01-13,S001,P0015,156,592.9467
2024-01-14,S001,P0015,108,590.3601
2024-01-15,S001,P0015,112,650.7222
2024-01-16,S001,P0015,97,756.3011
2024-01-17,S001,P0015,99,762.93854
2024-01-18,S001,P0015,74,761.13434
2024-01-19,S001,P0015,78,695.56885
2024-01-20,S001,P0015,181,739.9899
2024-01-21,S001,P0015,152,633.8756
2024-01-22,S001,P0015,83,678.04706
2024-01-23,S001,P0015,118,777.5885
2024-01-24,S001,P0015,90,749.695
2024-01-25,S001,P0015,170,836.8122
2024-01-26,S001,P0015,148,920.5476
2024-01-27,S001,P0015,144,821.91547
2024-01-28,S001,P0015,80,799.8468
2024-01-29,S001,P0015,86,671.00085
2024-01-30,S001,P0015,83,765.7838
2023-10-13,S001,P0016,78,598.0437
2023-10-14,S001,P0016,61,548.2331
2023-10-15,S001,P0016,95,591.59674
2023-10-16,S001,P0016,77,576.9586
2023-10-17,S001,P0016,31,530.98566
2023-10-18,S001,P0016,63,476.55594
2023-10-19,S001,P0016,110,546.5258
2023-10-20,S001,P0016,120,568.0304
2023-10-21,S001,P0016,94,605.1548
2023-10-22,S001,P0016,54,543.5334
2023-10-23,S001,P0016,84,561.64777
2023-10-24,S001,P0016,63,586.6002
2023-10-25,S001,P0016,155,681.0677
2023-10-26,S001,P0016,167,748.8502
2023-10-27,S001,P0016,146,800.21893
2023-10-28,S001,P0016,152,837.9373
2023-10-29,S001,P0016,72,817.6801
2023-10-30,S001,P0016,83,824.0426
2023-10-31,S001,P0016,105,865.032
2023-11-01,S001,P0016,144,858.30194
2023-11-02,S001,P0016,122,843.0918
2023-11-03,S001,P0016,137,821.92224
2023-11-04,S001,P0016,129,807.2017
2023-11-05,S001,P0016,172,909.4166
2023-11-06,S001,P0016,84,897.46515
2023-11-07,S001,P0016,123,893.8026
2023-11-08,S001,P0016,102,862.30743
2023-11-09,S001,P0016,91,829.82
2023-11-10,S001,P0016,69,750.1613
2023-11-11,S001,P0016,65,699.4657
2023-11-12,S001,P0016,133,692.9449
2023-11-13,S001,P0016,114,727.38965
2023-11-14,S001,P0016,93,693.61804
2023-11-15,S001,P0016,92,675.9973
2023-11-16,S001,P0016,52,615.3573
2023-11-17,S001,P0016,173,742.18756
2023-11-18,S001,P0016,101,774.72876
2023-11-19,S001,P0016,179,754.2518
2023-11-20,S001,P0016,88,781.4071
2023-11-21,S001,P0016,249,915.5249
2023-11-22,S001,P0016,83,945.5383
2023-11-23,S001,P0016,121,956.96106
2023-11-24,S001,P0016,104,907.5929
2023-11-25,S001,P0016,125,932.0599
2023-11-26,S001,P0016,97,858.8156
2023-11-27,S001,P0016,108,869.969
2023-11-28,S001,P0016,139,824.51794
2023-11-29,S001,P0016,117,837.6579
2023-11-30,S001,P0016,87,782.88947
2023-12-01,S001,P0016,145,824.03394
2023-12-02,S001,P0016,85,799.97864
2023-12-03,S001,P0016,205,902.8834
2023-12-04,S001,P0016,103,896.0505
2023-12-05,S001,P0016,225,897.9625
2023-12-06,S001,P0016,100,955.27325
2023-12-07,S001,P0016,235,1105.5271
2023-12-08,S001,P0016,88,1054.6217
2023-12-09,S001,P0016,132,1041.2496
2023-12-10,S001,P0016,68,919.998
2023-12-11,S001,P0016,89,915.29065
2023-12-12,S001,P0016,132,852.46246
2023-12-13,S001,P0016,145,902.4577
2023-12-14,S001,P0016,171,862.9286
2023-12-15,S001,P0016,49,814.86145
2023-12-16,S001,P0016,86,751.32404
2023-12-17,S001,P0016,135,808.45233
2023-12-18,S001,P0016,129,837.5578
2023-12-19,S001,P0016,110,843.5245
2023-12-20,S001,P0016,68,756.26526
2023-12-21,S001,P0016,83,677.785
2023-12-22,S001,P0016,157,775.52985
2023-12-23,S001,P0016,173,833.1839
2023-12-24,S001,P0016,126,860.73126
2023-12-25,S001,P0016,63,785.04016
2023-12-26,S001,P0016,114,776.0609
2023-12-27,S001,P0016,51,755.7889
2023-12-28,S001,P0016,99,753.6662
2023-12-29,S001,P0016,86,687.8048
2023-12-30,S001,P0016,56,593.33606
2023-12-31,S001,P0016,68,543.984
2024-01-01,S001,P0016,79,501.91556
2024-01-02,S001,P0016,65,506.84186
2024-01-03,S001,P0016,85,502.40747
2024-01-04,S001,P0016,58,515.0133
2024-01-05,S001,P0016,57,473.6899
2024-01-06,S001,P0016,88,467.14798
2024-01-07,S001,P0016,112,545.1078
2024-01-08,S001,P0016,76,517.98303
2024-01-09,S001,P0016,96,593.08417
2024-01-10,S001,P0016,112,626.3315
2024-01-11,S001,P0016,88,616.521
2024-01-12,S001,P0016,66,615.13104
2024-01-13,S001,P0016,166,682.747
2024-01-14,S001,P0016,172,745.3495
2024-01-15,S001,P0016,236,888.38544
2024-01-16,S001,P0016,110,987.944
2024-01-17,S001,P0016,110,904.0148
2024-01-18,S001,P0016,171,1024.6586
2024-01-19,S001,P0016,115,1050.8463
2024-01-20,S001,P0016,191,988.257
2024-01-21,S001,P0016,130,978.9695
2024-01-22,S001,P0016,159,910.5984
2024-01-23,S001,P0016,115,1000.5128
2024-01-24,S001,P0016,146,995.46484
2024-01-25,S001,P0016,156,1000.532
2024-01-26,S001,P0016,113,1012.30365
2024-01-27,S001,P0016,62,807.97614
2024-01-28,S001,P0016,140,725.56287
2024-01-29,S001,P0016,99,689.7257
2024-01-30,S001,P0016,90,794.78015
2023-10-13,S001,P0017,51,280.3839
2023-10-14,S001,P0017,14,239.41171
2023-10-15,S001,P0017,34,238.73068
2023-10-16,S001,P0017,8,212.26764
2023-10-17,S001,P0017,45,229.41046
2023-10-18,S001,P0017,42,252.67702
2023-10-19,S001,P0017,4,198.06062
2023-10-20,S001,P0017,18,184.6449
2023-10-21,S001,P0017,49,211.69832
2023-10-22,S001,P0017,60,247.55954
2023-10-23,S001,P0017,35,256.24384
2023-10-24,S001,P0017,69,279.46036
2023-10-25,S001,P0017,89,418.59427
2023-10-26,S001,P0017,116,499.45007
2023-10-27,S001,P0017,124,586.95404
2023-10-28,S001,P0017,111,632.5784
2023-10-29,S001,P0017,62,627.5586
2023-10-30,S001,P0017,86,652.9149
2023-10-31,S001,P0017,100,680.3746
2023-11-01,S001,P0017,42,651.68176
2023-11-02,S001,P0017,110,649.58734
2023-11-03,S001,P0017,71,596.0813
2023-11-04,S001,P0017,102,597.6116
2023-11-05,S001,P0017,83,622.9556
2023-11-06,S001,P0017,85,610.1482
2023-11-07,S001,P0017,97,604.1351
2023-11-08,S001,P0017,141,675.4885
2023-11-09,S001,P0017,53,632.60333
2023-11-10,S001,P0017,46,608.3603
2023-11-11,S001,P0017,103,598.9174
2023-11-12,S001,P0017,93,638.2654
2023-11-13,S001,P0017,104,651.57556
2023-11-14,S001,P0017,126,678.6323
2023-11-15,S001,P0017,160,717.5994
2023-11-16,S001,P0017,40,670.09424
2023-11-17,S001,P0017,87,703.28174
2023-11-18,S001,P0017,77,679.3125
2023-11-19,S001,P0017,85,663.92224
2023-11-20,S001,P0017,60,636.64526
2023-11-21,S001,P0017,122,656.4731
2023-11-22,S001,P0017,84,577.23267
2023-11-23,S001,P0017,71,599.15216
2023-11-24,S001,P0017,144,665.60706
2023-11-25,S001,P0017,90,664.18976
2023-11-26,S001,P0017,120,704.0988
2023-11-27,S001,P0017,37,669.54736
2023-11-28,S001,P0017,124,671.7058
2023-11-29,S001,P0017,99,690.1557
2023-11-30,S001,P0017,144,784.0038
2023-12-01,S001,P0017,101,731.4354
2023-12-02,S001,P0017,48,677.331
2023-12-03,S001,P0017,126,680.7127
2023-12-04,S001,P0017,20,669.7202
2023-12-05,S001,P0017,86,620.6528
2023-12-06,S001,P0017,161,697.0021
2023-12-07,S001,P0017,73,641.93945
2023-12-08,S001,P0017,123,638.1793
2023-12-09,S001,P0017,77,686.6826
2023-12-10,S001,P0017,133,698.51196
2023-12-11,S001,P0017,136,802.5287
2023-12-12,S001,P0017,194,894.1714
2023-12-13,S001,P0017,96,831.8765
2023-12-14,S001,P0017,107,834.73236
2023-12-15,S001,P0017,111,827.3665
2023-12-16,S001,P0017,130,888.2544
2023-12-17,S001,P0017,114,875.9605
2023-12-18,S001,P0017,65,820.29926
2023-12-19,S001,P0017,122,752.8355
2023-12-20,S001,P0017,137,799.9885
2023-12-21,S001,P0017,84,778.4906
2023-12-22,S001,P0017,140,805.2536
2023-12-23,S001,P0017,82,749.8843
2023-12-24,S001,P0017,154,793.0134
2023-12-25,S001,P0017,86,813.80005
2023-12-26,S001,P0017,114,788.4272
2023-12-27,S001,P0017,18,660.9922
2023-12-28,S001,P0017,63,603.2662
2023-12-29,S001,P0017,34,534.9366
2023-12-30,S001,P0017,24,449.63303
2023-12-31,S001,P0017,34,337.6021
2024-01-01,S001,P0017,13,174.78906
2024-01-02,S001,P0017,31,209.95642
2024-01-03,S001,P0017,34,233.63095
2024-01-04,S001,P0017,5,199.52753
2024-01-05,S001,P0017,9,165.04607
2024-01-06,S001,P0017,11,122.18542
2024-01-07,S001,P0017,18,157.54984
2024-01-08,S001,P0017,28,165.96506
2024-01-09,S001,P0017,99,324.95013
2024-01-10,S001,P0017,66,367.0783
2024-01-11,S001,P0017,56,375.94492
2024-01-12,S001,P0017,113,391.13412
2024-01-13,S001,P0017,167,547.38995
2024-01-14,S001,P0017,33,419.20862
2024-01-15,S001,P0017,100,518.21594
2024-01-16,S001,P0017,81,616.2339
2024-01-17,S001,P0017,123,700.21783
2024-01-18,S001,P0017,147,778.2668
2024-01-19,S001,P0017,80,729.419
2024-01-20,S001,P0017,209,726.1609
2024-01-21,S001,P0017,103,810.2354
2024-01-22,S001,P0017,226,951.8689
2024-01-23,S001,P0017,100,977.995
2024-01-24,S001,P0017,100,924.3091
2024-01-25,S001,P0017,100,896.73865
2024-01-26,S001,P0017,77,880.29315
2024-01-27,S001,P0017,131,648.9901
2024-01-28,S001,P0017,144,887.8966
2024-01-29,S001,P0017,108,679.65485
2024-01-30,S001,P0017,80,736.2288
2023-10-13,S001,P0018,163,653.7941
2023-10-14,S001,P0018,106,685.4901
2023-10-15,S001,P0018,83,662.7965
2023-10-16,S001,P0018,98,652.8911
2023-10-17,S001,P0018,141,749.65765
2023-10-18,S001,P0018,125,803.43494
2023-10-19,S001,P0018,148,831.78156
2023-10-20,S001,P0018,129,823.6258
2023-10-21,S001,P0018,33,730.6359
2023-10-22,S001,P0018,68,694.76404
2023-10-23,S001,P0018,40,645.4558
2023-10-24,S001,P0018,93,622.584
2023-10-25,S001,P0018,117,668.0673
2023-10-26,S001,P0018,80,591.64044
2023-10-27,S001,P0018,62,530.49835
2023-10-28,S001,P0018,155,644.3829
2023-10-29,S001,P0018,103,675.9049
2023-10-30,S001,P0018,117,732.40546
2023-10-31,S001,P0018,100,728.6773
2023-11-01,S001,P0018,90,702.58435
2023-11-02,S001,P0018,167,782.2098
2023-11-03,S001,P0018,111,838.8974
2023-11-04,S001,P0018,37,711.61334
2023-11-05,S001,P0018,72,669.7184
2023-11-06,S001,P0018,75,646.9274
2023-11-07,S001,P0018,129,684.7506
2023-11-08,S001,P0018,210,804.06415
2023-11-09,S001,P0018,206,847.1137
2023-11-10,S001,P0018,85,843.4449
2023-11-11,S001,P0018,79,830.5857
2023-11-12,S001,P0018,150,910.8715
2023-11-13,S001,P0018,66,894.41064
2023-11-14,S001,P0018,95,877.23615
2023-11-15,S001,P0018,182,844.2139
2023-11-16,S001,P0018,88,752.15314
2023-11-17,S001,P0018,48,717.1816
2023-11-18,S001,P0018,112,724.8848
2023-11-19,S001,P0018,114,706.821
2023-11-20,S001,P0018,117,772.2184
2023-11-21,S001,P0018,140,796.5582
2023-11-22,S001,P0018,195,827.7358
2023-11-23,S001,P0018,101,835.9157
2023-11-24,S001,P0018,135,869.2473
2023-11-25,S001,P0018,157,964.0136
2023-11-26,S001,P0018,102,928.8176
2023-11-27,S001,P0018,34,856.95
2023-11-28,S001,P0018,118,817.62885
2023-11-29,S001,P0018,112,772.71295
2023-11-30,S001,P0018,89,762.73474
2023-12-01,S001,P0018,180,819.908
2023-12-02,S001,P0018,115,770.95557
2023-12-03,S001,P0018,157,825.54974
2023-12-04,S001,P0018,108,848.7263
2023-12-05,S001,P0018,145,898.80896
2023-12-06,S001,P0018,100,892.6912
2023-12-07,S001,P0018,143,924.6169
2023-12-08,S001,P0018,86,858.5504
2023-12-09,S001,P0018,152,879.6237
2023-12-10,S001,P0018,177,914.74255
2023-12-11,S001,P0018,55,867.62006
2023-12-12,S001,P0018,161,874.1993
2023-12-13,S001,P0018,142,904.88165
2023-12-14,S001,P0018,140,904.40466
2023-12-15,S001,P0018,128,931.30524
2023-12-16,S001,P0018,34,846.2589
2023-12-17,S001,P0018,94,742.35016
2023-12-18,S001,P0018,76,781.48627
2023-12-19,S001,P0018,134,749.1866
2023-12-20,S001,P0018,92,719.524
2023-12-21,S001,P0018,112,698.44354
2023-12-22,S001,P0018,157,742.2754
2023-12-23,S001,P0018,181,871.871
2023-12-24,S001,P0018,132,895.7669
2023-12-25,S001,P0018,52,855.06885
2023-12-26,S001,P0018,120,821.1778
2023-12-27,S001,P0018,62,791.5171
2023-12-28,S001,P0018,121,785.65045
2023-12-29,S001,P0018,73,728.99176
2023-12-30,S001,P0018,56,594.3264
2023-12-31,S001,P0018,55,534.62244
2024-01-01,S001,P0018,101,564.3056
2024-01-02,S001,P0018,97,577.74036
2024-01-03,S001,P0018,78,586.67316
2024-01-04,S001,P0018,41,523.874
2024-01-05,S001,P0018,105,531.45874
2024-01-06,S001,P0018,70,437.34155
2024-01-07,S001,P0018,56,428.30826
2024-01-08,S001,P0018,76,470.1041
2024-01-09,S001,P0018,103,550.97205
2024-01-10,S001,P0018,70,540.0333
2024-01-11,S001,P0018,125,622.3659
2024-01-12,S001,P0018,100,653.1057
2024-01-13,S001,P0018,87,479.42136
2024-01-14,S001,P0018,69,488.75543
2024-01-15,S001,P0018,80,546.49286
2024-01-16,S001,P0018,103,637.1711
2024-01-17,S001,P0018,148,718.9715
2024-01-18,S001,P0018,151,767.11035
2024-01-19,S001,P0018,120,777.69806
2024-01-20,S001,P0018,167,722.56274
2024-01-21,S001,P0018,132,785.35504
2024-01-22,S001,P0018,132,933.05426
2024-01-23,S001,P0018,123,928.4722
2024-01-24,S001,P0018,145,896.14374
2024-01-25,S001,P0018,189,975.3659
2024-01-26,S001,P0018,116,1007.78033
2024-01-27,S001,P0018,156,954.4913
2024-01-28,S001,P0018,245,1078.1682
2024-01-29,S001,P0018,103,1063.4976
2024-01-30,S001,P0018,70,961.0674
2023-10-13,S001,P0019,23,248.76729
2023-10-14,S001,P0019,46,273.82364
2023-10-15,S001,P0019,46,276.19934
2023-10-16,S001,P0019,18,232.46416
2023-10-17,S001,P0019,28,240.8755
2023-10-18,S001,P0019,46,247.74097
2023-10-19,S001,P0019,60,269.23846
2023-10-20,S001,P0019,35,279.35956
2023-10-21,S001,P0019,48,283.92767
2023-10-22,S001,P0019,16,249.25954
2023-10-23,S001,P0019,46,268.2955
2023-10-24,S001,P0019,24,278.67538
2023-10-25,S001,P0019,90,383.71158
2023-10-26,S001,P0019,88,428.77533
2023-10-27,S001,P0019,79,446.75784
2023-10-28,S001,P0019,130,506.66653
2023-10-29,S001,P0019,83,559.1752
2023-10-30,S001,P0019,65,562.3397
2023-10-31,S001,P0019,42,561.33405
2023-11-01,S001,P0019,124,597.02374
2023-11-02,S001,P0019,131,665.6741
2023-11-03,S001,P0019,51,627.32556
2023-11-04,S001,P0019,69,566.6523
2023-11-05,S001,P0019,104,596.00836
2023-11-06,S001,P0019,75,596.44836
2023-11-07,S001,P0019,86,611.0144
2023-11-08,S001,P0019,85,601.2555
2023-11-09,S001,P0019,24,502.30563
2023-11-10,S001,P0019,83,523.5882
2023-11-11,S001,P0019,41,509.59906
2023-11-12,S001,P0019,71,478.7281
2023-11-13,S001,P0019,98,513.36884
2023-11-14,S001,P0019,79,515.5898
2023-11-15,S001,P0019,74,495.0103
2023-11-16,S001,P0019,30,481.4169
2023-11-17,S001,P0019,55,462.3752
2023-11-18,S001,P0019,85,487.29053
2023-11-19,S001,P0019,68,501.82114
2023-11-20,S001,P0019,88,494.22797
2023-11-21,S001,P0019,83,499.09302
2023-11-22,S001,P0019,133,546.608
2023-11-23,S001,P0019,74,590.6872
2023-11-24,S001,P0019,60,571.62616
2023-11-25,S001,P0019,22,522.2992
2023-11-26,S001,P0019,126,583.7545
2023-11-27,S001,P0019,167,676.0222
2023-11-28,S001,P0019,66,673.3497
2023-11-29,S001,P0019,139,642.6421
2023-11-30,S001,P0019,71,653.6929
2023-12-01,S001,P0019,91,666.17145
2023-12-02,S001,P0019,106,766.77325
2023-12-03,S001,P0019,161,802.6147
2023-12-04,S001,P0019,60,696.6231
2023-12-05,S001,P0019,71,667.6988
2023-12-06,S001,P0019,93,644.48157
2023-12-07,S001,P0019,107,676.2097
2023-12-08,S001,P0019,71,654.25775
2023-12-09,S001,P0019,59,614.6559
2023-12-10,S001,P0019,108,588.74207
2023-12-11,S001,P0019,45,575.6614
2023-12-12,S001,P0019,100,581.37787
2023-12-13,S001,P0019,172,668.191
2023-12-14,S001,P0019,63,632.6562
2023-12-15,S001,P0019,84,632.6518
2023-12-16,S001,P0019,41,629.9868
2023-12-17,S001,P0019,64,553.60144
2023-12-18,S001,P0019,95,610.998
2023-12-19,S001,P0019,108,613.6297
2023-12-20,S001,P0019,62,544.4661
2023-12-21,S001,P0019,108,571.5001
2023-12-22,S001,P0019,17,504.62244
2023-12-23,S001,P0019,98,541.84845
2023-12-24,S001,P0019,76,582.5284
2023-12-25,S001,P0019,74,535.9743
2023-12-26,S001,P0019,58,494.4929
2023-12-27,S001,P0019,47,485.9321
2023-12-28,S001,P0019,28,395.6008
2023-12-29,S001,P0019,28,388.05127
2023-12-30,S001,P0019,49,333.45786
2023-12-31,S001,P0019,47,347.68594
2024-01-01,S001,P0019,6,257.12354
2024-01-02,S001,P0019,30,254.72414
2024-01-03,S001,P0019,29,224.35645
2024-01-04,S001,P0019,38,246.35588
2024-01-05,S001,P0019,41,235.5707
2024-01-06,S001,P0019,28,202.46463
2024-01-07,S001,P0019,36,241.24269
2024-01-08,S001,P0019,33,217.3911
2024-01-09,S001,P0019,51,327.81912
2024-01-10,S001,P0019,34,310.84167
2024-01-11,S001,P0019,56,340.64508
2024-01-12,S001,P0019,123,348.52097
2024-01-13,S001,P0019,120,466.0441
2024-01-14,S001,P0019,60,382.4366
2024-01-15,S001,P0019,35,398.95694
2024-01-16,S001,P0019,54,474.30508
2024-01-17,S001,P0019,100,553.84735
2024-01-18,S001,P0019,96,602.7925
2024-01-19,S001,P0019,58,527.1395
2024-01-20,S001,P0019,72,327.35364
2024-01-21,S001,P0019,64,416.85004
2024-01-22,S001,P0019,71,488.45352
2024-01-23,S001,P0019,53,485.35507
2024-01-24,S001,P0019,153,550.843
2024-01-25,S001,P0019,115,605.8194
2024-01-26,S001,P0019,153,683.95886
2024-01-27,S001,P0019,77,504.5418
2024-01-28,S001,P0019,80,564.711
2024-01-29,S001,P0019,105,572.86414
2024-01-30,S001,P0019,61,678.0817
2023-10-13,S001,P0020,44,237.31372
2023-10-14,S001,P0020,32,245.21399
2023-10-15,S001,P0020,32,234.56113
2023-10-16,S001,P0020,25,226.67375
2023-10-17,S001,P0020,34,222.16742
2023-10-18,S001,P0020,28,233.44237
2023-10-19,S001,P0020,22,216.24529
2023-10-20,S001,P0020,23,214.85608
2023-10-21,S001,P0020,37,202.6817
2023-10-22,S001,P0020,35,202.21915
2023-10-23,S001,P0020,69,248.09032
2023-10-24,S001,P0020,24,247.0651
2023-10-25,S001,P0020,80,337.59
2023-10-26,S001,P0020,139,452.33582
2023-10-27,S001,P0020,73,524.00024
2023-10-28,S001,P0020,60,508.83963
2023-10-29,S001,P0020,51,514.02325
2023-10-30,S001,P0020,65,492.47348
2023-10-31,S001,P0020,79,549.4385
2023-11-01,S001,P0020,79,554.716
2023-11-02,S001,P0020,48,494.2808
2023-11-03,S001,P0020,110,510.1902
2023-11-04,S001,P0020,59,516.8255
2023-11-05,S001,P0020,65,515.45374
2023-11-06,S001,P0020,71,516.95325
2023-11-07,S001,P0020,76,508.84402
2023-11-08,S001,P0020,42,470.6205
2023-11-09,S001,P0020,18,440.41187
2023-11-10,S001,P0020,100,465.5778
2023-11-11,S001,P0020,58,464.81195
2023-11-12,S001,P0020,58,446.69324
2023-11-13,S001,P0020,57,429.1276
2023-11-14,S001,P0020,103,475.05106
2023-11-15,S001,P0020,121,537.70013
2023-11-16,S001,P0020,75,580.8586
2023-11-17,S001,P0020,45,504.80658
2023-11-18,S001,P0020,52,487.46222
2023-11-19,S001,P0020,102,548.62195
2023-11-20,S001,P0020,35,540.62317
2023-11-21,S001,P0020,65,497.4663
2023-11-22,S001,P0020,85,489.91107
2023-11-23,S001,P0020,25,439.71533
2023-11-24,S001,P0020,54,444.4599
2023-11-25,S001,P0020,68,459.85294
2023-11-26,S001,P0020,119,512.26465
2023-11-27,S001,P0020,67,513.1369
2023-11-28,S001,P0020,67,486.5624
2023-11-29,S001,P0020,89,506.98224
2023-11-30,S001,P0020,56,516.873
2023-12-01,S001,P0020,98,557.4018
2023-12-02,S001,P0020,140,659.729
2023-12-03,S001,P0020,70,595.9539
2023-12-04,S001,P0020,72,577.9359
2023-12-05,S001,P0020,110,618.01935
2023-12-06,S001,P0020,68,620.3094
2023-12-07,S001,P0020,83,630.8692
2023-12-08,S001,P0020,68,610.2808
2023-12-09,S001,P0020,61,530.2708
2023-12-10,S001,P0020,52,513.86475
2023-12-11,S001,P0020,105,548.5906
2023-12-12,S001,P0020,65,517.6223
2023-12-13,S001,P0020,124,560.2865
2023-12-14,S001,P0020,72,563.0392
2023-12-15,S001,P0020,64,555.44543
2023-12-16,S001,P0020,123,587.8175
2023-12-17,S001,P0020,75,629.2285
2023-12-18,S001,P0020,67,574.0862
2023-12-19,S001,P0020,96,599.2707
2023-12-20,S001,P0020,79,573.22
2023-12-21,S001,P0020,65,562.5513
2023-12-22,S001,P0020,110,617.95685
2023-12-23,S001,P0020,94,600.5722
2023-12-24,S001,P0020,61,567.5909
2023-12-25,S001,P0020,89,596.9812
2023-12-26,S001,P0020,74,574.32434
2023-12-27,S001,P0020,45,529.35504
2023-12-28,S001,P0020,26,468.1625
2023-12-29,S001,P0020,37,388.00888
2023-12-30,S001,P0020,15,300.55365
2023-12-31,S001,P0020,27,278.53995
2024-01-01,S001,P0020,25,251.08382
2024-01-02,S001,P0020,38,238.04547
2024-01-03,S001,P0020,28,193.91656
2024-01-04,S001,P0020,18,163.64584
2024-01-05,S001,P0020,65,225.92429
2024-01-06,S001,P0020,25,256.83884
2024-01-07,S001,P0020,15,210.75854
2024-01-08,S001,P0020,37,232.70908
2024-01-09,S001,P0020,59,292.56287
2024-01-10,S001,P0020,65,300.1244
2024-01-11,S001,P0020,109,380.9105
2024-01-12,S001,P0020,73,413.65732
2024-01-13,S001,P0020,47,374.00632
2024-01-14,S001,P0020,77,465.92664
2024-01-15,S001,P0020,64,392.86664
2024-01-16,S001,P0020,69,482.28873
2024-01-17,S001,P0020,71,498.01474
2024-01-18,S001,P0020,119,511.1194
2024-01-19,S001,P0020,65,511.63013
2024-01-20,S001,P0020,66,360.12817
2024-01-21,S001,P0020,104,496.55817
2024-01-22,S001,P0020,54,518.52826
2024-01-23,S001,P0020,83,533.5316
2024-01-24,S001,P0020,82,563.4644
2024-01-25,S001,P0020,48,513.19275
2024-01-26,S001,P0020,69,476.70316
2024-01-27,S001,P0020,79,413.61334
2024-01-28,S001,P0020,103,480.2311
2024-01-29,S001,P0020,72,438.82773
2024-01-30,S001,P0020,73,505.37894
2023-10-13,S002,P0001,65,535.1009
2023-10-14,S002,P0001,105,546.19055
2023-10-15,S002,P0001,53,504.4209
2023-10-16,S002,P0001,101,550.74536
2023-10-17,S002,P0001,132,633.8754
2023-10-18,S002,P0001,53,629.58484
2023-10-19,S002,P0001,118,622.47614
2023-10-20,S002,P0001,72,630.8033
2023-10-21,S002,P0001,102,614.87537
2023-10-22,S002,P0001,57,645.5472
2023-10-23,S002,P0001,138,658.7736
2023-10-24,S002,P0001,73,616.034
2023-10-25,S002,P0001,86,651.0028
2023-10-26,S002,P0001,178,711.7815
2023-10-27,S002,P0001,131,795.7691
2023-10-28,S002,P0001,136,810.53394
2023-10-29,S002,P0001,90,820.30383
2023-10-30,S002,P0001,181,849.4528
2023-10-31,S002,P0001,164,958.8818
2023-11-01,S002,P0001,189,1060.1072
2023-11-02,S002,P0001,220,1091.8121
2023-11-03,S002,P0001,155,1115.7803
2023-11-04,S002,P0001,127,1104.2179
2023-11-05,S002,P0001,136,1120.8466
2023-11-06,S002,P0001,73,1011.83167
2023-11-07,S002,P0001,146,997.10944
2023-11-08,S002,P0001,115,980.1891
2023-11-09,S002,P0001,134,875.44385
2023-11-10,S002,P0001,174,911.7752
2023-11-11,S002,P0001,85,860.5819
2023-11-12,S002,P0001,213,916.35
2023-11-13,S002,P0001,168,1060.0465
2023-11-14,S002,P0001,109,987.23926
2023-11-15,S002,P0001,64,943.2137
2023-11-16,S002,P0001,147,948.6928
2023-11-17,S002,P0001,112,891.38617
2023-11-18,S002,P0001,69,859.19476
2023-11-19,S002,P0001,123,783.92786
2023-11-20,S002,P0001,178,813.4365
2023-11-21,S002,P0001,104,816.60236
2023-11-22,S002,P0001,123,863.4584
2023-11-23,S002,P0001,141,844.77924
2023-11-24,S002,P0001,61,802.6694
2023-11-25,S002,P0001,78,796.56134
2023-11-26,S002,P0001,30,714.208
2023-11-27,S002,P0001,74,617.4184
2023-11-28,S002,P0001,42,558.3102
2023-11-29,S002,P0001,112,573.8833
2023-11-30,S002,P0001,116,561.95526
2023-12-01,S002,P0001,121,606.11523
2023-12-02,S002,P0001,151,665.28314
2023-12-03,S002,P0001,116,776.86633
2023-12-04,S002,P0001,145,792.56305
2023-12-05,S002,P0001,113,849.4527
2023-12-06,S002,P0001,143,883.17126
2023-12-07,S002,P0001,161,922.79565
2023-12-08,S002,P0001,116,930.1621
2023-12-09,S002,P0001,113,882.7507
2023-12-10,S002,P0001,198,970.693
2023-12-11,S002,P0001,69,905.742
2023-12-12,S002,P0001,101,898.68835
2023-12-13,S002,P0001,158,902.53375
2023-12-14,S002,P0001,164,922.3305
2023-12-15,S002,P0001,182,1000.14734
2023-12-16,S002,P0001,83,958.64325
2023-12-17,S002,P0001,53,789.8669
2023-12-18,S002,P0001,138,866.87164
2023-12-19,S002,P0001,67,844.90015
2023-12-20,S002,P0001,140,831.47235
2023-12-21,S002,P0001,145,828.45386
2023-12-22,S002,P0001,127,789.7791
2023-12-23,S002,P0001,77,774.5836
2023-12-24,S002,P0001,108,811.672
2023-12-25,S002,P0001,203,860.9586
2023-12-26,S002,P0001,119,924.45795
2023-12-27,S002,P0001,72,830.9171
2023-12-28,S002,P0001,116,781.8526
2023-12-29,S002,P0001,63,745.3256
2023-12-30,S002,P0001,58,711.2994
2023-12-31,S002,P0001,137,743.37067
2024-01-01,S002,P0001,51,629.66516
2024-01-02,S002,P0001,75,562.1149
2024-01-03,S002,P0001,113,622.9717
2024-01-04,S002,P0001,67,591.28516
2024-01-05,S002,P0001,38,530.1092
2024-01-06,S002,P0001,104,550.78674
2024-01-07,S002,P0001,61,473.81952
2024-01-08,S002,P0001,94,517.3822
2024-01-09,S002,P0001,93,559.2198
2024-01-10,S002,P0001,78,569.7498
2024-01-11,S002,P0001,143,655.5711
2024-01-12,S002,P0001,63,631.17035
2024-01-13,S002,P0001,211,671.2261
2024-01-14,S002,P0001,78,641.3765
2024-01-15,S002,P0001,120,699.8708
2024-01-16,S002,P0001,129,800.4059
2024-01-17,S002,P0001,154,878.69946
2024-01-18,S002,P0001,139,890.38776
2024-01-19,S002,P0001,232,1064.7754
2024-01-20,S002,P0001,155,909.3346
2024-01-21,S002,P0001,99,1013.56055
2024-01-22,S002,P0001,51,937.7287
2024-01-23,S002,P0001,87,865.39374
2024-01-24,S002,P0001,89,846.6509
2024-01-25,S002,P0001,49,746.0578
2024-01-26,S002,P0001,102,647.49176
2024-01-27,S002,P0001,150,394.24112
2024-01-28,S002,P0001,151,602.7975
2024-01-29,S002,P0001,57,579.5573
2024-01-30,S002,P0001,87,659.1109
2023-10-13,S002,P0002,12,172.42004
2023-10-14,S002,P0002,46,197.06656
2023-10-15,S002,P0002,47,227.82715
2023-10-16,S002,P0002,62,246.85867
2023-10-17,S002,P0002,34,265.7825
2023-10-18,S002,P0002,43,251.63118
2023-10-19,S002,P0002,11,242.60545
2023-10-20,S002,P0002,27,260.72183
2023-10-21,S002,P0002,12,221.38333
2023-10-22,S002,P0002,42,224.35101
2023-10-23,S002,P0002,76,248.92911
2023-10-24,S002,P0002,36,259.1738
2023-10-25,S002,P0002,108,392.44168
2023-10-26,S002,P0002,128,524.9374
2023-10-27,S002,P0002,88,574.8773
2023-10-28,S002,P0002,148,647.8608
2023-10-29,S002,P0002,129,748.93604
2023-10-30,S002,P0002,89,733.9902
2023-10-31,S002,P0002,106,785.11707
2023-11-01,S002,P0002,89,752.9479
2023-11-02,S002,P0002,111,753.3237
2023-11-03,S002,P0002,133,788.9002
2023-11-04,S002,P0002,110,754.7879
2023-11-05,S002,P0002,80,713.7878
2023-11-06,S002,P0002,58,663.59924
2023-11-07,S002,P0002,151,733.5323
2023-11-08,S002,P0002,106,754.39233
2023-11-09,S002,P0002,114,748.7279
2023-11-10,S002,P0002,159,786.85645
2023-11-11,S002,P0002,81,758.68146
2023-11-12,S002,P0002,133,807.87335
2023-11-13,S002,P0002,85,804.7973
2023-11-14,S002,P0002,106,775.54126
2023-11-15,S002,P0002,133,823.16406
2023-11-16,S002,P0002,52,742.63824
2023-11-17,S002,P0002,54,635.8381
2023-11-18,S002,P0002,143,717.1695
2023-11-19,S002,P0002,26,621.1905
2023-11-20,S002,P0002,86,617.5474
2023-11-21,S002,P0002,98,609.03174
2023-11-22,S002,P0002,91,586.7995
2023-11-23,S002,P0002,88,608.0255
2023-11-24,S002,P0002,67,618.022
2023-11-25,S002,P0002,128,615.52435
2023-11-26,S002,P0002,77,637.5209
2023-11-27,S002,P0002,110,667.1337
2023-11-28,S002,P0002,30,591.56824
2023-11-29,S002,P0002,133,648.631
2023-11-30,S002,P0002,72,634.7538
2023-12-01,S002,P0002,107,664.2061
2023-12-02,S002,P0002,143,700.26245
2023-12-03,S002,P0002,90,697.9326
2023-12-04,S002,P0002,194,772.35913
2023-12-05,S002,P0002,102,833.2248
2023-12-06,S002,P0002,85,781.6609
2023-12-07,S002,P0002,69,766.0664
2023-12-08,S002,P0002,80,748.1922
2023-12-09,S002,P0002,106,722.973
2023-12-10,S002,P0002,96,741.0194
2023-12-11,S002,P0002,115,680.151
2023-12-12,S002,P0002,65,636.2551
2023-12-13,S002,P0002,99,654.39606
2023-12-14,S002,P0002,168,750.5022
2023-12-15,S002,P0002,147,803.416
2023-12-16,S002,P0002,108,822.2204
2023-12-17,S002,P0002,122,823.5142
2023-12-18,S002,P0002,139,851.0976
2023-12-19,S002,P0002,115,881.91327
2023-12-20,S002,P0002,130,893.80255
2023-12-21,S002,P0002,108,854.71826
2023-12-22,S002,P0002,200,911.7197
2023-12-23,S002,P0002,155,967.80804
2023-12-24,S002,P0002,142,982.35645
2023-12-25,S002,P0002,78,908.3199
2023-12-26,S002,P0002,75,870.6206
2023-12-27,S002,P0002,58,778.24493
2023-12-28,S002,P0002,29,662.2307
2023-12-29,S002,P0002,33,510.56516
2023-12-30,S002,P0002,41,420.57272
2023-12-31,S002,P0002,39,319.30157
2024-01-01,S002,P0002,48,346.094
2024-01-02,S002,P0002,52,327.25412
2024-01-03,S002,P0002,7,272.03033
2024-01-04,S002,P0002,29,267.2579
2024-01-05,S002,P0002,30,233.8251
2024-01-06,S002,P0002,38,203.09656
2024-01-07,S002,P0002,25,237.84756
2024-01-08,S002,P0002,20,186.28935
2024-01-09,S002,P0002,69,327.30157
2024-01-10,S002,P0002,134,398.98032
2024-01-11,S002,P0002,110,502.35684
2024-01-12,S002,P0002,117,571.6272
2024-01-13,S002,P0002,115,409.32767
2024-01-14,S002,P0002,145,591.3298
2024-01-15,S002,P0002,98,727.479
2024-01-16,S002,P0002,127,801.9574
2024-01-17,S002,P0002,52,733.5336
2024-01-18,S002,P0002,73,719.5917
2024-01-19,S002,P0002,26,636.67487
2024-01-20,S002,P0002,60,567.0596
2024-01-21,S002,P0002,47,407.44983
2024-01-22,S002,P0002,56,400.60458
2024-01-23,S002,P0002,57,436.9255
2024-01-24,S002,P0002,80,473.63037
2024-01-25,S002,P0002,54,465.1464
2024-01-26,S002,P0002,111,518.00024
2024-01-27,S002,P0002,196,658.8415
2024-01-28,S002,P0002,104,523.5973
2024-01-29,S002,P0002,69,623.15137
2024-01-30,S002,P0002,78,687.4603
2023-10-13,S002,P0003,77,694.34973
2023-10-14,S002,P0003,18,650.0814
2023-10-15,S002,P0003,110,629.1501
2023-10-16,S002,P0003,62,579.78375
2023-10-17,S002,P0003,71,511.11743
2023-10-18,S002,P0003,60,494.9489
2023-10-19,S002,P0003,89,518.1644
2023-10-20,S002,P0003,49,480.43826
2023-10-21,S002,P0003,109,563.3232
2023-10-22,S002,P0003,98,562.4131
2023-10-23,S002,P0003,114,599.9779
2023-10-24,S002,P0003,114,640.27185
2023-10-25,S002,P0003,113,680.80273
2023-10-26,S002,P0003,45,647.35016
2023-10-27,S002,P0003,83,685.694
2023-10-28,S002,P0003,68,629.9626
2023-10-29,S002,P0003,128,675.4912
2023-10-30,S002,P0003,69,631.2554
2023-10-31,S002,P0003,76,589.7187
2023-11-01,S002,P0003,99,593.72406
2023-11-02,S002,P0003,74,618.69293
2023-11-03,S002,P0003,48,580.66565
2023-11-04,S002,P0003,119,610.9459
2023-11-05,S002,P0003,4,519.1586
2023-11-06,S002,P0003,90,531.9862
2023-11-07,S002,P0003,117,574.6547
2023-11-08,S002,P0003,191,667.709
2023-11-09,S002,P0003,61,660.9326
2023-11-10,S002,P0003,89,696.43463
2023-11-11,S002,P0003,115,667.7554
2023-11-12,S002,P0003,140,808.30585
2023-11-13,S002,P0003,91,808.23627
2023-11-14,S002,P0003,119,792.4535
2023-11-15,S002,P0003,159,774.8163
2023-11-16,S002,P0003,117,813.7809
2023-11-17,S002,P0003,137,857.30334
2023-11-18,S002,P0003,103,847.1865
2023-11-19,S002,P0003,184,876.77985
2023-11-20,S002,P0003,84,902.0769
2023-11-21,S002,P0003,123,879.4984
2023-11-22,S002,P0003,76,820.1605
2023-11-23,S002,P0003,110,813.6878
2023-11-24,S002,P0003,93,772.231
2023-11-25,S002,P0003,119,790.1863
2023-11-26,S002,P0003,91,709.93304
2023-11-27,S002,P0003,170,787.2141
2023-11-28,S002,P0003,82,762.4542
2023-11-29,S002,P0003,124,785.9978
2023-11-30,S002,P0003,91,767.5228
2023-12-01,S002,P0003,121,799.89594
2023-12-02,S002,P0003,179,857.8209
2023-12-03,S002,P0003,72,843.15845
2023-12-04,S002,P0003,135,796.1799
2023-12-05,S002,P0003,82,809.0732
2023-12-06,S002,P0003,193,849.3172
2023-12-07,S002,P0003,99,879.6334
2023-12-08,S002,P0003,117,865.5069
2023-12-09,S002,P0003,146,852.5264
2023-12-10,S002,P0003,154,922.79034
2023-12-11,S002,P0003,95,872.97516
2023-12-12,S002,P0003,104,891.2722
2023-12-13,S002,P0003,62,783.7652
2023-12-14,S002,P0003,102,784.2999
2023-12-15,S002,P0003,91,769.78265
2023-12-16,S002,P0003,145,780.08276
2023-12-17,S002,P0003,66,704.5387
2023-12-18,S002,P0003,154,738.9486
2023-12-19,S002,P0003,116,755.76587
2023-12-20,S002,P0003,118,808.52435
2023-12-21,S002,P0003,147,852.0895
2023-12-22,S002,P0003,91,839.1967
2023-12-23,S002,P0003,144,833.05975
2023-12-24,S002,P0003,69,840.8066
2023-12-25,S002,P0003,95,776.365
2023-12-26,S002,P0003,50,705.14185
2023-12-27,S002,P0003,74,653.2983
2023-12-28,S002,P0003,69,584.76636
2023-12-29,S002,P0003,89,593.1677
2023-12-30,S002,P0003,14,465.09824
2023-12-31,S002,P0003,34,422.15125
2024-01-01,S002,P0003,91,377.74673
2024-01-02,S002,P0003,127,522.4082
2024-01-03,S002,P0003,119,589.43005
2024-01-04,S002,P0003,93,562.71423
2024-01-05,S002,P0003,89,576.9931
2024-01-06,S002,P0003,94,624.31287
2024-01-07,S002,P0003,72,615.0869
2024-01-08,S002,P0003,66,641.8622
2024-01-09,S002,P0003,50,572.499
2024-01-10,S002,P0003,148,600.2439
2024-01-11,S002,P0003,193,753.8513
2024-01-12,S002,P0003,47,680.14795
2024-01-13,S002,P0003,72,535.5944
2024-01-14,S002,P0003,76,543.83826
2024-01-15,S002,P0003,62,535.91797
2024-01-16,S002,P0003,95,715.3292
2024-01-17,S002,P0003,77,606.51715
2024-01-18,S002,P0003,101,557.80707
2024-01-19,S002,P0003,100,619.5448
2024-01-20,S002,P0003,38,506.61765
2024-01-21,S002,P0003,82,430.0887
2024-01-22,S002,P0003,168,601.34546
2024-01-23,S002,P0003,110,672.346
2024-01-24,S002,P0003,60,682.9199
2024-01-25,S002,P0003,78,634.48895
2024-01-26,S002,P0003,159,630.27045
2024-01-27,S002,P0003,143,631.0995
2024-01-28,S002,P0003,170,880.146
2024-01-29,S002,P0003,102,796.1765
2024-01-30,S002,P0003,79,756.3368
2023-10-13,S002,P0004,82,524.0622
2023-10-14,S002,P0004,54,509.19672
2023-10-15,S002,P0004,63,477.96884
2023-10-16,S002,P0004,78,481.5635
2023-10-17,S002,P0004,59,468.9267
2023-10-18,S002,P0004,13,407.5599
2023-10-19,S002,P0004,121,471.3689
2023-10-20,S002,P0004,93,521.261
2023-10-21,S002,P0004,76,520.6514
2023-10-22,S002,P0004,127,576.8607
2023-10-23,S002,P0004,58,567.36835
2023-10-24,S002,P0004,114,604.4264
2023-10-25,S002,P0004,44,632.2495
2023-10-26,S002,P0004,123,645.2839
2023-10-27,S002,P0004,139,700.1177
2023-10-28,S002,P0004,174,781.5891
2023-10-29,S002,P0004,124,805.51715
2023-10-30,S002,P0004,123,841.0055
2023-10-31,S002,P0004,26,757.3373
2023-11-01,S002,P0004,149,840.3912
2023-11-02,S002,P0004,147,891.01935
2023-11-03,S002,P0004,73,817.2892
2023-11-04,S002,P0004,179,819.15265
2023-11-05,S002,P0004,87,797.2857
2023-11-06,S002,P0004,118,780.6427
2023-11-07,S002,P0004,102,846.7024
2023-11-08,S002,P0004,136,847.8433
2023-11-09,S002,P0004,59,756.2411
2023-11-10,S002,P0004,117,792.9987
2023-11-11,S002,P0004,165,797.90216
2023-11-12,S002,P0004,98,799.28754
2023-11-13,S002,P0004,106,779.55
2023-11-14,S002,P0004,166,822.8729
2023-11-15,S002,P0004,110,826.3236
2023-11-16,S002,P0004,129,877.5878
2023-11-17,S002,P0004,149,911.3754
2023-11-18,S002,P0004,123,885.4781
2023-11-19,S002,P0004,87,858.5073
2023-11-20,S002,P0004,97,824.95276
2023-11-21,S002,P0004,126,821.98096
2023-11-22,S002,P0004,133,828.25085
2023-11-23,S002,P0004,139,874.76154
2023-11-24,S002,P0004,164,885.14386
2023-11-25,S002,P0004,114,873.25757
2023-11-26,S002,P0004,73,824.2365
2023-11-27,S002,P0004,112,858.07404
2023-11-28,S002,P0004,134,860.0728
2023-11-29,S002,P0004,74,806.7642
2023-11-30,S002,P0004,39,689.4606
2023-12-01,S002,P0004,168,743.0909
2023-12-02,S002,P0004,54,694.9058
2023-12-03,S002,P0004,114,707.5453
2023-12-04,S002,P0004,102,697.0969
2023-12-05,S002,P0004,208,781.251
2023-12-06,S002,P0004,125,852.3686
2023-12-07,S002,P0004,137,882.31226
2023-12-08,S002,P0004,74,818.8509
2023-12-09,S002,P0004,168,901.8929
2023-12-10,S002,P0004,154,972.8078
2023-12-11,S002,P0004,136,985.35645
2023-12-12,S002,P0004,131,927.6527
2023-12-13,S002,P0004,114,905.08405
2023-12-14,S002,P0004,110,884.6858
2023-12-15,S002,P0004,116,919.15784
2023-12-16,S002,P0004,141,901.5513
2023-12-17,S002,P0004,146,898.7694
2023-12-18,S002,P0004,92,853.272
2023-12-19,S002,P0004,54,766.6039
2023-12-20,S002,P0004,93,759.6637
2023-12-21,S002,P0004,150,807.91223
2023-12-22,S002,P0004,178,871.24524
2023-12-23,S002,P0004,135,873.9594
2023-12-24,S002,P0004,205,931.99414
2023-12-25,S002,P0004,112,946.4186
2023-12-26,S002,P0004,99,950.30634
2023-12-27,S002,P0004,79,896.6485
2023-12-28,S002,P0004,58,814.80225
2023-12-29,S002,P0004,73,715.3013
2023-12-30,S002,P0004,90,674.6315
2023-12-31,S002,P0004,69,580.3306
2024-01-01,S002,P0004,75,499.0881
2024-01-02,S002,P0004,94,520.3482
2024-01-03,S002,P0004,86,539.9661
2024-01-04,S002,P0004,52,520.5339
2024-01-05,S002,P0004,72,522.0044
2024-01-06,S002,P0004,32,435.795
2024-01-07,S002,P0004,105,447.98004
2024-01-08,S002,P0004,45,478.99057
2024-01-09,S002,P0004,142,556.19916
2024-01-10,S002,P0004,150,601.4863
2024-01-11,S002,P0004,111,706.26056
2024-01-12,S002,P0004,98,731.61273
2024-01-13,S002,P0004,72,646.2468
2024-01-14,S002,P0004,111,675.3394
2024-01-15,S002,P0004,139,673.3817
2024-01-16,S002,P0004,208,865.00183
2024-01-17,S002,P0004,87,835.7879
2024-01-18,S002,P0004,188,857.6038
2024-01-19,S002,P0004,152,948.7381
2024-01-20,S002,P0004,235,1097.0255
2024-01-21,S002,P0004,181,1189.6769
2024-01-22,S002,P0004,108,1122.8911
2024-01-23,S002,P0004,123,967.4682
2024-01-24,S002,P0004,128,1038.3812
2024-01-25,S002,P0004,109,1020.7844
2024-01-26,S002,P0004,122,994.91394
2024-01-27,S002,P0004,111,754.82935
2024-01-28,S002,P0004,124,763.8094
2024-01-29,S002,P0004,139,788.06934
2024-01-30,S002,P0004,73,765.2372
2023-10-13,S002,P0005,66,377.63898
2023-10-14,S002,P0005,68,409.97528
2023-10-15,S002,P0005,45,421.4734
2023-10-16,S002,P0005,79,447.87933
2023-10-17,S002,P0005,44,414.31937
2023-10-18,S002,P0005,28,397.51083
2023-10-19,S002,P0005,47,356.1213
2023-10-20,S002,P0005,26,328.76727
2023-10-21,S002,P0005,38,282.90298
2023-10-22,S002,P0005,42,298.92993
2023-10-23,S002,P0005,88,309.99417
2023-10-24,S002,P0005,93,377.68442
2023-10-25,S002,P0005,70,473.2103
2023-10-26,S002,P0005,140,553.8006
2023-10-27,S002,P0005,90,602.87494
2023-10-28,S002,P0005,123,640.48956
2023-10-29,S002,P0005,114,708.37537
2023-10-30,S002,P0005,46,679.7768
2023-10-31,S002,P0005,101,655.16724
2023-11-01,S002,P0005,143,758.92633
2023-11-02,S002,P0005,83,715.071
2023-11-03,S002,P0005,77,680.78064
2023-11-04,S002,P0005,149,711.0125
2023-11-05,S002,P0005,179,787.3311
2023-11-06,S002,P0005,99,828.5869
2023-11-07,S002,P0005,97,799.6827
2023-11-08,S002,P0005,94,765.0441
2023-11-09,S002,P0005,93,780.99817
2023-11-10,S002,P0005,18,707.52386
2023-11-11,S002,P0005,113,684.30774
2023-11-12,S002,P0005,158,719.5841
2023-11-13,S002,P0005,107,690.28735
2023-11-14,S002,P0005,180,786.3076
2023-11-15,S002,P0005,46,735.314
2023-11-16,S002,P0005,116,735.59827
2023-11-17,S002,P0005,114,823.107
2023-11-18,S002,P0005,83,790.87646
2023-11-19,S002,P0005,143,768.7795
2023-11-20,S002,P0005,124,821.61487
2023-11-21,S002,P0005,66,680.24915
2023-11-22,S002,P0005,112,748.7265
2023-11-23,S002,P0005,138,775.9934
2023-11-24,S002,P0005,85,752.55347
2023-11-25,S002,P0005,54,740.93134
2023-11-26,S002,P0005,85,649.20044
2023-11-27,S002,P0005,142,696.9838
2023-11-28,S002,P0005,51,688.93567
2023-11-29,S002,P0005,85,643.07446
2023-11-30,S002,P0005,143,660.6041
2023-12-01,S002,P0005,119,707.28345
2023-12-02,S002,P0005,97,745.5393
2023-12-03,S002,P0005,61,704.3538
2023-12-04,S002,P0005,114,681.2875
2023-12-05,S002,P0005,163,808.3453
2023-12-06,S002,P0005,145,860.47565
2023-12-07,S002,P0005,63,756.0763
2023-12-08,S002,P0005,86,726.3856
2023-12-09,S002,P0005,75,711.3994
2023-12-10,S002,P0005,97,743.6212
2023-12-11,S002,P0005,63,692.36224
2023-12-12,S002,P0005,86,628.5451
2023-12-13,S002,P0005,103,610.4653
2023-12-14,S002,P0005,184,746.76465
2023-12-15,S002,P0005,147,783.49146
2023-12-16,S002,P0005,82,789.8239
2023-12-17,S002,P0005,84,740.4488
2023-12-18,S002,P0005,137,822.9348
2023-12-19,S002,P0005,101,833.4206
2023-12-20,S002,P0005,122,829.9886
2023-12-21,S002,P0005,110,793.5332
2023-12-22,S002,P0005,157,799.64655
2023-12-23,S002,P0005,99,813.52905
2023-12-24,S002,P0005,139,856.98956
2023-12-25,S002,P0005,91,813.3986
2023-12-26,S002,P0005,63,766.63196
2023-12-27,S002,P0005,54,678.3543
2023-12-28,S002,P0005,72,653.05896
2023-12-29,S002,P0005,71,594.161
2023-12-30,S002,P0005,47,519.8217
2023-12-31,S002,P0005,44,454.1665
2024-01-01,S002,P0005,55,389.95544
2024-01-02,S002,P0005,54,410.35352
2024-01-03,S002,P0005,97,464.36664
2024-01-04,S002,P0005,39,428.733
2024-01-05,S002,P0005,75,395.91556
2024-01-06,S002,P0005,42,375.24344
2024-01-07,S002,P0005,57,387.70947
2024-01-08,S002,P0005,93,402.7918
2024-01-09,S002,P0005,115,517.0763
2024-01-10,S002,P0005,74,492.65704
2024-01-11,S002,P0005,81,513.1949
2024-01-12,S002,P0005,103,532.0099
2024-01-13,S002,P0005,30,444.8514
2024-01-14,S002,P0005,99,450.2941
2024-01-15,S002,P0005,63,493.98657
2024-01-16,S002,P0005,115,555.44617
2024-01-17,S002,P0005,113,600.3359
2024-01-18,S002,P0005,37,572.25024
2024-01-19,S002,P0005,115,564.77985
2024-01-20,S002,P0005,199,728.52264
2024-01-21,S002,P0005,88,703.29504
2024-01-22,S002,P0005,79,632.5979
2024-01-23,S002,P0005,95,704.48175
2024-01-24,S002,P0005,77,716.6263
2024-01-25,S002,P0005,133,761.3537
2024-01-26,S002,P0005,175,822.21625
2024-01-27,S002,P0005,132,654.2822
2024-01-28,S002,P0005,101,605.53595
2024-01-29,S002,P0005,68,682.374
2024-01-30,S002,P0005,138,779.16907
2023-10-13,S002,P0006,63,706.3077
2023-10-14,S002,P0006,118,749.6417
2023-10-15,S002,P0006,117,807.67737
2023-10-16,S002,P0006,147,815.2124
2023-10-17,S002,P0006,114,819.6703
2023-10-18,S002,P0006,96,787.3546
2023-10-19,S002,P0006,70,697.6623
2023-10-20,S002,P0006,62,688.6968
2023-10-21,S002,P0006,111,707.09357
2023-10-22,S002,P0006,77,683.56274
2023-10-23,S002,P0006,72,609.5849
2023-10-24,S002,P0006,114,618.4141
2023-10-25,S002,P0006,142,674.21674
2023-10-26,S002,P0006,93,677.1484
2023-10-27,S002,P0006,127,742.03064
2023-10-28,S002,P0006,142,773.2026
2023-10-29,S002,P0006,45,735.7607
2023-10-30,S002,P0006,78,713.39624
2023-10-31,S002,P0006,108,711.4855
2023-11-01,S002,P0006,145,738.42694
2023-11-02,S002,P0006,163,814.7089
2023-11-03,S002,P0006,99,792.60785
2023-11-04,S002,P0006,60,700.1017
2023-11-05,S002,P0006,141,780.5294
2023-11-06,S002,P0006,87,802.0749
2023-11-07,S002,P0006,137,815.78204
2023-11-08,S002,P0006,80,754.0201
2023-11-09,S002,P0006,98,702.0812
2023-11-10,S002,P0006,105,709.5969
2023-11-11,S002,P0006,127,776.18353
2023-11-12,S002,P0006,194,821.59894
2023-11-13,S002,P0006,176,927.66144
2023-11-14,S002,P0006,56,833.70416
2023-11-15,S002,P0006,70,809.8913
2023-11-16,S002,P0006,91,804.26917
2023-11-17,S002,P0006,85,790.051
2023-11-18,S002,P0006,88,760.5774
2023-11-19,S002,P0006,100,698.8342
2023-11-20,S002,P0006,164,701.11005
2023-11-21,S002,P0006,84,700.76904
2023-11-22,S002,P0006,143,755.2758
2023-11-23,S002,P0006,65,744.7882
2023-11-24,S002,P0006,74,722.68555
2023-11-25,S002,P0006,133,760.7806
2023-11-26,S002,P0006,42,704.95544
2023-11-27,S002,P0006,140,707.9225
2023-11-28,S002,P0006,77,692.792
2023-11-29,S002,P0006,69,604.6063
2023-11-30,S002,P0006,73,615.09534
2023-12-01,S002,P0006,124,676.46533
2023-12-02,S002,P0006,161,715.5881
2023-12-03,S002,P0006,137,807.98846
2023-12-04,S002,P0006,80,748.20044
2023-12-05,S002,P0006,158,804.1826
2023-12-06,S002,P0006,86,813.54297
2023-12-07,S002,P0006,161,868.3169
2023-12-08,S002,P0006,176,976.20325
2023-12-09,S002,P0006,146,952.7129
2023-12-10,S002,P0006,115,913.2736
2023-12-11,S002,P0006,125,939.1713
2023-12-12,S002,P0006,100,895.49725
2023-12-13,S002,P0006,140,933.1454
2023-12-14,S002,P0006,203,997.617
2023-12-15,S002,P0006,255,1079.912
2023-12-16,S002,P0006,36,968.7662
2023-12-17,S002,P0006,148,971.564
2023-12-18,S002,P0006,214,1094.5255
2023-12-19,S002,P0006,121,1105.4001
2023-12-20,S002,P0006,107,1040.3121
2023-12-21,S002,P0006,106,955.40564
2023-12-22,S002,P0006,40,754.9952
2023-12-23,S002,P0006,94,796.0215
2023-12-24,S002,P0006,90,776.14056
2023-12-25,S002,P0006,142,740.8682
2023-12-26,S002,P0006,97,712.9868
2023-12-27,S002,P0006,139,727.9126
2023-12-28,S002,P0006,81,700.67426
2023-12-29,S002,P0006,76,703.92645
2023-12-30,S002,P0006,157,783.2331
2023-12-31,S002,P0006,121,813.7056
2024-01-01,S002,P0006,83,658.607
2024-01-02,S002,P0006,201,854.36163
2024-01-03,S002,P0006,128,889.6865
2024-01-04,S002,P0006,205,990.8157
2024-01-05,S002,P0006,136,1033.7766
2024-01-06,S002,P0006,102,867.9571
2024-01-07,S002,P0006,103,870.34576
2024-01-08,S002,P0006,195,1023.57294
2024-01-09,S002,P0006,138,1005.23083
2024-01-10,S002,P0006,113,971.96344
2024-01-11,S002,P0006,90,854.8847
2024-01-12,S002,P0006,117,855.07306
2024-01-13,S002,P0006,85,673.855
2024-01-14,S002,P0006,113,715.56586
2024-01-15,S002,P0006,103,693.53735
2024-01-16,S002,P0006,91,678.47736
2024-01-17,S002,P0006,21,628.15436
2024-01-18,S002,P0006,72,612.54675
2024-01-19,S002,P0006,87,570.22626
2024-01-20,S002,P0006,96,401.72238
2024-01-21,S002,P0006,84,561.9148
2024-01-22,S002,P0006,88,425.3006
2024-01-23,S002,P0006,80,556.74713
2024-01-24,S002,P0006,165,682.4102
2024-01-25,S002,P0006,226,846.56104
2024-01-26,S002,P0006,121,857.06647
2024-01-27,S002,P0006,167,793.5002
2024-01-28,S002,P0006,167,1027.0936
2024-01-29,S002,P0006,100,937.5847
2024-01-30,S002,P0006,118,994.9919
2023-10-13,S002,P0007,15,201.63698
2023-10-14,S002,P0007,26,178.50362
2023-10-15,S002,P0007,47,204.36763
2023-10-16,S002,P0007,13,195.93799
2023-10-17,S002,P0007,41,205.6474
2023-10-18,S002,P0007,77,240.13075
2023-10-19,S002,P0007,7,242.94467
2023-10-20,S002,P0007,12,221.71063
2023-10-21,S002,P0007,43,238.52531
2023-10-22,S002,P0007,39,228.83357
2023-10-23,S002,P0007,31,242.04987
2023-10-24,S002,P0007,30,241.31789
2023-10-25,S002,P0007,101,361.3541
2023-10-26,S002,P0007,125,462.60104
2023-10-27,S002,P0007,52,503.39957
2023-10-28,S002,P0007,130,581.2957
2023-10-29,S002,P0007,59,559.835
2023-10-30,S002,P0007,121,660.6994
2023-10-31,S002,P0007,76,685.44946
2023-11-01,S002,P0007,44,617.96735
2023-11-02,S002,P0007,109,612.1905
2023-11-03,S002,P0007,87,647.1108
2023-11-04,S002,P0007,162,695.3135
2023-11-05,S002,P0007,105,716.48505
2023-11-06,S002,P0007,57,634.1388
2023-11-07,S002,P0007,225,806.0392
2023-11-08,S002,P0007,76,850.6879
2023-11-09,S002,P0007,158,861.3046
2023-11-10,S002,P0007,89,880.33704
2023-11-11,S002,P0007,75,790.6747
2023-11-12,S002,P0007,132,818.7039
2023-11-13,S002,P0007,155,902.484
2023-11-14,S002,P0007,113,814.4242
2023-11-15,S002,P0007,93,809.96027
2023-11-16,S002,P0007,83,722.6711
2023-11-17,S002,P0007,89,741.06213
2023-11-18,S002,P0007,167,817.19543
2023-11-19,S002,P0007,90,797.1111
2023-11-20,S002,P0007,118,749.7957
2023-11-21,S002,P0007,107,757.07983
2023-11-22,S002,P0007,74,732.512
2023-11-23,S002,P0007,136,779.9082
2023-11-24,S002,P0007,118,808.8955
2023-11-25,S002,P0007,124,762.27563
2023-11-26,S002,P0007,125,817.34546
2023-11-27,S002,P0007,128,820.98474
2023-11-28,S002,P0007,74,768.5765
2023-11-29,S002,P0007,88,772.8408
2023-11-30,S002,P0007,71,706.5285
2023-12-01,S002,P0007,50,650.8582
2023-12-02,S002,P0007,149,701.48474
2023-12-03,S002,P0007,58,655.4826
2023-12-04,S002,P0007,151,647.89703
2023-12-05,S002,P0007,44,668.5327
2023-12-06,S002,P0007,135,681.6759
2023-12-07,S002,P0007,112,723.3098
2023-12-08,S002,P0007,105,771.8677
2023-12-09,S002,P0007,53,671.5786
2023-12-10,S002,P0007,132,736.6139
2023-12-11,S002,P0007,131,723.7232
2023-12-12,S002,P0007,59,714.9515
2023-12-13,S002,P0007,113,713.0549
2023-12-14,S002,P0007,38,644.3126
2023-12-15,S002,P0007,105,638.02094
2023-12-16,S002,P0007,105,714.4775
2023-12-17,S002,P0007,100,677.8211
2023-12-18,S002,P0007,173,744.67474
2023-12-19,S002,P0007,75,732.025
2023-12-20,S002,P0007,57,641.53455
2023-12-21,S002,P0007,63,678.8652
2023-12-22,S002,P0007,42,620.40265
2023-12-23,S002,P0007,133,671.8696
2023-12-24,S002,P0007,126,693.7761
2023-12-25,S002,P0007,92,637.2493
2023-12-26,S002,P0007,76,605.6151
2023-12-27,S002,P0007,20,538.8112
2023-12-28,S002,P0007,19,467.63214
2023-12-29,S002,P0007,16,406.7331
2023-12-30,S002,P0007,9,285.96545
2023-12-31,S002,P0007,30,205.77985
2024-01-01,S002,P0007,36,222.44133
2024-01-02,S002,P0007,32,198.49963
2024-01-03,S002,P0007,61,207.89694
2024-01-04,S002,P0007,62,291.04343
2024-01-05,S002,P0007,9,229.1853
2024-01-06,S002,P0007,67,225.87215
2024-01-07,S002,P0007,49,328.09937
2024-01-08,S002,P0007,30,275.17435
2024-01-09,S002,P0007,67,392.71664
2024-01-10,S002,P0007,137,503.03806
2024-01-11,S002,P0007,50,473.3315
2024-01-12,S002,P0007,43,473.88922
2024-01-13,S002,P0007,56,455.12332
2024-01-14,S002,P0007,120,495.69815
2024-01-15,S002,P0007,115,472.79788
2024-01-16,S002,P0007,134,666.495
2024-01-17,S002,P0007,99,666.8465
2024-01-18,S002,P0007,49,610.77295
2024-01-19,S002,P0007,61,589.8815
2024-01-20,S002,P0007,101,651.0925
2024-01-21,S002,P0007,47,511.9341
2024-01-22,S002,P0007,68,493.08844
2024-01-23,S002,P0007,104,529.568
2024-01-24,S002,P0007,99,534.9629
2024-01-25,S002,P0007,155,618.28
2024-01-26,S002,P0007,75,652.468
2024-01-27,S002,P0007,174,700.68524
2024-01-28,S002,P0007,60,608.3845
2024-01-29,S002,P0007,129,684.42114
2024-01-30,S002,P0007,109,801.12067
2023-10-13,S002,P0008,75,691.5482
2023-10-14,S002,P0008,97,713.3828
2023-10-15,S002,P0008,99,661.9031
2023-10-16,S002,P0008,63,590.7237
2023-10-17,S002,P0008,108,633.9597
2023-10-18,S002,P0008,117,694.7069
2023-10-19,S002,P0008,93,676.68964
2023-10-20,S002,P0008,59,627.99084
2023-10-21,S002,P0008,125,647.5412
2023-10-22,S002,P0008,94,661.4857
2023-10-23,S002,P0008,148,737.89154
2023-10-24,S002,P0008,66,694.3875
2023-10-25,S002,P0008,117,694.74286
2023-10-26,S002,P0008,31,640.3782
2023-10-27,S002,P0008,122,694.5441
2023-10-28,S002,P0008,118,734.0895
2023-10-29,S002,P0008,85,682.1166
2023-10-30,S002,P0008,133,681.55255
2023-10-31,S002,P0008,101,710.2165
2023-11-01,S002,P0008,93,684.3585
2023-11-02,S002,P0008,81,721.213
2023-11-03,S002,P0008,154,772.6018
2023-11-04,S002,P0008,69,723.8078
2023-11-05,S002,P0008,156,781.20154
2023-11-06,S002,P0008,129,787.85034
2023-11-07,S002,P0008,103,780.61896
2023-11-08,S002,P0008,79,770.0554
2023-11-09,S002,P0008,144,833.4267
2023-11-10,S002,P0008,131,816.7976
2023-11-11,S002,P0008,75,804.473
2023-11-12,S002,P0008,157,803.8306
2023-11-13,S002,P0008,149,860.6671
2023-11-14,S002,P0008,33,773.5121
2023-11-15,S002,P0008,98,767.9175
2023-11-16,S002,P0008,146,787.8946
2023-11-17,S002,P0008,118,774.44464
2023-11-18,S002,P0008,154,868.2164
2023-11-19,S002,P0008,86,784.0333
2023-11-20,S002,P0008,26,660.7423
2023-11-21,S002,P0008,50,662.80615
2023-11-22,S002,P0008,65,643.5196
2023-11-23,S002,P0008,118,634.40967
2023-11-24,S002,P0008,85,605.18994
2023-11-25,S002,P0008,142,614.47156
2023-11-26,S002,P0008,150,684.71533
2023-11-27,S002,P0008,198,842.992
2023-11-28,S002,P0008,112,868.45605
2023-11-29,S002,P0008,113,871.12585
2023-11-30,S002,P0008,163,935.9022
2023-12-01,S002,P0008,85,929.5202
2023-12-02,S002,P0008,127,897.0669
2023-12-03,S002,P0008,119,889.6532
2023-12-04,S002,P0008,97,809.7756
2023-12-05,S002,P0008,235,931.5666
2023-12-06,S002,P0008,181,1015.0417
2023-12-07,S002,P0008,153,1017.1155
2023-12-08,S002,P0008,95,972.7162
2023-12-09,S002,P0008,76,906.26227
2023-12-10,S002,P0008,106,927.3824
2023-12-11,S002,P0008,71,857.8326
2023-12-12,S002,P0008,64,736.7872
2023-12-13,S002,P0008,159,742.51904
2023-12-14,S002,P0008,215,816.60925
2023-12-15,S002,P0008,211,929.363
2023-12-16,S002,P0008,104,958.3434
2023-12-17,S002,P0008,105,934.95703
2023-12-18,S002,P0008,119,948.4657
2023-12-19,S002,P0008,73,967.2384
2023-12-20,S002,P0008,68,863.3542
2023-12-21,S002,P0008,126,802.7172
2023-12-22,S002,P0008,178,787.6638
2023-12-23,S002,P0008,127,812.5239
2023-12-24,S002,P0008,146,834.2639
2023-12-25,S002,P0008,122,838.68585
2023-12-26,S002,P0008,223,1010.5559
2023-12-27,S002,P0008,97,1007.7111
2023-12-28,S002,P0008,105,937.0533
2023-12-29,S002,P0008,115,886.26624
2023-12-30,S002,P0008,76,843.3895
2023-12-31,S002,P0008,47,728.38007
2024-01-01,S002,P0008,52,596.0299
2024-01-02,S002,P0008,58,484.70966
2024-01-03,S002,P0008,81,534.9061
2024-01-04,S002,P0008,64,515.2946
2024-01-05,S002,P0008,114,533.1784
2024-01-06,S002,P0008,68,353.63513
2024-01-07,S002,P0008,104,366.87665
2024-01-08,S002,P0008,73,466.78796
2024-01-09,S002,P0008,145,638.5831
2024-01-10,S002,P0008,73,628.00793
2024-01-11,S002,P0008,189,743.33374
2024-01-12,S002,P0008,106,743.0437
2024-01-13,S002,P0008,85,636.2403
2024-01-14,S002,P0008,142,638.76996
2024-01-15,S002,P0008,72,712.28186
2024-01-16,S002,P0008,110,753.67523
2024-01-17,S002,P0008,92,771.6843
2024-01-18,S002,P0008,127,761.94
2024-01-19,S002,P0008,105,720.45874
2024-01-20,S002,P0008,118,618.583
2024-01-21,S002,P0008,132,647.67993
2024-01-22,S002,P0008,66,631.63806
2024-01-23,S002,P0008,157,801.0382
2024-01-24,S002,P0008,130,831.6363
2024-01-25,S002,P0008,120,810.7529
2024-01-26,S002,P0008,104,785.1531
2024-01-27,S002,P0008,173,866.5525
2024-01-28,S002,P0008,124,740.91235
2024-01-29,S002,P0008,111,785.4556
2024-01-30,S002,P0008,96,789.9159
2023-10-13,S002,P0009,51,492.23157
2023-10-14,S002,P0009,78,490.6575
2023-10-15,S002,P0009,77,505.43085
2023-10-16,S002,P0009,94,522.2708
2023-10-17,S002,P0009,107,564.3717
2023-10-18,S002,P0009,107,604.2708
2023-10-19,S002,P0009,64,595.61597
2023-10-20,S002,P0009,45,561.2097
2023-10-21,S002,P0009,105,586.94196
2023-10-22,S002,P0009,96,624.98486
2023-10-23,S002,P0009,142,675.6357
2023-10-24,S002,P0009,72,633.9169
2023-10-25,S002,P0009,76,615.3629
2023-10-26,S002,P0009,181,700.2338
2023-10-27,S002,P0009,169,860.97253
2023-10-28,S002,P0009,178,922.7998
2023-10-29,S002,P0009,108,905.7043
2023-10-30,S002,P0009,99,869.7497
2023-10-31,S002,P0009,76,850.3805
2023-11-01,S002,P0009,74,852.11383
2023-11-02,S002,P0009,177,859.08655
2023-11-03,S002,P0009,162,895.126
2023-11-04,S002,P0009,144,886.19556
2023-11-05,S002,P0009,107,841.9244
2023-11-06,S002,P0009,74,797.6753
2023-11-07,S002,P0009,113,850.7413
2023-11-08,S002,P0009,139,897.51416
2023-11-09,S002,P0009,125,859.0882
2023-11-10,S002,P0009,91,793.47
2023-11-11,S002,P0009,131,777.51965
2023-11-12,S002,P0009,66,739.5921
2023-11-13,S002,P0009,136,805.4009
2023-11-14,S002,P0009,147,826.5982
2023-11-15,S002,P0009,64,760.52026
2023-11-16,S002,P0009,75,714.7197
2023-11-17,S002,P0009,138,752.50616
2023-11-18,S002,P0009,169,779.1237
2023-11-19,S002,P0009,178,930.7502
2023-11-20,S002,P0009,139,928.06445
2023-11-21,S002,P0009,142,906.28894
2023-11-22,S002,P0009,90,897.51263
2023-11-23,S002,P0009,107,914.917
2023-11-24,S002,P0009,129,931.08325
2023-11-25,S002,P0009,206,974.00366
2023-11-26,S002,P0009,61,877.0158
2023-11-27,S002,P0009,35,759.3908
2023-11-28,S002,P0009,199,843.8063
2023-11-29,S002,P0009,84,841.2486
2023-11-30,S002,P0009,61,762.3313
2023-12-01,S002,P0009,118,750.4686
2023-12-02,S002,P0009,143,724.398
2023-12-03,S002,P0009,67,741.2754
2023-12-04,S002,P0009,181,846.86554
2023-12-05,S002,P0009,89,769.4079
2023-12-06,S002,P0009,91,776.174
2023-12-07,S002,P0009,186,872.8556
2023-12-08,S002,P0009,166,937.8483
2023-12-09,S002,P0009,159,930.7102
2023-12-10,S002,P0009,92,934.6892
2023-12-11,S002,P0009,152,917.882
2023-12-12,S002,P0009,244,1026.914
2023-12-13,S002,P0009,182,1167.9055
2023-12-14,S002,P0009,193,1162.8408
2023-12-15,S002,P0009,130,1121.8086
2023-12-16,S002,P0009,88,1026.5386
2023-12-17,S002,P0009,127,1072.2786
2023-12-18,S002,P0009,194,1114.0138
2023-12-19,S002,P0009,83,984.5482
2023-12-20,S002,P0009,124,927.1683
2023-12-21,S002,P0009,174,947.83325
2023-12-22,S002,P0009,81,894.5011
2023-12-23,S002,P0009,160,912.20245
2023-12-24,S002,P0009,85,900.4916
2023-12-25,S002,P0009,110,838.7703
2023-12-26,S002,P0009,249,976.7289
2023-12-27,S002,P0009,105,947.942
2023-12-28,S002,P0009,66,812.34503
2023-12-29,S002,P0009,128,864.2072
2023-12-30,S002,P0009,74,777.4232
2023-12-31,S002,P0009,35,716.01013
2024-01-01,S002,P0009,89,619.1842
2024-01-02,S002,P0009,116,689.3646
2024-01-03,S002,P0009,80,613.11957
2024-01-04,S002,P0009,44,543.95715
2024-01-05,S002,P0009,66,493.7886
2024-01-06,S002,P0009,92,508.84723
2024-01-07,S002,P0009,120,441.53253
2024-01-08,S002,P0009,91,552.0757
2024-01-09,S002,P0009,150,593.71826
2024-01-10,S002,P0009,106,674.3405
2024-01-11,S002,P0009,109,760.92755
2024-01-12,S002,P0009,116,769.05743
2024-01-13,S002,P0009,138,692.45026
2024-01-14,S002,P0009,111,718.9761
2024-01-15,S002,P0009,71,678.6775
2024-01-16,S002,P0009,123,784.5936
2024-01-17,S002,P0009,184,862.81104
2024-01-18,S002,P0009,150,907.4193
2024-01-19,S002,P0009,80,836.95245
2024-01-20,S002,P0009,139,822.8687
2024-01-21,S002,P0009,157,906.04156
2024-01-22,S002,P0009,116,873.7132
2024-01-23,S002,P0009,61,861.6505
2024-01-24,S002,P0009,284,957.69183
2024-01-25,S002,P0009,135,964.2971
2024-01-26,S002,P0009,135,1028.0876
2024-01-27,S002,P0009,148,1015.21277
2024-01-28,S002,P0009,131,913.0787
2024-01-29,S002,P0009,85,854.8271
2024-01-30,S002,P0009,108,1000.66327
2023-10-13,S002,P0010,52,589.3436
2023-10-14,S002,P0010,66,514.32935
2023-10-15,S002,P0010,94,546.66174
2023-10-16,S002,P0010,80,573.54706
2023-10-17,S002,P0010,47,559.7302
2023-10-18,S002,P0010,57,506.867
2023-10-19,S002,P0010,61,470.09625
2023-10-20,S002,P0010,71,476.09998
2023-10-21,S002,P0010,113,534.3176
2023-10-22,S002,P0010,102,580.2007
2023-10-23,S002,P0010,93,564.622
2023-10-24,S002,P0010,88,601.91534
2023-10-25,S002,P0010,124,646.64276
2023-10-26,S002,P0010,46,637.7338
2023-10-27,S002,P0010,87,633.10815
2023-10-28,S002,P0010,161,694.69415
2023-10-29,S002,P0010,102,707.13385
2023-10-30,S002,P0010,126,737.68317
2023-10-31,S002,P0010,138,778.8232
2023-11-01,S002,P0010,119,784.5009
2023-11-02,S002,P0010,259,954.19855
2023-11-03,S002,P0010,71,972.31287
2023-11-04,S002,P0010,145,929.08624
2023-11-05,S002,P0010,121,959.23834
2023-11-06,S002,P0010,94,915.19946
2023-11-07,S002,P0010,71,859.4425
2023-11-08,S002,P0010,120,875.1492
2023-11-09,S002,P0010,206,842.6488
2023-11-10,S002,P0010,44,811.6396
2023-11-11,S002,P0010,100,747.10706
2023-11-12,S002,P0010,173,807.0191
2023-11-13,S002,P0010,155,865.6075
2023-11-14,S002,P0010,98,904.2967
2023-11-15,S002,P0010,188,951.2783
2023-11-16,S002,P0010,91,836.686
2023-11-17,S002,P0010,126,886.36273
2023-11-18,S002,P0010,41,851.2191
2023-11-19,S002,P0010,113,804.2916
2023-11-20,S002,P0010,194,852.1078
2023-11-21,S002,P0010,106,861.9018
2023-11-22,S002,P0010,148,876.5558
2023-11-23,S002,P0010,168,903.2063
2023-11-24,S002,P0010,85,861.0472
2023-11-25,S002,P0010,128,889.5472
2023-11-26,S002,P0010,60,874.6408
2023-11-27,S002,P0010,63,757.2455
2023-11-28,S002,P0010,101,752.5771
2023-11-29,S002,P0010,61,661.87305
2023-11-30,S002,P0010,99,629.42175
2023-12-01,S002,P0010,124,675.4215
2023-12-02,S002,P0010,164,707.5302
2023-12-03,S002,P0010,133,777.0826
2023-12-04,S002,P0010,201,880.8679
2023-12-05,S002,P0010,67,858.79755
2023-12-06,S002,P0010,110,859.66895
2023-12-07,S002,P0010,133,915.1239
2023-12-08,S002,P0010,122,915.0069
2023-12-09,S002,P0010,193,953.2385
2023-12-10,S002,P0010,188,1010.3376
2023-12-11,S002,P0010,135,945.80756
2023-12-12,S002,P0010,140,990.81854
2023-12-13,S002,P0010,167,1039.5562
2023-12-14,S002,P0010,149,1066.7563
2023-12-15,S002,P0010,94,1028.2094
2023-12-16,S002,P0010,53,918.257
2023-12-17,S002,P0010,150,905.73676
2023-12-18,S002,P0010,143,915.76855
2023-12-19,S002,P0010,162,912.8623
2023-12-20,S002,P0010,178,945.5503
2023-12-21,S002,P0010,143,914.6871
2023-12-22,S002,P0010,98,902.3074
2023-12-23,S002,P0010,95,933.45026
2023-12-24,S002,P0010,99,907.4179
2023-12-25,S002,P0010,102,886.78687
2023-12-26,S002,P0010,109,825.1174
2023-12-27,S002,P0010,167,822.2922
2023-12-28,S002,P0010,83,763.81775
2023-12-29,S002,P0010,116,754.12866
2023-12-30,S002,P0010,74,751.1244
2023-12-31,S002,P0010,94,743.5536
2024-01-01,S002,P0010,90,720.9401
2024-01-02,S002,P0010,93,680.768
2024-01-03,S002,P0010,62,587.4389
2024-01-04,S002,P0010,89,620.16644
2024-01-05,S002,P0010,130,617.84375
2024-01-06,S002,P0010,81,457.48102
2024-01-07,S002,P0010,189,682.95593
2024-01-08,S002,P0010,134,761.18756
2024-01-09,S002,P0010,147,823.13104
2024-01-10,S002,P0010,74,827.309
2024-01-11,S002,P0010,118,854.2784
2024-01-12,S002,P0010,174,877.39825
2024-01-13,S002,P0010,124,780.2321
2024-01-14,S002,P0010,152,788.8054
2024-01-15,S002,P0010,140,859.76556
2024-01-16,S002,P0010,103,897.9396
2024-01-17,S002,P0010,182,984.4527
2024-01-18,S002,P0010,164,1065.5746
2024-01-19,S002,P0010,86,950.9962
2024-01-20,S002,P0010,86,768.4565
2024-01-21,S002,P0010,156,854.8428
2024-01-22,S002,P0010,180,873.1245
2024-01-23,S002,P0010,98,921.5318
2024-01-24,S002,P0010,169,921.0759
2024-01-25,S002,P0010,115,834.68115
2024-01-26,S002,P0010,120,891.5334
2024-01-27,S002,P0010,159,889.22107
2024-01-28,S002,P0010,112,831.5181
2024-01-29,S002,P0010,120,795.95355
2024-01-30,S002,P0010,107,873.892
2023-10-13,S002,P0011,87,626.12054
2023-10-14,S002,P0011,79,583.1407
2023-10-15,S002,P0011,63,544.451
2023-10-16,S002,P0011,112,602.17413
2023-10-17,S002,P0011,73,604.2251
2023-10-18,S002,P0011,92,614.517
2023-10-19,S002,P0011,97,606.283
2023-10-20,S002,P0011,40,577.08936
2023-10-21,S002,P0011,33,491.92535
2023-10-22,S002,P0011,70,511.35623
2023-10-23,S002,P0011,89,508.2091
2023-10-24,S002,P0011,76,526.64526
2023-10-25,S002,P0011,96,520.50946
2023-10-26,S002,P0011,181,619.6063
2023-10-27,S002,P0011,110,648.3337
2023-10-28,S002,P0011,114,741.37164
2023-10-29,S002,P0011,105,757.0785
2023-10-30,S002,P0011,104,776.5883
2023-10-31,S002,P0011,57,755.57166
2023-11-01,S002,P0011,101,762.64404
2023-11-02,S002,P0011,141,729.3019
2023-11-03,S002,P0011,150,782.9467
2023-11-04,S002,P0011,169,817.6996
2023-11-05,S002,P0011,35,775.4821
2023-11-06,S002,P0011,100,748.99976
2023-11-07,S002,P0011,119,812.1547
2023-11-08,S002,P0011,111,821.75745
2023-11-09,S002,P0011,134,804.6101
2023-11-10,S002,P0011,90,761.5357
2023-11-11,S002,P0011,131,730.1118
2023-11-12,S002,P0011,150,824.4976
2023-11-13,S002,P0011,38,772.0899
2023-11-14,S002,P0011,78,711.47125
2023-11-15,S002,P0011,34,650.14417
2023-11-16,S002,P0011,32,560.8955
2023-11-17,S002,P0011,138,606.2749
2023-11-18,S002,P0011,214,736.11426
2023-11-19,S002,P0011,139,683.80206
2023-11-20,S002,P0011,74,734.6211
2023-11-21,S002,P0011,165,787.76654
2023-11-22,S002,P0011,86,841.8538
2023-11-23,S002,P0011,130,912.2148
2023-11-24,S002,P0011,93,884.891
2023-11-25,S002,P0011,67,744.6134
2023-11-26,S002,P0011,91,703.49774
2023-11-27,S002,P0011,82,710.88104
2023-11-28,S002,P0011,95,649.7285
2023-11-29,S002,P0011,113,691.272
2023-11-30,S002,P0011,64,627.0063
2023-12-01,S002,P0011,130,671.8711
2023-12-02,S002,P0011,141,732.00244
2023-12-03,S002,P0011,94,726.8192
2023-12-04,S002,P0011,164,789.12885
2023-12-05,S002,P0011,135,854.5982
2023-12-06,S002,P0011,47,767.58
2023-12-07,S002,P0011,159,853.60815
2023-12-08,S002,P0011,139,874.06036
2023-12-09,S002,P0011,163,911.64886
2023-12-10,S002,P0011,124,924.96686
2023-12-11,S002,P0011,82,838.1132
2023-12-12,S002,P0011,108,807.14246
2023-12-13,S002,P0011,141,903.8206
2023-12-14,S002,P0011,123,889.4575
2023-12-15,S002,P0011,135,871.1902
2023-12-16,S002,P0011,159,878.521
2023-12-17,S002,P0011,79,824.9659
2023-12-18,S002,P0011,205,933.03546
2023-12-19,S002,P0011,130,967.09705
2023-12-20,S002,P0011,119,927.0793
2023-12-21,S002,P0011,63,878.7679
2023-12-22,S002,P0011,25,761.72
2023-12-23,S002,P0011,98,707.6075
2023-12-24,S002,P0011,124,778.7897
2023-12-25,S002,P0011,42,647.63385
2023-12-26,S002,P0011,192,687.1563
2023-12-27,S002,P0011,108,689.81354
2023-12-28,S002,P0011,82,677.04126
2023-12-29,S002,P0011,84,720.917
2023-12-30,S002,P0011,65,681.7811
2023-12-31,S002,P0011,75,630.2019
2024-01-01,S002,P0011,129,687.84705
2024-01-02,S002,P0011,77,588.21655
2024-01-03,S002,P0011,135,643.69946
2024-01-04,S002,P0011,44,667.05975
2024-01-05,S002,P0011,106,621.54156
2024-01-06,S002,P0011,99,678.7914
2024-01-07,S002,P0011,99,616.1969
2024-01-08,S002,P0011,79,585.50464
2024-01-09,S002,P0011,165,693.8162
2024-01-10,S002,P0011,123,738.30853
2024-01-11,S002,P0011,201,857.49603
2024-01-12,S002,P0011,61,825.18317
2024-01-13,S002,P0011,155,829.28577
2024-01-14,S002,P0011,97,786.504
2024-01-15,S002,P0011,225,976.7983
2024-01-16,S002,P0011,105,987.4891
2024-01-17,S002,P0011,96,937.42346
2024-01-18,S002,P0011,130,835.4983
2024-01-19,S002,P0011,103,895.02856
2024-01-20,S002,P0011,136,833.9122
2024-01-21,S002,P0011,118,787.9815
2024-01-22,S002,P0011,146,730.51135
2024-01-23,S002,P0011,69,787.8456
2024-01-24,S002,P0011,119,799.8301
2024-01-25,S002,P0011,80,758.8434
2024-01-26,S002,P0011,78,716.2619
2024-01-27,S002,P0011,66,490.91415
2024-01-28,S002,P0011,121,548.0897
2024-01-29,S002,P0011,152,620.25226
2024-01-30,S002,P0011,62,682.24817
2023-10-13,S002,P0012,104,360.19864
2023-10-14,S002,P0012,70,394.03958
2023-10-15,S002,P0012,63,428.96567
2023-10-16,S002,P0012,78,447.93625
2023-10-17,S002,P0012,27,458.19693
2023-10-18,S002,P0012,62,430.65912
2023-10-19,S002,P0012,30,422.41806
2023-10-20,S002,P0012,90,397.57654
2023-10-21,S002,P0012,38,399.50186
2023-10-22,S002,P0012,72,390.32202
2023-10-23,S002,P0012,68,400.47144
2023-10-24,S002,P0012,43,405.41
2023-10-25,S002,P0012,127,512.89435
2023-10-26,S002,P0012,76,546.138
2023-10-27,S002,P0012,99,549.49786
2023-10-28,S002,P0012,66,587.03375
2023-10-29,S002,P0012,91,572.1855
2023-10-30,S002,P0012,93,619.0512
2023-10-31,S002,P0012,56,607.35065
2023-11-01,S002,P0012,133,642.26636
2023-11-02,S002,P0012,89,643.4885
2023-11-03,S002,P0012,115,647.65576
2023-11-04,S002,P0012,112,693.9167
2023-11-05,S002,P0012,38,646.9034
2023-11-06,S002,P0012,104,662.5799
2023-11-07,S002,P0012,82,697.2517
2023-11-08,S002,P0012,70,616.6594
2023-11-09,S002,P0012,70,611.3837
2023-11-10,S002,P0012,88,588.9031
2023-11-11,S002,P0012,129,610.4592
2023-11-12,S002,P0012,140,699.14734
2023-11-13,S002,P0012,71,661.95294
2023-11-14,S002,P0012,91,657.1321
2023-11-15,S002,P0012,148,736.01965
2023-11-16,S002,P0012,108,779.20026
2023-11-17,S002,P0012,99,767.4071
2023-11-18,S002,P0012,203,859.67004
2023-11-19,S002,P0012,107,841.95404
2023-11-20,S002,P0012,43,783.30994
2023-11-21,S002,P0012,74,769.3477
2023-11-22,S002,P0012,124,743.1902
2023-11-23,S002,P0012,139,809.6165
2023-11-24,S002,P0012,159,824.4542
2023-11-25,S002,P0012,140,776.29755
2023-11-26,S002,P0012,91,773.44073
2023-11-27,S002,P0012,107,815.89594
2023-11-28,S002,P0012,92,829.3656
2023-11-29,S002,P0012,124,846.7685
2023-11-30,S002,P0012,51,746.26764
2023-12-01,S002,P0012,110,713.49475
2023-12-02,S002,P0012,107,702.64575
2023-12-03,S002,P0012,102,702.565
2023-12-04,S002,P0012,114,702.5799
2023-12-05,S002,P0012,75,695.1675
2023-12-06,S002,P0012,85,654.909
2023-12-07,S002,P0012,110,720.20575
2023-12-08,S002,P0012,71,675.5574
2023-12-09,S002,P0012,109,666.03204
2023-12-10,S002,P0012,128,717.1415
2023-12-11,S002,P0012,142,725.83435
2023-12-12,S002,P0012,96,756.05096
2023-12-13,S002,P0012,98,749.07355
2023-12-14,S002,P0012,130,779.0149
2023-12-15,S002,P0012,110,814.2184
2023-12-16,S002,P0012,104,813.9951
2023-12-17,S002,P0012,122,792.1696
2023-12-18,S002,P0012,106,755.5208
2023-12-19,S002,P0012,119,795.07465
2023-12-20,S002,P0012,108,800.85504
2023-12-21,S002,P0012,118,789.5768
2023-12-22,S002,P0012,108,786.0266
2023-12-23,S002,P0012,89,782.96405
2023-12-24,S002,P0012,79,740.3943
2023-12-25,S002,P0012,32,651.5149
2023-12-26,S002,P0012,76,627.64624
2023-12-27,S002,P0012,47,547.2834
2023-12-28,S002,P0012,51,502.1467
2023-12-29,S002,P0012,46,432.27264
2023-12-30,S002,P0012,50,389.8042
2023-12-31,S002,P0012,30,348.15234
2024-01-01,S002,P0012,31,300.37875
2024-01-02,S002,P0012,76,325.8599
2024-01-03,S002,P0012,59,355.26666
2024-01-04,S002,P0012,26,330.58426
2024-01-05,S002,P0012,51,326.86523
2024-01-06,S002,P0012,75,337.45993
2024-01-07,S002,P0012,18,347.87308
2024-01-08,S002,P0012,58,282.5366
2024-01-09,S002,P0012,93,439.4927
2024-01-10,S002,P0012,118,503.70093
2024-01-11,S002,P0012,65,535.1086
2024-01-12,S002,P0012,122,588.8905
2024-01-13,S002,P0012,162,615.2651
2024-01-14,S002,P0012,79,572.36816
2024-01-15,S002,P0012,124,644.6516
2024-01-16,S002,P0012,89,742.4141
2024-01-17,S002,P0012,72,705.45526
2024-01-18,S002,P0012,105,763.3926
2024-01-19,S002,P0012,68,667.0986
2024-01-20,S002,P0012,115,510.5199
2024-01-21,S002,P0012,45,563.9596
2024-01-22,S002,P0012,94,591.8833
2024-01-23,S002,P0012,91,603.2727
2024-01-24,S002,P0012,119,616.9574
2024-01-25,S002,P0012,86,643.2194
2024-01-26,S002,P0012,49,594.893
2024-01-27,S002,P0012,81,373.8292
2024-01-28,S002,P0012,87,513.7594
2024-01-29,S002,P0012,77,525.41644
2024-01-30,S002,P0012,96,583.49005
2023-10-13,S002,P0013,103,538.7269
2023-10-14,S002,P0013,73,545.8259
2023-10-15,S002,P0013,65,516.6021
2023-10-16,S002,P0013,67,520.3251
2023-10-17,S002,P0013,93,516.06824
2023-10-18,S002,P0013,62,525.9722
2023-10-19,S002,P0013,35,501.93692
2023-10-20,S002,P0013,86,466.38513
2023-10-21,S002,P0013,73,500.87097
2023-10-22,S002,P0013,89,513.46356
2023-10-23,S002,P0013,75,525.11456
2023-10-24,S002,P0013,92,530.2474
2023-10-25,S002,P0013,125,592.0086
2023-10-26,S002,P0013,141,682.58887
2023-10-27,S002,P0013,137,753.4599
2023-10-28,S002,P0013,132,778.13745
2023-10-29,S002,P0013,114,814.313
2023-10-30,S002,P0013,95,814.0023
2023-10-31,S002,P0013,138,864.69293
2023-11-01,S002,P0013,186,932.634
2023-11-02,S002,P0013,110,910.4601
2023-11-03,S002,P0013,88,848.7182
2023-11-04,S002,P0013,147,873.8325
2023-11-05,S002,P0013,128,889.38086
2023-11-06,S002,P0013,130,894.611
2023-11-07,S002,P0013,98,870.4009
2023-11-08,S002,P0013,113,823.30145
2023-11-09,S002,P0013,86,789.41565
2023-11-10,S002,P0013,140,819.5327
2023-11-11,S002,P0013,123,835.3565
2023-11-12,S002,P0013,157,865.23065
2023-11-13,S002,P0013,224,960.1958
2023-11-14,S002,P0013,207,1073.9574
2023-11-15,S002,P0013,86,1011.06366
2023-11-16,S002,P0013,70,963.11096
2023-11-17,S002,P0013,43,880.8253
2023-11-18,S002,P0013,81,854.52386
2023-11-19,S002,P0013,69,768.45166
2023-11-20,S002,P0013,103,672.3723
2023-11-21,S002,P0013,107,621.5749
2023-11-22,S002,P0013,91,616.0903
2023-11-23,S002,P0013,133,666.3367
2023-11-24,S002,P0013,57,671.03143
2023-11-25,S002,P0013,135,709.0939
2023-11-26,S002,P0013,80,720.65375
2023-11-27,S002,P0013,146,750.4984
2023-11-28,S002,P0013,94,747.94604
2023-11-29,S002,P0013,64,695.9259
2023-11-30,S002,P0013,154,748.3003
2023-12-01,S002,P0013,177,868.64594
2023-12-02,S002,P0013,74,798.2205
2023-12-03,S002,P0013,82,771.2423
2023-12-04,S002,P0013,227,855.1607
2023-12-05,S002,P0013,91,895.9394
2023-12-06,S002,P0013,111,895.3173
2023-12-07,S002,P0013,96,849.3449
2023-12-08,S002,P0013,61,758.9872
2023-12-09,S002,P0013,94,765.4446
2023-12-10,S002,P0013,68,749.6844
2023-12-11,S002,P0013,144,712.4382
2023-12-12,S002,P0013,61,668.4736
2023-12-13,S002,P0013,183,745.0925
2023-12-14,S002,P0013,73,714.6762
2023-12-15,S002,P0013,173,774.66895
2023-12-16,S002,P0013,123,826.88
2023-12-17,S002,P0013,92,848.44226
2023-12-18,S002,P0013,207,895.487
2023-12-19,S002,P0013,125,964.1971
2023-12-20,S002,P0013,150,911.70123
2023-12-21,S002,P0013,71,912.8919
2023-12-22,S002,P0013,40,805.1984
2023-12-23,S002,P0013,138,814.23914
2023-12-24,S002,P0013,111,859.3444
2023-12-25,S002,P0013,87,736.28436
2023-12-26,S002,P0013,100,721.97107
2023-12-27,S002,P0013,80,631.4753
2023-12-28,S002,P0013,64,616.29987
2023-12-29,S002,P0013,124,679.3553
2023-12-30,S002,P0013,50,643.5497
2023-12-31,S002,P0013,39,538.29694
2024-01-01,S002,P0013,99,493.18396
2024-01-02,S002,P0013,63,553.6766
2024-01-03,S002,P0013,72,514.4285
2024-01-04,S002,P0013,109,545.3406
2024-01-05,S002,P0013,84,542.87634
2024-01-06,S002,P0013,80,380.1785
2024-01-07,S002,P0013,123,609.7084
2024-01-08,S002,P0013,34,548.29895
2024-01-09,S002,P0013,151,664.66113
2024-01-10,S002,P0013,63,695.5809
2024-01-11,S002,P0013,4,569.6888
2024-01-12,S002,P0013,152,574.44977
2024-01-13,S002,P0013,146,569.3856
2024-01-14,S002,P0013,146,572.72345
2024-01-15,S002,P0013,111,716.7184
2024-01-16,S002,P0013,128,794.36304
2024-01-17,S002,P0013,118,817.8121
2024-01-18,S002,P0013,107,849.5081
2024-01-19,S002,P0013,168,849.9992
2024-01-20,S002,P0013,131,767.6791
2024-01-21,S002,P0013,82,696.5222
2024-01-22,S002,P0013,114,736.8881
2024-01-23,S002,P0013,138,860.28357
2024-01-24,S002,P0013,134,850.9996
2024-01-25,S002,P0013,114,881.8413
2024-01-26,S002,P0013,120,821.5296
2024-01-27,S002,P0013,117,798.16656
2024-01-28,S002,P0013,130,736.71924
2024-01-29,S002,P0013,80,708.1004
2024-01-30,S002,P0013,129,793.4766
2023-10-13,S002,P0014,47,482.5848
2023-10-14,S002,P0014,87,481.5088
2023-10-15,S002,P0014,110,532.1716
2023-10-16,S002,P0014,39,513.50745
2023-10-17,S002,P0014,44,476.25757
2023-10-18,S002,P0014,33,417.58292
2023-10-19,S002,P0014,57,397.79498
2023-10-20,S002,P0014,78,443.92975
2023-10-21,S002,P0014,40,408.46222
2023-10-22,S002,P0014,56,326.18716
2023-10-23,S002,P0014,89,378.33258
2023-10-24,S002,P0014,22,386.86493
2023-10-25,S002,P0014,67,450.68524
2023-10-26,S002,P0014,49,441.70636
2023-10-27,S002,P0014,132,495.6795
2023-10-28,S002,P0014,65,510.36322
2023-10-29,S002,P0014,52,487.85178
2023-10-30,S002,P0014,86,491.2158
2023-10-31,S002,P0014,46,509.2644
2023-11-01,S002,P0014,100,536.11676
2023-11-02,S002,P0014,126,623.8519
2023-11-03,S002,P0014,150,653.9183
2023-11-04,S002,P0014,145,713.3354
2023-11-05,S002,P0014,140,800.76245
2023-11-06,S002,P0014,83,760.6046
2023-11-07,S002,P0014,78,805.38947
2023-11-08,S002,P0014,162,857.9024
2023-11-09,S002,P0014,99,851.8418
2023-11-10,S002,P0014,54,730.9604
2023-11-11,S002,P0014,123,726.13086
2023-11-12,S002,P0014,86,690.06866
2023-11-13,S002,P0014,46,648.0074
2023-11-14,S002,P0014,121,684.8805
2023-11-15,S002,P0014,69,617.3655
2023-11-16,S002,P0014,99,596.31854
2023-11-17,S002,P0014,72,618.07074
2023-11-18,S002,P0014,88,584.0956
2023-11-19,S002,P0014,102,602.7074
2023-11-20,S002,P0014,57,605.38446
2023-11-21,S002,P0014,39,530.1226
2023-11-22,S002,P0014,40,486.75992
2023-11-23,S002,P0014,88,484.07825
2023-11-24,S002,P0014,30,457.11078
2023-11-25,S002,P0014,101,481.9376
2023-11-26,S002,P0014,68,461.37967
2023-11-27,S002,P0014,47,434.2183
2023-11-28,S002,P0014,69,456.98163
2023-11-29,S002,P0014,65,485.47342
2023-11-30,S002,P0014,70,468.2364
2023-12-01,S002,P0014,99,544.08704
2023-12-02,S002,P0014,42,493.60123
2023-12-03,S002,P0014,97,497.23776
2023-12-04,S002,P0014,118,568.05804
2023-12-05,S002,P0014,97,590.08044
2023-12-06,S002,P0014,109,629.38403
2023-12-07,S002,P0014,46,599.0481
2023-12-08,S002,P0014,106,601.94446
2023-12-09,S002,P0014,117,680.91797
2023-12-10,S002,P0014,135,726.8408
2023-12-11,S002,P0014,80,689.4661
2023-12-12,S002,P0014,93,659.08026
2023-12-13,S002,P0014,86,654.2217
2023-12-14,S002,P0014,129,735.635
2023-12-15,S002,P0014,97,736.66266
2023-12-16,S002,P0014,113,719.2228
2023-12-17,S002,P0014,86,686.9833
2023-12-18,S002,P0014,102,696.6713
2023-12-19,S002,P0014,133,747.1834
2023-12-20,S002,P0014,99,765.6977
2023-12-21,S002,P0014,103,729.6898
2023-12-22,S002,P0014,74,702.00916
2023-12-23,S002,P0014,96,686.8493
2023-12-24,S002,P0014,130,739.1286
2023-12-25,S002,P0014,54,684.70526
2023-12-26,S002,P0014,168,720.2031
2023-12-27,S002,P0014,58,696.1855
2023-12-28,S002,P0014,11,572.36847
2023-12-29,S002,P0014,57,521.72815
2023-12-30,S002,P0014,29,457.30353
2023-12-31,S002,P0014,80,424.31607
2024-01-01,S002,P0014,61,453.8577
2024-01-02,S002,P0014,43,303.7313
2024-01-03,S002,P0014,47,338.69125
2024-01-04,S002,P0014,51,372.46246
2024-01-05,S002,P0014,38,366.70538
2024-01-06,S002,P0014,49,339.6181
2024-01-07,S002,P0014,53,347.96976
2024-01-08,S002,P0014,37,283.25613
2024-01-09,S002,P0014,81,403.72977
2024-01-10,S002,P0014,51,432.20975
2024-01-11,S002,P0014,117,452.54416
2024-01-12,S002,P0014,98,474.44934
2024-01-13,S002,P0014,122,408.28845
2024-01-14,S002,P0014,72,396.01828
2024-01-15,S002,P0014,72,476.25888
2024-01-16,S002,P0014,90,593.898
2024-01-17,S002,P0014,77,614.0809
2024-01-18,S002,P0014,184,683.8489
2024-01-19,S002,P0014,108,737.7755
2024-01-20,S002,P0014,161,687.83936
2024-01-21,S002,P0014,135,796.3343
2024-01-22,S002,P0014,80,815.7065
2024-01-23,S002,P0014,95,795.60425
2024-01-24,S002,P0014,87,814.5261
2024-01-25,S002,P0014,87,700.28613
2024-01-26,S002,P0014,121,715.7168
2024-01-27,S002,P0014,148,723.90015
2024-01-28,S002,P0014,37,511.65158
2024-01-29,S002,P0014,90,574.4535
2024-01-30,S002,P0014,101,641.4043
2023-10-13,S002,P0015,131,1042.9277
2023-10-14,S002,P0015,121,1000.9949
2023-10-15,S002,P0015,217,1064.6958
2023-10-16,S002,P0015,147,1075.9355
2023-10-17,S002,P0015,127,1065.8009
2023-10-18,S002,P0015,155,1096.7756
2023-10-19,S002,P0015,129,989.1393
2023-10-20,S002,P0015,96,957.3359
2023-10-21,S002,P0015,69,895.28595
2023-10-22,S002,P0015,60,757.7041
2023-10-23,S002,P0015,105,716.9466
2023-10-24,S002,P0015,157,778.6268
2023-10-25,S002,P0015,63,706.6727
2023-10-26,S002,P0015,99,655.4625
2023-10-27,S002,P0015,82,652.42993
2023-10-28,S002,P0015,128,713.19025
2023-10-29,S002,P0015,137,771.9323
2023-10-30,S002,P0015,112,778.722
2023-10-31,S002,P0015,102,728.8321
2023-11-01,S002,P0015,163,826.33685
2023-11-02,S002,P0015,95,821.6708
2023-11-03,S002,P0015,125,837.8362
2023-11-04,S002,P0015,103,824.2508
2023-11-05,S002,P0015,109,783.9952
2023-11-06,S002,P0015,23,729.96466
2023-11-07,S002,P0015,99,713.30756
2023-11-08,S002,P0015,77,639.4669
2023-11-09,S002,P0015,114,669.85535
2023-11-10,S002,P0015,84,646.2111
2023-11-11,S002,P0015,100,616.4945
2023-11-12,S002,P0015,118,633.02466
2023-11-13,S002,P0015,78,674.9745
2023-11-14,S002,P0015,75,657.20483
2023-11-15,S002,P0015,99,657.17725
2023-11-16,S002,P0015,55,605.7439
2023-11-17,S002,P0015,121,646.71533
2023-11-18,S002,P0015,119,663.2435
2023-11-19,S002,P0015,50,615.9271
2023-11-20,S002,P0015,81,609.2204
2023-11-21,S002,P0015,122,661.1651
2023-11-22,S002,P0015,112,665.31714
2023-11-23,S002,P0015,152,752.8194
2023-11-24,S002,P0015,72,739.1121
2023-11-25,S002,P0015,93,680.1469
2023-11-26,S002,P0015,105,739.01526
2023-11-27,S002,P0015,175,836.0458
2023-11-28,S002,P0015,27,752.76556
2023-11-29,S002,P0015,114,740.5058
2023-11-30,S002,P0015,69,660.6449
2023-12-01,S002,P0015,149,741.1597
2023-12-02,S002,P0015,147,779.64813
2023-12-03,S002,P0015,172,860.76416
2023-12-04,S002,P0015,123,810.86743
2023-12-05,S002,P0015,118,863.0901
2023-12-06,S002,P0015,132,900.03656
2023-12-07,S002,P0015,101,919.5708
2023-12-08,S002,P0015,96,880.9999
2023-12-09,S002,P0015,106,840.04297
2023-12-10,S002,P0015,70,745.5734
2023-12-11,S002,P0015,62,685.19574
2023-12-12,S002,P0015,116,703.4299
2023-12-13,S002,P0015,97,687.801
2023-12-14,S002,P0015,118,676.0567
2023-12-15,S002,P0015,83,685.4902
2023-12-16,S002,P0015,149,731.46387
2023-12-17,S002,P0015,127,783.3324
2023-12-18,S002,P0015,162,840.55676
2023-12-19,S002,P0015,78,842.3891
2023-12-20,S002,P0015,64,752.5324
2023-12-21,S002,P0015,93,740.9702
2023-12-22,S002,P0015,117,790.3054
2023-12-23,S002,P0015,61,693.44916
2023-12-24,S002,P0015,80,670.87494
2023-12-25,S002,P0015,133,660.8145
2023-12-26,S002,P0015,82,656.71936
2023-12-27,S002,P0015,221,777.402
2023-12-28,S002,P0015,106,843.5198
2023-12-29,S002,P0015,153,821.19824
2023-12-30,S002,P0015,125,904.7854
2023-12-31,S002,P0015,165,926.3328
2024-01-01,S002,P0015,121,962.0858
2024-01-02,S002,P0015,185,1015.653
2024-01-03,S002,P0015,139,1006.0366
2024-01-04,S002,P0015,154,1019.8158
2024-01-05,S002,P0015,133,1010.43555
2024-01-06,S002,P0015,31,895.7144
2024-01-07,S002,P0015,230,912.1815
2024-01-08,S002,P0015,100,954.0731
2024-01-09,S002,P0015,135,935.6463
2024-01-10,S002,P0015,96,843.9719
2024-01-11,S002,P0015,90,843.40674
2024-01-12,S002,P0015,130,795.0286
2024-01-13,S002,P0015,162,879.1717
2024-01-14,S002,P0015,137,691.2097
2024-01-15,S002,P0015,170,851.83453
2024-01-16,S002,P0015,92,872.90454
2024-01-17,S002,P0015,99,853.3821
2024-01-18,S002,P0015,125,884.40674
2024-01-19,S002,P0015,123,881.06824
2024-01-20,S002,P0015,202,900.95337
2024-01-21,S002,P0015,139,887.4097
2024-01-22,S002,P0015,111,844.38605
2024-01-23,S002,P0015,108,885.82874
2024-01-24,S002,P0015,79,872.7156
2024-01-25,S002,P0015,121,850.0641
2024-01-26,S002,P0015,206,976.0449
2024-01-27,S002,P0015,179,873.407
2024-01-28,S002,P0015,58,877.8323
2024-01-29,S002,P0015,122,789.1438
2024-01-30,S002,P0015,67,831.06586
2023-10-13,S002,P0016,157,765.79596
2023-10-14,S002,P0016,92,787.50116
2023-10-15,S002,P0016,133,818.6221
2023-10-16,S002,P0016,92,825.97906
2023-10-17,S002,P0016,114,776.83545
2023-10-18,S002,P0016,54,690.1049
2023-10-19,S002,P0016,44,648.1122
2023-10-20,S002,P0016,90,620.66144
2023-10-21,S002,P0016,94,613.3179
2023-10-22,S002,P0016,95,604.78937
2023-10-23,S002,P0016,172,681.8516
2023-10-24,S002,P0016,98,671.8054
2023-10-25,S002,P0016,62,658.143
2023-10-26,S002,P0016,95,690.74774
2023-10-27,S002,P0016,101,726.3591
2023-10-28,S002,P0016,151,753.7261
2023-10-29,S002,P0016,54,746.1488
2023-10-30,S002,P0016,111,674.7407
2023-10-31,S002,P0016,157,736.6727
2023-11-01,S002,P0016,149,856.70416
2023-11-02,S002,P0016,95,813.649
2023-11-03,S002,P0016,104,804.2725
2023-11-04,S002,P0016,93,754.2369
2023-11-05,S002,P0016,120,821.1529
2023-11-06,S002,P0016,88,799.50214
2023-11-07,S002,P0016,108,734.5856
2023-11-08,S002,P0016,74,692.477
2023-11-09,S002,P0016,147,742.3868
2023-11-10,S002,P0016,104,744.62134
2023-11-11,S002,P0016,62,692.4163
2023-11-12,S002,P0016,142,732.70435
2023-11-13,S002,P0016,137,767.46533
2023-11-14,S002,P0016,93,765.52704
2023-11-15,S002,P0016,102,783.13196
2023-11-16,S002,P0016,80,715.23114
2023-11-17,S002,P0016,126,744.9356
2023-11-18,S002,P0016,78,783.2632
2023-11-19,S002,P0016,136,758.5096
2023-11-20,S002,P0016,124,748.298
2023-11-21,S002,P0016,146,827.5963
2023-11-22,S002,P0016,120,801.85693
2023-11-23,S002,P0016,107,827.7707
2023-11-24,S002,P0016,64,758.8776
2023-11-25,S002,P0016,46,726.3508
2023-11-26,S002,P0016,88,693.1335
2023-11-27,S002,P0016,100,666.0918
2023-11-28,S002,P0016,82,650.7029
2023-11-29,S002,P0016,74,582.6833
2023-11-30,S002,P0016,107,580.9057
2023-12-01,S002,P0016,149,674.26666
2023-12-02,S002,P0016,94,712.9684
2023-12-03,S002,P0016,205,802.2813
2023-12-04,S002,P0016,144,881.64014
2023-12-05,S002,P0016,189,948.15753
2023-12-06,S002,P0016,81,949.48804
2023-12-07,S002,P0016,187,1020.50946
2023-12-08,S002,P0016,131,1026.1104
2023-12-09,S002,P0016,143,1035.8973
2023-12-10,S002,P0016,105,978.1704
2023-12-11,S002,P0016,67,882.1009
2023-12-12,S002,P0016,98,802.088
2023-12-13,S002,P0016,84,805.03674
2023-12-14,S002,P0016,86,712.44196
2023-12-15,S002,P0016,182,781.7321
2023-12-16,S002,P0016,82,763.06024
2023-12-17,S002,P0016,102,720.1399
2023-12-18,S002,P0016,101,758.90045
2023-12-19,S002,P0016,118,756.37115
2023-12-20,S002,P0016,95,782.612
2023-12-21,S002,P0016,159,836.2306
2023-12-22,S002,P0016,119,798.49176
2023-12-23,S002,P0016,128,826.7803
2023-12-24,S002,P0016,150,864.48724
2023-12-25,S002,P0016,132,882.87427
2023-12-26,S002,P0016,154,939.86194
2023-12-27,S002,P0016,130,940.68835
2023-12-28,S002,P0016,116,893.3782
2023-12-29,S002,P0016,114,904.16284
2023-12-30,S002,P0016,125,888.5804
2023-12-31,S002,P0016,62,807.34875
2024-01-01,S002,P0016,134,760.842
2024-01-02,S002,P0016,127,816.8394
2024-01-03,S002,P0016,92,761.765
2024-01-04,S002,P0016,107,754.365
2024-01-05,S002,P0016,117,788.2793
2024-01-06,S002,P0016,129,705.87
2024-01-07,S002,P0016,134,817.0677
2024-01-08,S002,P0016,184,922.6399
2024-01-09,S002,P0016,237,993.8018
2024-01-10,S002,P0016,102,1019.1789
2024-01-11,S002,P0016,132,996.28436
2024-01-12,S002,P0016,113,1012.07666
2024-01-13,S002,P0016,173,1028.8718
2024-01-14,S002,P0016,155,1085.1646
2024-01-15,S002,P0016,88,1010.7759
2024-01-16,S002,P0016,159,898.4051
2024-01-17,S002,P0016,88,874.8378
2024-01-18,S002,P0016,173,965.45807
2024-01-19,S002,P0016,32,856.8626
2024-01-20,S002,P0016,224,704.48254
2024-01-21,S002,P0016,103,777.43
2024-01-22,S002,P0016,49,730.257
2024-01-23,S002,P0016,106,758.0463
2024-01-24,S002,P0016,72,749.2171
2024-01-25,S002,P0016,132,713.7807
2024-01-26,S002,P0016,101,775.5414
2024-01-27,S002,P0016,110,497.32565
2024-01-28,S002,P0016,61,521.4914
2024-01-29,S002,P0016,137,605.8406
2024-01-30,S002,P0016,105,718.3092
2023-10-13,S002,P0017,8,212.04141
2023-10-14,S002,P0017,27,201.86186
2023-10-15,S002,P0017,25,195.16139
2023-10-16,S002,P0017,44,207.77222
2023-10-17,S002,P0017,49,219.64526
2023-10-18,S002,P0017,16,219.95224
2023-10-19,S002,P0017,42,208.26044
2023-10-20,S002,P0017,30,225.1491
2023-10-21,S002,P0017,27,235.30174
2023-10-22,S002,P0017,16,222.73758
2023-10-23,S002,P0017,8,191.17787
2023-10-24,S002,P0017,17,176.58008
2023-10-25,S002,P0017,78,328.27737
2023-10-26,S002,P0017,104,403.61508
2023-10-27,S002,P0017,119,440.40475
2023-10-28,S002,P0017,164,611.695
2023-10-29,S002,P0017,69,609.46356
2023-10-30,S002,P0017,71,659.2139
2023-10-31,S002,P0017,39,676.77295
2023-11-01,S002,P0017,90,658.1767
2023-11-02,S002,P0017,144,703.68646
2023-11-03,S002,P0017,117,720.71783
2023-11-04,S002,P0017,158,710.21063
2023-11-05,S002,P0017,59,691.74677
2023-11-06,S002,P0017,69,681.79224
2023-11-07,S002,P0017,156,790.9439
2023-11-08,S002,P0017,72,764.6508
2023-11-09,S002,P0017,103,725.0969
2023-11-10,S002,P0017,92,697.8526
2023-11-11,S002,P0017,129,699.424
2023-11-12,S002,P0017,98,740.81006
2023-11-13,S002,P0017,101,744.3559
2023-11-14,S002,P0017,94,687.77875
2023-11-15,S002,P0017,110,738.246
2023-11-16,S002,P0017,73,694.6169
2023-11-17,S002,P0017,97,688.7725
2023-11-18,S002,P0017,58,635.286
2023-11-19,S002,P0017,73,625.4696
2023-11-20,S002,P0017,87,603.10846
2023-11-21,S002,P0017,115,626.7118
2023-11-22,S002,P0017,140,663.2464
2023-11-23,S002,P0017,143,736.0592
2023-11-24,S002,P0017,134,765.7172
2023-11-25,S002,P0017,31,698.9515
2023-11-26,S002,P0017,153,790.1035
2023-11-27,S002,P0017,113,829.0468
2023-11-28,S002,P0017,75,779.65466
2023-11-29,S002,P0017,82,720.486
2023-11-30,S002,P0017,84,665.479
2023-12-01,S002,P0017,108,655.4687
2023-12-02,S002,P0017,55,682.8834
2023-12-03,S002,P0017,108,661.3624
2023-12-04,S002,P0017,110,650.67145
2023-12-05,S002,P0017,39,616.1063
2023-12-06,S002,P0017,120,639.5031
2023-12-07,S002,P0017,108,672.41547
2023-12-08,S002,P0017,69,620.0756
2023-12-09,S002,P0017,66,634.2545
2023-12-10,S002,P0017,113,648.85187
2023-12-11,S002,P0017,132,661.49066
2023-12-12,S002,P0017,103,719.52795
2023-12-13,S002,P0017,132,731.18567
2023-12-14,S002,P0017,65,695.5511
2023-12-15,S002,P0017,129,750.2639
2023-12-16,S002,P0017,54,726.5314
2023-12-17,S002,P0017,101,713.9482
2023-12-18,S002,P0017,93,685.43835
2023-12-19,S002,P0017,56,638.1148
2023-12-20,S002,P0017,129,640.5937
2023-12-21,S002,P0017,92,668.3066
2023-12-22,S002,P0017,209,782.4079
2023-12-23,S002,P0017,118,831.74524
2023-12-24,S002,P0017,51,759.1452
2023-12-25,S002,P0017,97,755.8385
2023-12-26,S002,P0017,144,823.9673
2023-12-27,S002,P0017,39,752.14136
2023-12-28,S002,P0017,26,612.7352
2023-12-29,S002,P0017,22,454.68204
2023-12-30,S002,P0017,22,331.92422
2023-12-31,S002,P0017,27,340.28094
2024-01-01,S002,P0017,13,182.36964
2024-01-02,S002,P0017,17,176.64113
2024-01-03,S002,P0017,12,174.2267
2024-01-04,S002,P0017,15,152.78888
2024-01-05,S002,P0017,17,171.25748
2024-01-06,S002,P0017,26,152.9453
2024-01-07,S002,P0017,21,152.62013
2024-01-08,S002,P0017,66,197.35619
2024-01-09,S002,P0017,50,284.94107
2024-01-10,S002,P0017,43,282.24463
2024-01-11,S002,P0017,79,318.5857
2024-01-12,S002,P0017,132,396.79453
2024-01-13,S002,P0017,99,486.76355
2024-01-14,S002,P0017,90,412.54663
2024-01-15,S002,P0017,100,483.67844
2024-01-16,S002,P0017,100,637.04767
2024-01-17,S002,P0017,108,680.8848
2024-01-18,S002,P0017,96,706.2263
2024-01-19,S002,P0017,76,660.7957
2024-01-20,S002,P0017,156,721.6815
2024-01-21,S002,P0017,148,722.4238
2024-01-22,S002,P0017,136,763.48486
2024-01-23,S002,P0017,68,779.58014
2024-01-24,S002,P0017,99,766.991
2024-01-25,S002,P0017,98,761.66125
2024-01-26,S002,P0017,81,707.4987
2024-01-27,S002,P0017,99,694.18976
2024-01-28,S002,P0017,124,715.12537
2024-01-29,S002,P0017,79,581.4808
2024-01-30,S002,P0017,72,595.47253
2023-10-13,S002,P0018,83,876.50397
2023-10-14,S002,P0018,131,854.2578
2023-10-15,S002,P0018,89,803.5926
2023-10-16,S002,P0018,77,761.60034
2023-10-17,S002,P0018,122,740.91675
2023-10-18,S002,P0018,134,806.80194
2023-10-19,S002,P0018,64,694.2951
2023-10-20,S002,P0018,142,743.93243
2023-10-21,S002,P0018,76,711.9113
2023-10-22,S002,P0018,83,673.564
2023-10-23,S002,P0018,118,738.099
2023-10-24,S002,P0018,62,678.472
2023-10-25,S002,P0018,58,609.18097
2023-10-26,S002,P0018,89,639.61206
2023-10-27,S002,P0018,79,576.525
2023-10-28,S002,P0018,166,667.1486
2023-10-29,S002,P0018,122,719.254
2023-10-30,S002,P0018,51,638.16766
2023-10-31,S002,P0018,75,636.22723
2023-11-01,S002,P0018,97,681.8315
2023-11-02,S002,P0018,135,735.31696
2023-11-03,S002,P0018,39,675.56287
2023-11-04,S002,P0018,99,635.7469
2023-11-05,S002,P0018,68,580.6487
2023-11-06,S002,P0018,72,599.6537
2023-11-07,S002,P0018,76,591.56146
2023-11-08,S002,P0018,114,611.62085
2023-11-09,S002,P0018,126,638.3579
2023-11-10,S002,P0018,66,631.8359
2023-11-11,S002,P0018,142,658.2954
2023-11-12,S002,P0018,108,703.3779
2023-11-13,S002,P0018,83,711.4605
2023-11-14,S002,P0018,75,717.82623
2023-11-15,S002,P0018,143,752.0136
2023-11-16,S002,P0018,74,692.7777
2023-11-17,S002,P0018,115,727.93164
2023-11-18,S002,P0018,90,684.1704
2023-11-19,S002,P0018,103,698.6993
2023-11-20,S002,P0018,59,667.14136
2023-11-21,S002,P0018,100,681.9479
2023-11-22,S002,P0018,83,643.11176
2023-11-23,S002,P0018,113,664.6968
2023-11-24,S002,P0018,55,616.62555
2023-11-25,S002,P0018,122,645.61096
2023-11-26,S002,P0018,99,643.0536
2023-11-27,S002,P0018,52,634.37305
2023-11-28,S002,P0018,87,618.6366
2023-11-29,S002,P0018,59,596.29443
2023-11-30,S002,P0018,98,602.51404
2023-12-01,S002,P0018,68,613.0205
2023-12-02,S002,P0018,161,640.5853
2023-12-03,S002,P0018,84,637.0769
2023-12-04,S002,P0018,61,621.6987
2023-12-05,S002,P0018,107,661.1383
2023-12-06,S002,P0018,163,761.48016
2023-12-07,S002,P0018,102,754.06
2023-12-08,S002,P0018,70,757.7535
2023-12-09,S002,P0018,120,724.658
2023-12-10,S002,P0018,130,771.75085
2023-12-11,S002,P0018,103,788.86475
2023-12-12,S002,P0018,76,757.6996
2023-12-13,S002,P0018,148,772.5889
2023-12-14,S002,P0018,175,843.09326
2023-12-15,S002,P0018,213,970.57996
2023-12-16,S002,P0018,102,950.87897
2023-12-17,S002,P0018,74,877.36163
2023-12-18,S002,P0018,78,845.489
2023-12-19,S002,P0018,102,870.74194
2023-12-20,S002,P0018,152,895.2249
2023-12-21,S002,P0018,141,875.61176
2023-12-22,S002,P0018,140,816.9744
2023-12-23,S002,P0018,159,852.2535
2023-12-24,S002,P0018,45,827.5724
2023-12-25,S002,P0018,129,852.57196
2023-12-26,S002,P0018,125,886.2801
2023-12-27,S002,P0018,136,852.83203
2023-12-28,S002,P0018,119,833.3633
2023-12-29,S002,P0018,126,809.7773
2023-12-30,S002,P0018,136,827.03906
2023-12-31,S002,P0018,48,786.21533
2024-01-01,S002,P0018,138,791.6264
2024-01-02,S002,P0018,205,922.4776
2024-01-03,S002,P0018,150,937.612
2024-01-04,S002,P0018,47,824.7012
2024-01-05,S002,P0018,99,771.0736
2024-01-06,S002,P0018,180,768.7649
2024-01-07,S002,P0018,100,840.7922
2024-01-08,S002,P0018,107,791.3795
2024-01-09,S002,P0018,86,719.7433
2024-01-10,S002,P0018,82,703.6048
2024-01-11,S002,P0018,98,739.88556
2024-01-12,S002,P0018,175,860.0502
2024-01-13,S002,P0018,84,600.57526
2024-01-14,S002,P0018,113,604.19214
2024-01-15,S002,P0018,67,623.56934
2024-01-16,S002,P0018,23,614.8323
2024-01-17,S002,P0018,95,613.07837
2024-01-18,S002,P0018,65,627.43134
2024-01-19,S002,P0018,112,588.6369
2024-01-20,S002,P0018,73,374.00763
2024-01-21,S002,P0018,99,398.72998
2024-01-22,S002,P0018,16,454.86682
2024-01-23,S002,P0018,67,501.52087
2024-01-24,S002,P0018,103,538.08966
2024-01-25,S002,P0018,120,625.9571
2024-01-26,S002,P0018,179,665.69037
2024-01-27,S002,P0018,218,808.45544
2024-01-28,S002,P0018,147,896.31964
2024-01-29,S002,P0018,85,842.01263
2024-01-30,S002,P0018,149,953.1639
2023-10-13,S002,P0019,130,865.79803
2023-10-14,S002,P0019,117,832.34344
2023-10-15,S002,P0019,70,759.7059
2023-10-16,S002,P0019,123,785.7284
2023-10-17,S002,P0019,211,967.7585
2023-10-18,S002,P0019,115,953.82434
2023-10-19,S002,P0019,144,901.9412
2023-10-20,S002,P0019,64,825.25934
2023-10-21,S002,P0019,159,847.13715
2023-10-22,S002,P0019,90,889.51276
2023-10-23,S002,P0019,44,804.14453
2023-10-24,S002,P0019,143,707.8769
2023-10-25,S002,P0019,61,740.6186
2023-10-26,S002,P0019,137,706.5499
2023-10-27,S002,P0019,70,740.87354
2023-10-28,S002,P0019,101,646.9778
2023-10-29,S002,P0019,69,637.09033
2023-10-30,S002,P0019,137,718.9026
2023-10-31,S002,P0019,71,669.7211
2023-11-01,S002,P0019,127,714.458
2023-11-02,S002,P0019,205,797.3287
2023-11-03,S002,P0019,73,800.7404
2023-11-04,S002,P0019,123,780.4718
2023-11-05,S002,P0019,74,792.0553
2023-11-06,S002,P0019,97,758.3061
2023-11-07,S002,P0019,120,815.839
2023-11-08,S002,P0019,75,760.1137
2023-11-09,S002,P0019,68,646.20197
2023-11-10,S002,P0019,107,679.3447
2023-11-11,S002,P0019,60,611.0463
2023-11-12,S002,P0019,81,620.49915
2023-11-13,S002,P0019,108,627.62115
2023-11-14,S002,P0019,114,639.45667
2023-11-15,S002,P0019,73,622.10065
2023-11-16,S002,P0019,81,628.72034
2023-11-17,S002,P0019,117,640.3783
2023-11-18,S002,P0019,90,671.5832
2023-11-19,S002,P0019,133,709.7339
2023-11-20,S002,P0019,95,712.52185
2023-11-21,S002,P0019,121,703.9031
2023-11-22,S002,P0019,103,743.2081
2023-11-23,S002,P0019,95,743.6562
2023-11-24,S002,P0019,81,723.1864
2023-11-25,S002,P0019,66,694.67804
2023-11-26,S002,P0019,105,666.6353
2023-11-27,S002,P0019,133,715.7683
2023-11-28,S002,P0019,79,677.9769
2023-11-29,S002,P0019,52,595.0869
2023-11-30,S002,P0019,95,624.4506
2023-12-01,S002,P0019,145,701.68494
2023-12-02,S002,P0019,119,759.46173
2023-12-03,S002,P0019,104,741.91144
2023-12-04,S002,P0019,117,711.9761
2023-12-05,S002,P0019,170,822.40454
2023-12-06,S002,P0019,155,885.9378
2023-12-07,S002,P0019,110,896.7688
2023-12-08,S002,P0019,142,899.9968
2023-12-09,S002,P0019,161,944.34674
2023-12-10,S002,P0019,120,949.9098
2023-12-11,S002,P0019,84,922.4734
2023-12-12,S002,P0019,174,957.9131
2023-12-13,S002,P0019,205,1012.8232
2023-12-14,S002,P0019,43,930.3216
2023-12-15,S002,P0019,129,892.5444
2023-12-16,S002,P0019,79,834.6806
2023-12-17,S002,P0019,119,813.80005
2023-12-18,S002,P0019,153,901.0333
2023-12-19,S002,P0019,81,816.6267
2023-12-20,S002,P0019,43,645.723
2023-12-21,S002,P0019,129,741.5991
2023-12-22,S002,P0019,117,750.32513
2023-12-23,S002,P0019,143,799.53577
2023-12-24,S002,P0019,87,771.2402
2023-12-25,S002,P0019,126,746.5385
2023-12-26,S002,P0019,120,778.81726
2023-12-27,S002,P0019,243,959.4267
2023-12-28,S002,P0019,96,919.41864
2023-12-29,S002,P0019,149,919.5635
2023-12-30,S002,P0019,97,874.34845
2023-12-31,S002,P0019,109,885.42957
2024-01-01,S002,P0019,151,888.525
2024-01-02,S002,P0019,127,933.7975
2024-01-03,S002,P0019,105,840.49994
2024-01-04,S002,P0019,164,866.99646
2024-01-05,S002,P0019,130,883.3153
2024-01-06,S002,P0019,88,763.22235
2024-01-07,S002,P0019,75,832.4705
2024-01-08,S002,P0019,92,743.51886
2024-01-09,S002,P0019,110,757.1712
2024-01-10,S002,P0019,121,761.34766
2024-01-11,S002,P0019,88,700.9182
2024-01-12,S002,P0019,182,773.30725
2024-01-13,S002,P0019,172,866.30365
2024-01-14,S002,P0019,110,823.79016
2024-01-15,S002,P0019,98,790.47534
2024-01-16,S002,P0019,82,839.0428
2024-01-17,S002,P0019,89,768.47455
2024-01-18,S002,P0019,137,838.71924
2024-01-19,S002,P0019,57,749.0969
2024-01-20,S002,P0019,158,570.4422
2024-01-21,S002,P0019,57,536.5955
2024-01-22,S002,P0019,173,727.1115
2024-01-23,S002,P0019,125,811.8046
2024-01-24,S002,P0019,176,855.1477
2024-01-25,S002,P0019,131,905.8618
2024-01-26,S002,P0019,146,933.03656
2024-01-27,S002,P0019,79,788.2038
2024-01-28,S002,P0019,117,806.85187
2024-01-29,S002,P0019,118,816.57874
2024-01-30,S002,P0019,118,856.28705
2023-10-13,S002,P0020,47,254.92928
2023-10-14,S002,P0020,31,243.6587
2023-10-15,S002,P0020,32,245.47284
2023-10-16,S002,P0020,17,225.83131
2023-10-17,S002,P0020,23,225.55238
2023-10-18,S002,P0020,56,243.15384
2023-10-19,S002,P0020,43,262.83
2023-10-20,S002,P0020,46,252.70312
2023-10-21,S002,P0020,53,275.48047
2023-10-22,S002,P0020,54,283.88492
2023-10-23,S002,P0020,85,337.4177
2023-10-24,S002,P0020,56,376.46732
2023-10-25,S002,P0020,92,445.83847
2023-10-26,S002,P0020,70,495.26877
2023-10-27,S002,P0020,127,558.925
2023-10-28,S002,P0020,27,515.5167
2023-10-29,S002,P0020,75,533.11725
2023-10-30,S002,P0020,34,491.2314
2023-10-31,S002,P0020,56,487.86066
2023-11-01,S002,P0020,78,489.7505
2023-11-02,S002,P0020,99,518.0801
2023-11-03,S002,P0020,57,478.5531
2023-11-04,S002,P0020,54,487.7456
2023-11-05,S002,P0020,83,488.3397
2023-11-06,S002,P0020,108,552.7077
2023-11-07,S002,P0020,91,568.6236
2023-11-08,S002,P0020,81,567.8096
2023-11-09,S002,P0020,59,523.65344
2023-11-10,S002,P0020,101,581.1619
2023-11-11,S002,P0020,57,587.8355
2023-11-12,S002,P0020,28,520.1951
2023-11-13,S002,P0020,105,526.9654
2023-11-14,S002,P0020,89,535.3848
2023-11-15,S002,P0020,102,560.1509
2023-11-16,S002,P0020,75,572.34064
2023-11-17,S002,P0020,42,497.00012
2023-11-18,S002,P0020,115,574.7876
2023-11-19,S002,P0020,14,530.28345
2023-11-20,S002,P0020,66,496.82343
2023-11-21,S002,P0020,52,480.685
2023-11-22,S002,P0020,50,427.21725
2023-11-23,S002,P0020,73,431.62988
2023-11-24,S002,P0020,33,431.83087
2023-11-25,S002,P0020,104,465.46945
2023-11-26,S002,P0020,77,480.8645
2023-11-27,S002,P0020,66,468.08054
2023-11-28,S002,P0020,38,456.72232
2023-11-29,S002,P0020,71,482.1563
2023-11-30,S002,P0020,71,478.5412
2023-12-01,S002,P0020,58,501.55246
2023-12-02,S002,P0020,90,483.22714
2023-12-03,S002,P0020,43,467.28033
2023-12-04,S002,P0020,62,449.13345
2023-12-05,S002,P0020,54,467.2858
2023-12-06,S002,P0020,52,452.4782
2023-12-07,S002,P0020,36,410.50558
2023-12-08,S002,P0020,92,458.20865
2023-12-09,S002,P0020,88,481.4658
2023-12-10,S002,P0020,48,465.9684
2023-12-11,S002,P0020,140,536.01105
2023-12-12,S002,P0020,71,548.48267
2023-12-13,S002,P0020,73,550.2024
2023-12-14,S002,P0020,76,575.55237
2023-12-15,S002,P0020,76,555.85565
2023-12-16,S002,P0020,34,513.25226
2023-12-17,S002,P0020,51,511.23624
2023-12-18,S002,P0020,129,541.39606
2023-12-19,S002,P0020,47,495.42178
2023-12-20,S002,P0020,87,496.4869
2023-12-21,S002,P0020,82,525.81964
2023-12-22,S002,P0020,134,574.6599
2023-12-23,S002,P0020,110,649.47064
2023-12-24,S002,P0020,82,662.68036
2023-12-25,S002,P0020,110,639.98376
2023-12-26,S002,P0020,130,717.0793
2023-12-27,S002,P0020,34,659.96857
2023-12-28,S002,P0020,33,583.4319
2023-12-29,S002,P0020,44,497.8991
2023-12-30,S002,P0020,50,466.1464
2023-12-31,S002,P0020,26,406.9276
2024-01-01,S002,P0020,55,288.17673
2024-01-02,S002,P0020,44,279.03992
2024-01-03,S002,P0020,40,304.37396
2024-01-04,S002,P0020,37,296.2046
2024-01-05,S002,P0020,33,289.4462
2024-01-06,S002,P0020,49,299.96542
2024-01-07,S002,P0020,31,290.19504
2024-01-08,S002,P0020,42,286.79895
2024-01-09,S002,P0020,90,353.05286
2024-01-10,S002,P0020,49,383.88483
2024-01-11,S002,P0020,90,412.80142
2024-01-12,S002,P0020,77,450.22726
2024-01-13,S002,P0020,88,363.07352
2024-01-14,S002,P0020,89,504.1496
2024-01-15,S002,P0020,59,412.93314
2024-01-16,S002,P0020,66,481.7109
2024-01-17,S002,P0020,63,496.5441
2024-01-18,S002,P0020,85,520.2525
2024-01-19,S002,P0020,44,492.02805
2024-01-20,S002,P0020,92,376.0779
2024-01-21,S002,P0020,20,447.80722
2024-01-22,S002,P0020,106,438.79367
2024-01-23,S002,P0020,39,463.9629
2024-01-24,S002,P0020,49,459.53094
2024-01-25,S002,P0020,56,422.6691
2024-01-26,S002,P0020,119,485.3953
2024-01-27,S002,P0020,72,342.99777
2024-01-28,S002,P0020,134,552.33435
2024-01-29,S002,P0020,43,460.82184
2024-01-30,S002,P0020,82,497.67065
2023-10-13,S003,P0001,39,231.3887
2023-10-14,S003,P0001,18,205.98042
2023-10-15,S003,P0001,35,207.53484
2023-10-16,S003,P0001,18,205.90262
2023-10-17,S003,P0001,66,240.724
2023-10-18,S003,P0001,27,252.95076
2023-10-19,S003,P0001,49,253.49248
2023-10-20,S003,P0001,38,265.05194
2023-10-21,S003,P0001,27,245.41629
2023-10-22,S003,P0001,34,252.77823
2023-10-23,S003,P0001,27,249.38997
2023-10-24,S003,P0001,11,203.48492
2023-10-25,S003,P0001,180,437.7381
2023-10-26,S003,P0001,180,548.9907
2023-10-27,S003,P0001,112,668.1788
2023-10-28,S003,P0001,71,684.7666
2023-10-29,S003,P0001,88,737.4219
2023-10-30,S003,P0001,117,821.2954
2023-10-31,S003,P0001,111,887.7642
2023-11-01,S003,P0001,93,782.5623
2023-11-02,S003,P0001,103,691.1197
2023-11-03,S003,P0001,161,730.3759
2023-11-04,S003,P0001,40,716.0348
2023-11-05,S003,P0001,113,733.58575
2023-11-06,S003,P0001,96,714.6951
2023-11-07,S003,P0001,108,711.67114
2023-11-08,S003,P0001,117,762.30115
2023-11-09,S003,P0001,83,718.5279
2023-11-10,S003,P0001,76,640.89795
2023-11-11,S003,P0001,47,631.4628
2023-11-12,S003,P0001,150,665.2618
2023-11-13,S003,P0001,100,691.06256
2023-11-14,S003,P0001,80,657.9775
2023-11-15,S003,P0001,129,668.0743
2023-11-16,S003,P0001,108,709.4097
2023-11-17,S003,P0001,73,695.51056
2023-11-18,S003,P0001,135,762.83966
2023-11-19,S003,P0001,116,752.97614
2023-11-20,S003,P0001,119,788.79376
2023-11-21,S003,P0001,132,783.5136
2023-11-22,S003,P0001,34,704.81396
2023-11-23,S003,P0001,64,661.1661
2023-11-24,S003,P0001,135,726.7615
2023-11-25,S003,P0001,91,690.7764
2023-11-26,S003,P0001,104,687.8387
2023-11-27,S003,P0001,64,626.85
2023-11-28,S003,P0001,66,578.65015
2023-11-29,S003,P0001,80,618.8268
2023-11-30,S003,P0001,122,666.50574
2023-12-01,S003,P0001,156,656.20276
2023-12-02,S003,P0001,177,788.19727
2023-12-03,S003,P0001,131,838.1668
2023-12-04,S003,P0001,126,846.5248
2023-12-05,S003,P0001,88,847.58887
2023-12-06,S003,P0001,64,824.3218
2023-12-07,S003,P0001,51,769.2088
2023-12-08,S003,P0001,127,745.5124
2023-12-09,S003,P0001,95,692.97156
2023-12-10,S003,P0001,105,689.7667
2023-12-11,S003,P0001,103,674.05585
2023-12-12,S003,P0001,147,708.8583
2023-12-13,S003,P0001,57,703.77655
2023-12-14,S003,P0001,74,710.19495
2023-12-15,S003,P0001,137,731.9799
2023-12-16,S003,P0001,108,748.21234
2023-12-17,S003,P0001,53,688.1852
2023-12-18,S003,P0001,68,656.38324
2023-12-19,S003,P0001,112,632.3964
2023-12-20,S003,P0001,117,673.19635
2023-12-21,S003,P0001,151,758.4657
2023-12-22,S003,P0001,55,686.37476
2023-12-23,S003,P0001,115,685.16327
2023-12-24,S003,P0001,163,794.42896
2023-12-25,S003,P0001,103,814.5879
2023-12-26,S003,P0001,175,870.5833
2023-12-27,S003,P0001,11,773.5851
2023-12-28,S003,P0001,41,591.27527
2023-12-29,S003,P0001,30,560.3433
2023-12-30,S003,P0001,47,492.3553
2023-12-31,S003,P0001,11,349.90067
2024-01-01,S003,P0001,31,199.28224
2024-01-02,S003,P0001,42,196.79607
2024-01-03,S003,P0001,22,253.42865
2024-01-04,S003,P0001,36,232.12277
2024-01-05,S003,P0001,34,239.0913
2024-01-06,S003,P0001,95,200.66734
2024-01-07,S003,P0001,8,235.7147
2024-01-08,S003,P0001,23,258.42734
2024-01-09,S003,P0001,109,411.58145
2024-01-10,S003,P0001,88,449.27682
2024-01-11,S003,P0001,164,607.47235
2024-01-12,S003,P0001,161,683.7901
2024-01-13,S003,P0001,151,726.9373
2024-01-14,S003,P0001,126,638.59076
2024-01-15,S003,P0001,101,775.6643
2024-01-16,S003,P0001,91,836.30884
2024-01-17,S003,P0001,94,865.8186
2024-01-18,S003,P0001,66,792.4644
2024-01-19,S003,P0001,115,736.05975
2024-01-20,S003,P0001,45,501.02185
2024-01-21,S003,P0001,52,579.8322
2024-01-22,S003,P0001,119,567.80023
2024-01-23,S003,P0001,89,597.7717
2024-01-24,S003,P0001,64,535.44995
2024-01-25,S003,P0001,73,558.5919
2024-01-26,S003,P0001,81,523.55
2024-01-27,S003,P0001,125,422.4981
2024-01-28,S003,P0001,103,410.02017
2024-01-29,S003,P0001,55,540.22284
2024-01-30,S003,P0001,58,552.0166
2023-10-13,S003,P0002,91,586.0768
2023-10-14,S003,P0002,100,625.16376
2023-10-15,S003,P0002,92,609.41125
2023-10-16,S003,P0002,75,598.17786
2023-10-17,S003,P0002,132,635.2648
2023-10-18,S003,P0002,89,662.93243
2023-10-19,S003,P0002,57,615.9142
2023-10-20,S003,P0002,97,627.7415
2023-10-21,S003,P0002,44,578.1461
2023-10-22,S003,P0002,59,540.8936
2023-10-23,S003,P0002,79,552.9273
2023-10-24,S003,P0002,58,502.9195
2023-10-25,S003,P0002,172,618.701
2023-10-26,S003,P0002,131,690.96484
2023-10-27,S003,P0002,94,660.2947
2023-10-28,S003,P0002,104,720.33154
2023-10-29,S003,P0002,149,783.96497
2023-10-30,S003,P0002,103,826.63873
2023-10-31,S003,P0002,157,862.9979
2023-11-01,S003,P0002,78,828.4316
2023-11-02,S003,P0002,131,801.36725
2023-11-03,S003,P0002,100,818.1584
2023-11-04,S003,P0002,112,810.4325
2023-11-05,S003,P0002,141,819.50195
2023-11-06,S003,P0002,100,831.2707
2023-11-07,S003,P0002,98,758.3154
2023-11-08,S003,P0002,65,751.47437
2023-11-09,S003,P0002,156,762.6758
2023-11-10,S003,P0002,198,888.56824
2023-11-11,S003,P0002,132,886.6806
2023-11-12,S003,P0002,212,950.93365
2023-11-13,S003,P0002,87,934.3379
2023-11-14,S003,P0002,131,955.6842
2023-11-15,S003,P0002,230,1151.4246
2023-11-16,S003,P0002,67,1032.7025
2023-11-17,S003,P0002,137,979.7364
2023-11-18,S003,P0002,28,899.45776
2023-11-19,S003,P0002,94,777.60815
2023-11-20,S003,P0002,156,850.2841
2023-11-21,S003,P0002,75,800.8105
2023-11-22,S003,P0002,183,761.4319
2023-11-23,S003,P0002,98,793.75824
2023-11-24,S003,P0002,75,709.4934
2023-11-25,S003,P0002,152,845.9282
2023-11-26,S003,P0002,89,830.66516
2023-11-27,S003,P0002,62,719.0765
2023-11-28,S003,P0002,100,761.1936
2023-11-29,S003,P0002,148,728.43933
2023-11-30,S003,P0002,77,722.1804
2023-12-01,S003,P0002,133,765.9239
2023-12-02,S003,P0002,126,764.10895
2023-12-03,S003,P0002,129,786.99274
2023-12-04,S003,P0002,162,869.8407
2023-12-05,S003,P0002,120,901.93677
2023-12-06,S003,P0002,128,855.7161
2023-12-07,S003,P0002,105,878.4033
2023-12-08,S003,P0002,20,778.3506
2023-12-09,S003,P0002,102,755.3006
2023-12-10,S003,P0002,125,766.7899
2023-12-11,S003,P0002,96,715.1033
2023-12-12,S003,P0002,242,861.4176
2023-12-13,S003,P0002,210,935.52454
2023-12-14,S003,P0002,79,888.1123
2023-12-15,S003,P0002,118,947.439
2023-12-16,S003,P0002,138,982.7431
2023-12-17,S003,P0002,154,1015.2057
2023-12-18,S003,P0002,184,1081.6305
2023-12-19,S003,P0002,107,990.1132
2023-12-20,S003,P0002,167,925.74774
2023-12-21,S003,P0002,221,1066.3496
2023-12-22,S003,P0002,119,1085.401
2023-12-23,S003,P0002,74,979.8249
2023-12-24,S003,P0002,138,1004.444
2023-12-25,S003,P0002,26,842.20105
2023-12-26,S003,P0002,48,770.16394
2023-12-27,S003,P0002,157,708.59326
2023-12-28,S003,P0002,88,682.1832
2023-12-29,S003,P0002,69,588.2967
2023-12-30,S003,P0002,101,622.3316
2023-12-31,S003,P0002,53,540.7316
2024-01-01,S003,P0002,115,583.2616
2024-01-02,S003,P0002,68,653.5759
2024-01-03,S003,P0002,141,650.6908
2024-01-04,S003,P0002,69,633.12146
2024-01-05,S003,P0002,60,566.58435
2024-01-06,S003,P0002,83,434.1742
2024-01-07,S003,P0002,39,567.2676
2024-01-08,S003,P0002,96,486.9091
2024-01-09,S003,P0002,90,570.057
2024-01-10,S003,P0002,92,547.395
2024-01-11,S003,P0002,130,607.8142
2024-01-12,S003,P0002,140,644.90204
2024-01-13,S003,P0002,108,590.8976
2024-01-14,S003,P0002,153,685.39844
2024-01-15,S003,P0002,75,794.9617
2024-01-16,S003,P0002,151,816.21564
2024-01-17,S003,P0002,63,776.7736
2024-01-18,S003,P0002,80,761.221
2024-01-19,S003,P0002,61,642.2038
2024-01-20,S003,P0002,118,646.88165
2024-01-21,S003,P0002,62,514.0321
2024-01-22,S003,P0002,100,561.3879
2024-01-23,S003,P0002,94,578.46783
2024-01-24,S003,P0002,126,659.9787
2024-01-25,S003,P0002,73,669.35925
2024-01-26,S003,P0002,57,619.0009
2024-01-27,S003,P0002,112,605.49615
2024-01-28,S003,P0002,111,548.57825
2024-01-29,S003,P0002,116,601.6604
2024-01-30,S003,P0002,112,670.3986
2023-10-13,S003,P0003,33,340.15
2023-10-14,S003,P0003,60,382.01562
2023-10-15,S003,P0003,65,411.77945
2023-10-16,S003,P0003,44,334.93564
2023-10-17,S003,P0003,48,345.22565
2023-10-18,S003,P0003,98,386.42712
2023-10-19,S003,P0003,75,441.07938
2023-10-20,S003,P0003,57,442.4369
2023-10-21,S003,P0003,40,415.75223
2023-10-22,S003,P0003,58,396.38644
2023-10-23,S003,P0003,117,483.19797
2023-10-24,S003,P0003,50,508.2319
2023-10-25,S003,P0003,191,576.06274
2023-10-26,S003,P0003,151,700.34937
2023-10-27,S003,P0003,143,762.5139
2023-10-28,S003,P0003,122,818.637
2023-10-29,S003,P0003,132,874.67365
2023-10-30,S003,P0003,80,847.16455
2023-10-31,S003,P0003,122,864.90466
2023-11-01,S003,P0003,137,867.65765
2023-11-02,S003,P0003,164,894.3948
2023-11-03,S003,P0003,126,885.3381
2023-11-04,S003,P0003,166,908.27435
2023-11-05,S003,P0003,127,918.2315
2023-11-06,S003,P0003,141,955.3199
2023-11-07,S003,P0003,167,1017.4628
2023-11-08,S003,P0003,167,1022.1324
2023-11-09,S003,P0003,91,962.0202
2023-11-10,S003,P0003,138,953.9941
2023-11-11,S003,P0003,133,945.693
2023-11-12,S003,P0003,100,936.2109
2023-11-13,S003,P0003,52,837.1614
2023-11-14,S003,P0003,88,766.1608
2023-11-15,S003,P0003,188,803.8333
2023-11-16,S003,P0003,121,835.69147
2023-11-17,S003,P0003,67,753.5277
2023-11-18,S003,P0003,245,832.565
2023-11-19,S003,P0003,59,849.0092
2023-11-20,S003,P0003,84,840.8779
2023-11-21,S003,P0003,105,853.41266
2023-11-22,S003,P0003,134,820.6524
2023-11-23,S003,P0003,117,809.7099
2023-11-24,S003,P0003,117,846.7616
2023-11-25,S003,P0003,98,741.77606
2023-11-26,S003,P0003,117,771.9471
2023-11-27,S003,P0003,130,807.0679
2023-11-28,S003,P0003,101,810.3902
2023-11-29,S003,P0003,137,808.4732
2023-11-30,S003,P0003,74,779.8224
2023-12-01,S003,P0003,155,831.07794
2023-12-02,S003,P0003,209,896.3092
2023-12-03,S003,P0003,100,893.94946
2023-12-04,S003,P0003,103,868.0063
2023-12-05,S003,P0003,90,846.49634
2023-12-06,S003,P0003,148,869.2462
2023-12-07,S003,P0003,178,976.3875
2023-12-08,S003,P0003,66,891.98895
2023-12-09,S003,P0003,124,791.8836
2023-12-10,S003,P0003,134,855.3541
2023-12-11,S003,P0003,126,852.9152
2023-12-12,S003,P0003,100,862.3169
2023-12-13,S003,P0003,153,869.68384
2023-12-14,S003,P0003,146,853.07916
2023-12-15,S003,P0003,50,838.04486
2023-12-16,S003,P0003,161,874.9058
2023-12-17,S003,P0003,118,847.31726
2023-12-18,S003,P0003,144,883.92737
2023-12-19,S003,P0003,119,888.854
2023-12-20,S003,P0003,108,843.73285
2023-12-21,S003,P0003,144,852.4604
2023-12-22,S003,P0003,71,866.4618
2023-12-23,S003,P0003,100,807.7548
2023-12-24,S003,P0003,111,790.50226
2023-12-25,S003,P0003,82,748.89233
2023-12-26,S003,P0003,123,741.6289
2023-12-27,S003,P0003,68,697.91565
2023-12-28,S003,P0003,76,630.0305
2023-12-29,S003,P0003,82,644.81036
2023-12-30,S003,P0003,59,593.5904
2023-12-31,S003,P0003,66,553.4902
2024-01-01,S003,P0003,62,473.67926
2024-01-02,S003,P0003,34,448.39618
2024-01-03,S003,P0003,82,452.35648
2024-01-04,S003,P0003,28,419.52826
2024-01-05,S003,P0003,56,401.70163
2024-01-06,S003,P0003,93,426.84772
2024-01-07,S003,P0003,34,364.98874
2024-01-08,S003,P0003,79,385.67346
2024-01-09,S003,P0003,94,491.46152
2024-01-10,S003,P0003,131,567.9831
2024-01-11,S003,P0003,136,649.3415
2024-01-12,S003,P0003,102,656.3649
2024-01-13,S003,P0003,25,507.9259
2024-01-14,S003,P0003,23,468.57443
2024-01-15,S003,P0003,75,491.62756
2024-01-16,S003,P0003,127,621.47363
2024-01-17,S003,P0003,44,545.8384
2024-01-18,S003,P0003,68,456.6347
2024-01-19,S003,P0003,71,463.40945
2024-01-20,S003,P0003,60,413.2768
2024-01-21,S003,P0003,30,429.38538
2024-01-22,S003,P0003,105,517.72473
2024-01-23,S003,P0003,150,564.99646
2024-01-24,S003,P0003,167,653.36017
2024-01-25,S003,P0003,100,710.52295
2024-01-26,S003,P0003,110,719.5427
2024-01-27,S003,P0003,84,602.117
2024-01-28,S003,P0003,164,805.3734
2024-01-29,S003,P0003,87,784.3687
2024-01-30,S003,P0003,103,779.7729
2023-10-13,S003,P0004,114,514.2508
2023-10-14,S003,P0004,68,526.4939
2023-10-15,S003,P0004,98,545.1776
2023-10-16,S003,P0004,55,557.6525
2023-10-17,S003,P0004,125,564.30524
2023-10-18,S003,P0004,127,660.82806
2023-10-19,S003,P0004,42,619.5089
2023-10-20,S003,P0004,82,573.94037
2023-10-21,S003,P0004,44,571.11633
2023-10-22,S003,P0004,103,584.91644
2023-10-23,S003,P0004,89,617.796
2023-10-24,S003,P0004,85,572.4728
2023-10-25,S003,P0004,103,581.9125
2023-10-26,S003,P0004,231,752.97437
2023-10-27,S003,P0004,95,819.1118
2023-10-28,S003,P0004,136,841.63336
2023-10-29,S003,P0004,123,861.53375
2023-10-30,S003,P0004,81,843.48303
2023-10-31,S003,P0004,106,841.30676
2023-11-01,S003,P0004,89,830.58405
2023-11-02,S003,P0004,143,782.29126
2023-11-03,S003,P0004,121,812.67017
2023-11-04,S003,P0004,170,838.63043
2023-11-05,S003,P0004,63,780.1077
2023-11-06,S003,P0004,138,800.79
2023-11-07,S003,P0004,127,853.0138
2023-11-08,S003,P0004,105,853.94037
2023-11-09,S003,P0004,49,756.3272
2023-11-10,S003,P0004,131,779.91077
2023-11-11,S003,P0004,182,795.3329
2023-11-12,S003,P0004,131,847.2019
2023-11-13,S003,P0004,116,823.9808
2023-11-14,S003,P0004,53,781.3583
2023-11-15,S003,P0004,150,813.7535
2023-11-16,S003,P0004,118,869.05225
2023-11-17,S003,P0004,131,869.29083
2023-11-18,S003,P0004,233,938.2873
2023-11-19,S003,P0004,110,933.78546
2023-11-20,S003,P0004,91,889.28766
2023-11-21,S003,P0004,142,943.20953
2023-11-22,S003,P0004,149,937.5677
2023-11-23,S003,P0004,122,970.4667
2023-11-24,S003,P0004,226,1059.6367
2023-11-25,S003,P0004,112,933.83527
2023-11-26,S003,P0004,108,939.50214
2023-11-27,S003,P0004,152,990.4088
2023-11-28,S003,P0004,121,965.7399
2023-11-29,S003,P0004,128,943.77435
2023-11-30,S003,P0004,19,871.9232
2023-12-01,S003,P0004,181,818.6032
2023-12-02,S003,P0004,141,877.79926
2023-12-03,S003,P0004,171,905.312
2023-12-04,S003,P0004,78,839.08813
2023-12-05,S003,P0004,159,882.17267
2023-12-06,S003,P0004,222,971.9339
2023-12-07,S003,P0004,102,1022.9127
2023-12-08,S003,P0004,73,915.26843
2023-12-09,S003,P0004,141,936.3858
2023-12-10,S003,P0004,71,846.6979
2023-12-11,S003,P0004,157,918.95233
2023-12-12,S003,P0004,91,845.2713
2023-12-13,S003,P0004,170,806.67725
2023-12-14,S003,P0004,127,855.41644
2023-12-15,S003,P0004,143,908.1762
2023-12-16,S003,P0004,107,873.38513
2023-12-17,S003,P0004,122,906.96906
2023-12-18,S003,P0004,114,868.2255
2023-12-19,S003,P0004,148,913.4793
2023-12-20,S003,P0004,87,839.7348
2023-12-21,S003,P0004,150,859.4938
2023-12-22,S003,P0004,198,930.3386
2023-12-23,S003,P0004,130,957.1777
2023-12-24,S003,P0004,176,998.477
2023-12-25,S003,P0004,134,1022.65283
2023-12-26,S003,P0004,160,1016.5706
2023-12-27,S003,P0004,48,958.65356
2023-12-28,S003,P0004,86,870.745
2023-12-29,S003,P0004,57,737.36646
2023-12-30,S003,P0004,72,690.0871
2023-12-31,S003,P0004,67,592.68695
2024-01-01,S003,P0004,59,503.58197
2024-01-02,S003,P0004,112,546.22095
2024-01-03,S003,P0004,85,535.7546
2024-01-04,S003,P0004,31,491.7928
2024-01-05,S003,P0004,96,495.91656
2024-01-06,S003,P0004,110,443.8987
2024-01-07,S003,P0004,114,466.7734
2024-01-08,S003,P0004,90,622.8694
2024-01-09,S003,P0004,63,587.63495
2024-01-10,S003,P0004,68,564.04065
2024-01-11,S003,P0004,224,791.76373
2024-01-12,S003,P0004,173,897.7572
2024-01-13,S003,P0004,217,742.1883
2024-01-14,S003,P0004,187,1031.6387
2024-01-15,S003,P0004,168,1048.393
2024-01-16,S003,P0004,96,1101.5361
2024-01-17,S003,P0004,85,1054.2482
2024-01-18,S003,P0004,185,1034.083
2024-01-19,S003,P0004,91,1024.958
2024-01-20,S003,P0004,174,896.4959
2024-01-21,S003,P0004,88,897.8599
2024-01-22,S003,P0004,162,778.9272
2024-01-23,S003,P0004,93,842.9992
2024-01-24,S003,P0004,92,854.63873
2024-01-25,S003,P0004,162,868.0947
2024-01-26,S003,P0004,189,937.4705
2024-01-27,S003,P0004,134,679.83246
2024-01-28,S003,P0004,175,1016.0178
2024-01-29,S003,P0004,100,905.07007
2024-01-30,S003,P0004,84,882.8287
2023-10-13,S003,P0005,79,247.10696
2023-10-14,S003,P0005,26,275.96814
2023-10-15,S003,P0005,28,225.16005
2023-10-16,S003,P0005,23,236.41734
2023-10-17,S003,P0005,29,220.29285
2023-10-18,S003,P0005,15,212.45505
2023-10-19,S003,P0005,46,237.23781
2023-10-20,S003,P0005,27,217.41264
2023-10-21,S003,P0005,53,213.64665
2023-10-22,S003,P0005,13,215.75536
2023-10-23,S003,P0005,32,205.55096
2023-10-24,S003,P0005,13,205.24643
2023-10-25,S003,P0005,98,348.97357
2023-10-26,S003,P0005,191,530.2924
2023-10-27,S003,P0005,63,557.3593
2023-10-28,S003,P0005,55,526.20306
2023-10-29,S003,P0005,149,662.45874
2023-10-30,S003,P0005,51,681.5906
2023-10-31,S003,P0005,117,756.4007
2023-11-01,S003,P0005,165,812.0937
2023-11-02,S003,P0005,96,745.062
2023-11-03,S003,P0005,135,789.88794
2023-11-04,S003,P0005,127,854.1554
2023-11-05,S003,P0005,165,858.11993
2023-11-06,S003,P0005,117,885.2926
2023-11-07,S003,P0005,95,853.91785
2023-11-08,S003,P0005,82,807.9857
2023-11-09,S003,P0005,45,731.7526
2023-11-10,S003,P0005,64,683.47614
2023-11-11,S003,P0005,148,734.4977
2023-11-12,S003,P0005,41,613.8705
2023-11-13,S003,P0005,61,558.4105
2023-11-14,S003,P0005,43,498.46683
2023-11-15,S003,P0005,74,503.80722
2023-11-16,S003,P0005,73,539.7689
2023-11-17,S003,P0005,67,538.9179
2023-11-18,S003,P0005,118,531.17426
2023-11-19,S003,P0005,122,585.9252
2023-11-20,S003,P0005,112,629.342
2023-11-21,S003,P0005,71,633.04645
2023-11-22,S003,P0005,69,640.6848
2023-11-23,S003,P0005,130,706.93567
2023-11-24,S003,P0005,89,717.47546
2023-11-25,S003,P0005,100,704.31213
2023-11-26,S003,P0005,82,648.1417
2023-11-27,S003,P0005,111,672.6084
2023-11-28,S003,P0005,95,688.4468
2023-11-29,S003,P0005,98,710.7043
2023-11-30,S003,P0005,133,719.8516
2023-12-01,S003,P0005,162,789.2528
2023-12-02,S003,P0005,162,856.6338
2023-12-03,S003,P0005,125,879.366
2023-12-04,S003,P0005,153,909.3282
2023-12-05,S003,P0005,163,990.59174
2023-12-06,S003,P0005,68,942.8605
2023-12-07,S003,P0005,83,892.38544
2023-12-08,S003,P0005,132,877.1631
2023-12-09,S003,P0005,89,834.91754
2023-12-10,S003,P0005,99,790.25775
2023-12-11,S003,P0005,74,724.22327
2023-12-12,S003,P0005,119,689.3881
2023-12-13,S003,P0005,63,676.2535
2023-12-14,S003,P0005,115,704.5366
2023-12-15,S003,P0005,110,704.01917
2023-12-16,S003,P0005,52,654.67065
2023-12-17,S003,P0005,123,670.37506
2023-12-18,S003,P0005,68,667.8607
2023-12-19,S003,P0005,110,655.436
2023-12-20,S003,P0005,55,660.4263
2023-12-21,S003,P0005,68,594.8415
2023-12-22,S003,P0005,98,605.77277
2023-12-23,S003,P0005,84,631.96216
2023-12-24,S003,P0005,87,607.0792
2023-12-25,S003,P0005,93,616.35944
2023-12-26,S003,P0005,163,688.1392
2023-12-27,S003,P0005,17,670.9424
2023-12-28,S003,P0005,21,513.4922
2023-12-29,S003,P0005,29,427.65485
2023-12-30,S003,P0005,28,397.6634
2023-12-31,S003,P0005,17,301.47336
2024-01-01,S003,P0005,26,217.09003
2024-01-02,S003,P0005,19,197.39943
2024-01-03,S003,P0005,57,163.91922
2024-01-04,S003,P0005,50,193.84962
2024-01-05,S003,P0005,30,217.61287
2024-01-06,S003,P0005,38,198.16945
2024-01-07,S003,P0005,7,195.95753
2024-01-08,S003,P0005,35,167.51613
2024-01-09,S003,P0005,12,261.03247
2024-01-10,S003,P0005,130,344.26645
2024-01-11,S003,P0005,141,468.22144
2024-01-12,S003,P0005,140,525.16956
2024-01-13,S003,P0005,107,464.28845
2024-01-14,S003,P0005,122,551.91754
2024-01-15,S003,P0005,140,692.6109
2024-01-16,S003,P0005,124,837.9673
2024-01-17,S003,P0005,84,807.8126
2024-01-18,S003,P0005,113,832.4238
2024-01-19,S003,P0005,145,849.9984
2024-01-20,S003,P0005,111,799.63214
2024-01-21,S003,P0005,42,714.5299
2024-01-22,S003,P0005,128,667.0168
2024-01-23,S003,P0005,74,667.5004
2024-01-24,S003,P0005,85,676.2752
2024-01-25,S003,P0005,147,704.74243
2024-01-26,S003,P0005,86,694.0623
2024-01-27,S003,P0005,109,634.7673
2024-01-28,S003,P0005,29,522.70447
2024-01-29,S003,P0005,66,530.168
2024-01-30,S003,P0005,130,629.5288
2023-10-13,S003,P0006,36,212.89742
2023-10-14,S003,P0006,19,199.52042
2023-10-15,S003,P0006,52,219.45934
2023-10-16,S003,P0006,31,253.0585
2023-10-17,S003,P0006,34,242.92543
2023-10-18,S003,P0006,10,195.27281
2023-10-19,S003,P0006,39,208.99495
2023-10-20,S003,P0006,18,206.33095
2023-10-21,S003,P0006,24,209.53464
2023-10-22,S003,P0006,21,186.66403
2023-10-23,S003,P0006,49,188.88202
2023-10-24,S003,P0006,42,210.99399
2023-10-25,S003,P0006,155,431.41183
2023-10-26,S003,P0006,96,538.8589
2023-10-27,S003,P0006,141,631.2209
2023-10-28,S003,P0006,104,675.99335
2023-10-29,S003,P0006,78,704.47595
2023-10-30,S003,P0006,113,734.0617
2023-10-31,S003,P0006,77,743.59015
2023-11-01,S003,P0006,110,717.4089
2023-11-02,S003,P0006,56,680.7411
2023-11-03,S003,P0006,89,646.17804
2023-11-04,S003,P0006,138,654.92017
2023-11-05,S003,P0006,108,702.444
2023-11-06,S003,P0006,82,656.7073
2023-11-07,S003,P0006,88,671.14276
2023-11-08,S003,P0006,60,620.23206
2023-11-09,S003,P0006,138,704.7905
2023-11-10,S003,P0006,84,706.76965
2023-11-11,S003,P0006,154,724.6374
2023-11-12,S003,P0006,116,742.5098
2023-11-13,S003,P0006,134,773.924
2023-11-14,S003,P0006,104,777.9673
2023-11-15,S003,P0006,156,876.3089
2023-11-16,S003,P0006,108,856.7554
2023-11-17,S003,P0006,167,923.0847
2023-11-18,S003,P0006,183,991.84686
2023-11-19,S003,P0006,103,948.27356
2023-11-20,S003,P0006,60,859.4945
2023-11-21,S003,P0006,135,884.2188
2023-11-22,S003,P0006,161,913.14825
2023-11-23,S003,P0006,70,873.5328
2023-11-24,S003,P0006,67,775.2215
2023-11-25,S003,P0006,96,688.77356
2023-11-26,S003,P0006,84,681.4146
2023-11-27,S003,P0006,95,717.0246
2023-11-28,S003,P0006,115,728.17786
2023-11-29,S003,P0006,126,685.49835
2023-11-30,S003,P0006,102,710.66394
2023-12-01,S003,P0006,118,759.9864
2023-12-02,S003,P0006,60,703.6013
2023-12-03,S003,P0006,110,742.3605
2023-12-04,S003,P0006,128,774.5222
2023-12-05,S003,P0006,59,721.72656
2023-12-06,S003,P0006,191,775.4509
2023-12-07,S003,P0006,111,793.5127
2023-12-08,S003,P0006,116,787.5058
2023-12-09,S003,P0006,155,871.089
2023-12-10,S003,P0006,110,865.9927
2023-12-11,S003,P0006,119,854.8488
2023-12-12,S003,P0006,136,896.96783
2023-12-13,S003,P0006,123,862.9051
2023-12-14,S003,P0006,65,823.63324
2023-12-15,S003,P0006,97,797.6301
2023-12-16,S003,P0006,87,748.9447
2023-12-17,S003,P0006,138,758.2566
2023-12-18,S003,P0006,94,762.71124
2023-12-19,S003,P0006,55,672.42847
2023-12-20,S003,P0006,132,700.2346
2023-12-21,S003,P0006,173,803.33044
2023-12-22,S003,P0006,90,786.68036
2023-12-23,S003,P0006,57,725.024
2023-12-24,S003,P0006,127,716.5179
2023-12-25,S003,P0006,75,714.8571
2023-12-26,S003,P0006,102,747.9774
2023-12-27,S003,P0006,5,627.8723
2023-12-28,S003,P0006,30,438.582
2023-12-29,S003,P0006,33,393.28033
2023-12-30,S003,P0006,26,341.32217
2023-12-31,S003,P0006,49,292.56726
2024-01-01,S003,P0006,57,302.21573
2024-01-02,S003,P0006,41,265.7587
2024-01-03,S003,P0006,27,266.67203
2024-01-04,S003,P0006,42,291.40894
2024-01-05,S003,P0006,26,269.54388
2024-01-06,S003,P0006,7,267.73898
2024-01-07,S003,P0006,34,238.38168
2024-01-08,S003,P0006,10,184.00793
2024-01-09,S003,P0006,91,351.60397
2024-01-10,S003,P0006,100,399.27353
2024-01-11,S003,P0006,140,509.16754
2024-01-12,S003,P0006,85,558.2112
2024-01-13,S003,P0006,90,450.72586
2024-01-14,S003,P0006,46,410.2334
2024-01-15,S003,P0006,80,499.4429
2024-01-16,S003,P0006,66,605.62305
2024-01-17,S003,P0006,84,582.56134
2024-01-18,S003,P0006,85,586.60443
2024-01-19,S003,P0006,72,540.46716
2024-01-20,S003,P0006,79,367.692
2024-01-21,S003,P0006,63,476.248
2024-01-22,S003,P0006,114,494.6532
2024-01-23,S003,P0006,179,688.5837
2024-01-24,S003,P0006,105,701.2646
2024-01-25,S003,P0006,103,725.881
2024-01-26,S003,P0006,120,761.3688
2024-01-27,S003,P0006,122,624.6646
2024-01-28,S003,P0006,111,798.87805
2024-01-29,S003,P0006,88,729.31085
2024-01-30,S003,P0006,147,810.8953
2023-10-13,S003,P0007,82,554.54846
2023-10-14,S003,P0007,59,557.17926
2023-10-15,S003,P0007,71,540.70074
2023-10-16,S003,P0007,64,510.63153
2023-10-17,S003,P0007,56,490.26572
2023-10-18,S003,P0007,78,500.86926
2023-10-19,S003,P0007,42,471.00186
2023-10-20,S003,P0007,30,395.181
2023-10-21,S003,P0007,109,433.57175
2023-10-22,S003,P0007,65,476.19662
2023-10-23,S003,P0007,34,425.3551
2023-10-24,S003,P0007,79,428.5655
2023-10-25,S003,P0007,187,580.98944
2023-10-26,S003,P0007,118,669.1673
2023-10-27,S003,P0007,131,768.9084
2023-10-28,S003,P0007,111,743.7646
2023-10-29,S003,P0007,197,802.4014
2023-10-30,S003,P0007,87,910.46344
2023-10-31,S003,P0007,112,917.7497
2023-11-01,S003,P0007,147,904.8565
2023-11-02,S003,P0007,196,933.41833
2023-11-03,S003,P0007,155,996.8974
2023-11-04,S003,P0007,202,1045.2194
2023-11-05,S003,P0007,218,1136.8054
2023-11-06,S003,P0007,133,1158.9551
2023-11-07,S003,P0007,167,1176.2446
2023-11-08,S003,P0007,148,1173.0825
2023-11-09,S003,P0007,171,1168.4758
2023-11-10,S003,P0007,160,1140.5372
2023-11-11,S003,P0007,197,1146.9154
2023-11-12,S003,P0007,167,1145.5814
2023-11-13,S003,P0007,112,1093.6632
2023-11-14,S003,P0007,91,1031.5264
2023-11-15,S003,P0007,138,1000.9453
2023-11-16,S003,P0007,153,1008.33453
2023-11-17,S003,P0007,109,949.8693
2023-11-18,S003,P0007,125,882.42755
2023-11-19,S003,P0007,157,867.8396
2023-11-20,S003,P0007,74,859.87695
2023-11-21,S003,P0007,209,967.1614
2023-11-22,S003,P0007,248,1020.00793
2023-11-23,S003,P0007,157,1085.9287
2023-11-24,S003,P0007,118,1072.4158
2023-11-25,S003,P0007,121,1051.7742
2023-11-26,S003,P0007,75,963.7239
2023-11-27,S003,P0007,146,1032.6116
2023-11-28,S003,P0007,108,928.16266
2023-11-29,S003,P0007,149,874.2489
2023-11-30,S003,P0007,137,868.2979
2023-12-01,S003,P0007,72,813.1827
2023-12-02,S003,P0007,102,795.3128
2023-12-03,S003,P0007,142,856.80786
2023-12-04,S003,P0007,75,793.71796
2023-12-05,S003,P0007,102,790.2048
2023-12-06,S003,P0007,98,736.50085
2023-12-07,S003,P0007,152,760.7431
2023-12-08,S003,P0007,143,840.8196
2023-12-09,S003,P0007,110,833.08594
2023-12-10,S003,P0007,174,856.9191
2023-12-11,S003,P0007,167,959.0826
2023-12-12,S003,P0007,121,963.5774
2023-12-13,S003,P0007,115,962.62836
2023-12-14,S003,P0007,109,925.2922
2023-12-15,S003,P0007,164,968.87
2023-12-16,S003,P0007,20,879.6546
2023-12-17,S003,P0007,106,789.0449
2023-12-18,S003,P0007,141,792.0679
2023-12-19,S003,P0007,53,756.7233
2023-12-20,S003,P0007,71,700.638
2023-12-21,S003,P0007,166,739.0756
2023-12-22,S003,P0007,114,701.0766
2023-12-23,S003,P0007,109,797.84955
2023-12-24,S003,P0007,199,878.7065
2023-12-25,S003,P0007,130,864.26874
2023-12-26,S003,P0007,91,866.4799
2023-12-27,S003,P0007,74,824.37897
2023-12-28,S003,P0007,86,764.2815
2023-12-29,S003,P0007,76,725.2696
2023-12-30,S003,P0007,59,691.8331
2023-12-31,S003,P0007,25,558.88745
2024-01-01,S003,P0007,78,461.90222
2024-01-02,S003,P0007,80,506.5466
2024-01-03,S003,P0007,48,499.27112
2024-01-04,S003,P0007,28,428.71564
2024-01-05,S003,P0007,64,367.7206
2024-01-06,S003,P0007,92,397.46408
2024-01-07,S003,P0007,79,382.76224
2024-01-08,S003,P0007,67,444.99966
2024-01-09,S003,P0007,105,511.74884
2024-01-10,S003,P0007,166,638.27625
2024-01-11,S003,P0007,76,659.7133
2024-01-12,S003,P0007,152,719.2481
2024-01-13,S003,P0007,158,739.7907
2024-01-14,S003,P0007,128,742.5844
2024-01-15,S003,P0007,143,830.433
2024-01-16,S003,P0007,131,958.4115
2024-01-17,S003,P0007,75,849.914
2024-01-18,S003,P0007,99,854.1555
2024-01-19,S003,P0007,81,801.66455
2024-01-20,S003,P0007,162,776.1932
2024-01-21,S003,P0007,87,657.8794
2024-01-22,S003,P0007,65,617.96356
2024-01-23,S003,P0007,65,609.41675
2024-01-24,S003,P0007,56,617.24225
2024-01-25,S003,P0007,145,665.4823
2024-01-26,S003,P0007,83,681.7465
2024-01-27,S003,P0007,162,581.38416
2024-01-28,S003,P0007,123,551.6911
2024-01-29,S003,P0007,113,647.21783
2024-01-30,S003,P0007,114,751.7664
2023-10-13,S003,P0008,88,591.07135
2023-10-14,S003,P0008,70,567.73987
2023-10-15,S003,P0008,94,566.0505
2023-10-16,S003,P0008,63,584.44635
2023-10-17,S003,P0008,55,533.2493
2023-10-18,S003,P0008,133,582.3629
2023-10-19,S003,P0008,114,628.60046
2023-10-20,S003,P0008,92,643.8102
2023-10-21,S003,P0008,151,691.8617
2023-10-22,S003,P0008,91,698.5503
2023-10-23,S003,P0008,148,759.591
2023-10-24,S003,P0008,123,868.2321
2023-10-25,S003,P0008,77,774.95667
2023-10-26,S003,P0008,128,792.6765
2023-10-27,S003,P0008,144,860.2842
2023-10-28,S003,P0008,126,824.6191
2023-10-29,S003,P0008,110,844.4394
2023-10-30,S003,P0008,98,798.78864
2023-10-31,S003,P0008,118,781.8652
2023-11-01,S003,P0008,86,802.8649
2023-11-02,S003,P0008,94,768.57526
2023-11-03,S003,P0008,169,803.69476
2023-11-04,S003,P0008,122,821.86
2023-11-05,S003,P0008,110,805.65515
2023-11-06,S003,P0008,135,834.18054
2023-11-07,S003,P0008,91,793.49524
2023-11-08,S003,P0008,58,759.9975
2023-11-09,S003,P0008,87,758.0694
2023-11-10,S003,P0008,76,672.0173
2023-11-11,S003,P0008,118,679.3138
2023-11-12,S003,P0008,160,744.689
2023-11-13,S003,P0008,77,683.09033
2023-11-14,S003,P0008,40,633.37634
2023-11-15,S003,P0008,190,745.1085
2023-11-16,S003,P0008,131,822.07983
2023-11-17,S003,P0008,79,791.2636
2023-11-18,S003,P0008,100,761.71246
2023-11-19,S003,P0008,108,715.95996
2023-11-20,S003,P0008,113,751.66
2023-11-21,S003,P0008,90,790.4922
2023-11-22,S003,P0008,97,715.0821
2023-11-23,S003,P0008,95,686.73065
2023-11-24,S003,P0008,113,721.1549
2023-11-25,S003,P0008,128,760.1476
2023-11-26,S003,P0008,81,715.23157
2023-11-27,S003,P0008,57,645.12726
2023-11-28,S003,P0008,77,647.5928
2023-11-29,S003,P0008,89,650.9793
2023-11-30,S003,P0008,115,660.8949
2023-12-01,S003,P0008,71,640.8575
2023-12-02,S003,P0008,128,631.4282
2023-12-03,S003,P0008,106,661.1474
2023-12-04,S003,P0008,197,774.2107
2023-12-05,S003,P0008,83,792.7297
2023-12-06,S003,P0008,108,790.7429
2023-12-07,S003,P0008,124,806.80884
2023-12-08,S003,P0008,54,793.0019
2023-12-09,S003,P0008,102,758.37445
2023-12-10,S003,P0008,114,788.2965
2023-12-11,S003,P0008,72,679.1692
2023-12-12,S003,P0008,151,719.22076
2023-12-13,S003,P0008,85,721.0763
2023-12-14,S003,P0008,166,746.14075
2023-12-15,S003,P0008,192,901.28406
2023-12-16,S003,P0008,64,849.86804
2023-12-17,S003,P0008,104,823.1764
2023-12-18,S003,P0008,106,849.8738
2023-12-19,S003,P0008,135,862.9463
2023-12-20,S003,P0008,224,956.7957
2023-12-21,S003,P0008,150,1001.50507
2023-12-22,S003,P0008,135,920.5471
2023-12-23,S003,P0008,159,1010.63983
2023-12-24,S003,P0008,133,1021.8519
2023-12-25,S003,P0008,103,1016.6265
2023-12-26,S003,P0008,112,989.987
2023-12-27,S003,P0008,53,824.329
2023-12-28,S003,P0008,77,755.2032
2023-12-29,S003,P0008,103,728.3731
2023-12-30,S003,P0008,128,709.5854
2023-12-31,S003,P0008,178,783.4715
2024-01-01,S003,P0008,38,660.77313
2024-01-02,S003,P0008,120,653.424
2024-01-03,S003,P0008,115,766.8352
2024-01-04,S003,P0008,121,838.9141
2024-01-05,S003,P0008,212,883.4444
2024-01-06,S003,P0008,189,850.02405
2024-01-07,S003,P0008,93,788.6975
2024-01-08,S003,P0008,191,923.7467
2024-01-09,S003,P0008,93,992.36365
2024-01-10,S003,P0008,118,993.60034
2024-01-11,S003,P0008,107,985.3058
2024-01-12,S003,P0008,75,841.5494
2024-01-13,S003,P0008,168,662.9328
2024-01-14,S003,P0008,111,775.19073
2024-01-15,S003,P0008,129,739.49585
2024-01-16,S003,P0008,120,837.59894
2024-01-17,S003,P0008,155,869.9166
2024-01-18,S003,P0008,50,799.4711
2024-01-19,S003,P0008,106,801.818
2024-01-20,S003,P0008,116,689.356
2024-01-21,S003,P0008,107,678.75397
2024-01-22,S003,P0008,122,677.40796
2024-01-23,S003,P0008,88,759.8091
2024-01-24,S003,P0008,187,795.37866
2024-01-25,S003,P0008,109,861.47406
2024-01-26,S003,P0008,135,840.5548
2024-01-27,S003,P0008,149,885.9412
2024-01-28,S003,P0008,74,743.6723
2024-01-29,S003,P0008,166,811.2218
2024-01-30,S003,P0008,114,923.02875
2023-10-13,S003,P0009,30,527.5358
2023-10-14,S003,P0009,67,485.90823
2023-10-15,S003,P0009,77,507.23016
2023-10-16,S003,P0009,70,511.46436
2023-10-17,S003,P0009,59,486.81528
2023-10-18,S003,P0009,82,486.29877
2023-10-19,S003,P0009,46,446.07513
2023-10-20,S003,P0009,61,463.2737
2023-10-21,S003,P0009,111,511.48468
2023-10-22,S003,P0009,92,547.3707
2023-10-23,S003,P0009,129,582.241
2023-10-24,S003,P0009,82,620.70325
2023-10-25,S003,P0009,163,669.26416
2023-10-26,S003,P0009,185,832.6934
2023-10-27,S003,P0009,169,936.1897
2023-10-28,S003,P0009,147,962.07263
2023-10-29,S003,P0009,171,974.5649
2023-10-30,S003,P0009,107,979.62085
2023-10-31,S003,P0009,120,1000.70917
2023-11-01,S003,P0009,95,957.976
2023-11-02,S003,P0009,148,926.8202
2023-11-03,S003,P0009,158,936.1075
2023-11-04,S003,P0009,115,908.7898
2023-11-05,S003,P0009,133,866.3327
2023-11-06,S003,P0009,119,875.6937
2023-11-07,S003,P0009,141,902.43494
2023-11-08,S003,P0009,111,934.5582
2023-11-09,S003,P0009,172,914.4355
2023-11-10,S003,P0009,121,897.52344
2023-11-11,S003,P0009,185,956.4732
2023-11-12,S003,P0009,101,946.675
2023-11-13,S003,P0009,108,933.5295
2023-11-14,S003,P0009,188,957.9248
2023-11-15,S003,P0009,190,1057.3873
2023-11-16,S003,P0009,126,1001.0407
2023-11-17,S003,P0009,39,904.7762
2023-11-18,S003,P0009,155,905.8278
2023-11-19,S003,P0009,181,980.4935
2023-11-20,S003,P0009,133,975.95935
2023-11-21,S003,P0009,108,921.6354
2023-11-22,S003,P0009,100,839.935
2023-11-23,S003,P0009,138,870.0428
2023-11-24,S003,P0009,90,872.5212
2023-11-25,S003,P0009,144,872.35376
2023-11-26,S003,P0009,89,796.5714
2023-11-27,S003,P0009,109,780.82196
2023-11-28,S003,P0009,172,839.4095
2023-11-29,S003,P0009,204,955.2531
2023-11-30,S003,P0009,91,891.0293
2023-12-01,S003,P0009,83,873.83575
2023-12-02,S003,P0009,94,840.77563
2023-12-03,S003,P0009,169,919.6082
2023-12-04,S003,P0009,162,981.65015
2023-12-05,S003,P0009,118,906.72705
2023-12-06,S003,P0009,265,979.3823
2023-12-07,S003,P0009,179,1053.9102
2023-12-08,S003,P0009,183,1135.0088
2023-12-09,S003,P0009,140,1146.1897
2023-12-10,S003,P0009,165,1181.9734
2023-12-11,S003,P0009,167,1200.3062
2023-12-12,S003,P0009,150,1186.2323
2023-12-13,S003,P0009,239,1137.9218
2023-12-14,S003,P0009,130,1133.8248
2023-12-15,S003,P0009,97,1063.2177
2023-12-16,S003,P0009,69,976.35004
2023-12-17,S003,P0009,172,978.8853
2023-12-18,S003,P0009,152,997.4419
2023-12-19,S003,P0009,106,926.24493
2023-12-20,S003,P0009,113,845.2678
2023-12-21,S003,P0009,116,826.72095
2023-12-22,S003,P0009,70,791.36975
2023-12-23,S003,P0009,126,868.99445
2023-12-24,S003,P0009,125,796.7362
2023-12-25,S003,P0009,60,727.443
2023-12-26,S003,P0009,203,820.7883
2023-12-27,S003,P0009,39,756.17993
2023-12-28,S003,P0009,59,640.96124
2023-12-29,S003,P0009,92,684.9389
2023-12-30,S003,P0009,76,667.00305
2023-12-31,S003,P0009,68,579.8405
2024-01-01,S003,P0009,86,546.8926
2024-01-02,S003,P0009,59,497.7499
2024-01-03,S003,P0009,73,502.8722
2024-01-04,S003,P0009,49,475.1482
2024-01-05,S003,P0009,69,476.93533
2024-01-06,S003,P0009,57,475.08887
2024-01-07,S003,P0009,40,390.6611
2024-01-08,S003,P0009,47,381.66876
2024-01-09,S003,P0009,138,505.30756
2024-01-10,S003,P0009,88,519.5195
2024-01-11,S003,P0009,175,641.8512
2024-01-12,S003,P0009,106,689.5919
2024-01-13,S003,P0009,102,580.3836
2024-01-14,S003,P0009,81,619.1517
2024-01-15,S003,P0009,131,682.247
2024-01-16,S003,P0009,110,775.2186
2024-01-17,S003,P0009,161,863.00354
2024-01-18,S003,P0009,24,716.8568
2024-01-19,S003,P0009,128,727.5219
2024-01-20,S003,P0009,106,692.5427
2024-01-21,S003,P0009,133,790.61395
2024-01-22,S003,P0009,106,659.29376
2024-01-23,S003,P0009,121,790.2171
2024-01-24,S003,P0009,193,824.4471
2024-01-25,S003,P0009,180,961.35596
2024-01-26,S003,P0009,94,926.4934
2024-01-27,S003,P0009,164,930.75525
2024-01-28,S003,P0009,103,849.565
2024-01-29,S003,P0009,138,840.01416
2024-01-30,S003,P0009,151,959.49554
2023-10-13,S003,P0010,101,538.5371
2023-10-14,S003,P0010,80,534.522
2023-10-15,S003,P0010,62,511.53238
2023-10-16,S003,P0010,105,574.43506
2023-10-17,S003,P0010,31,551.15155
2023-10-18,S003,P0010,78,521.8713
2023-10-19,S003,P0010,113,595.234
2023-10-20,S003,P0010,97,594.0914
2023-10-21,S003,P0010,92,596.52686
2023-10-22,S003,P0010,125,645.46356
2023-10-23,S003,P0010,63,609.33484
2023-10-24,S003,P0010,58,600.8248
2023-10-25,S003,P0010,111,676.7944
2023-10-26,S003,P0010,137,697.63776
2023-10-27,S003,P0010,134,740.02325
2023-10-28,S003,P0010,121,754.52386
2023-10-29,S003,P0010,160,792.63007
2023-10-30,S003,P0010,157,896.005
2023-10-31,S003,P0010,116,909.22455
2023-11-01,S003,P0010,99,900.54755
2023-11-02,S003,P0010,111,887.67206
2023-11-03,S003,P0010,153,907.5034
2023-11-04,S003,P0010,270,1055.6375
2023-11-05,S003,P0010,78,961.7995
2023-11-06,S003,P0010,70,876.8383
2023-11-07,S003,P0010,90,862.18097
2023-11-08,S003,P0010,204,953.8414
2023-11-09,S003,P0010,133,1011.67725
2023-11-10,S003,P0010,131,950.2592
2023-11-11,S003,P0010,219,918.9436
2023-11-12,S003,P0010,130,991.63226
2023-11-13,S003,P0010,136,1009.7853
2023-11-14,S003,P0010,69,962.73395
2023-11-15,S003,P0010,174,944.2584
2023-11-16,S003,P0010,125,951.8876
2023-11-17,S003,P0010,100,930.717
2023-11-18,S003,P0010,171,886.9162
2023-11-19,S003,P0010,200,987.61926
2023-11-20,S003,P0010,76,902.5491
2023-11-21,S003,P0010,139,936.80316
2023-11-22,S003,P0010,204,983.9883
2023-11-23,S003,P0010,69,940.6091
2023-11-24,S003,P0010,116,939.676
2023-11-25,S003,P0010,125,897.6574
2023-11-26,S003,P0010,48,774.8146
2023-11-27,S003,P0010,152,856.65485
2023-11-28,S003,P0010,131,848.95886
2023-11-29,S003,P0010,125,791.1141
2023-11-30,S003,P0010,85,785.0485
2023-12-01,S003,P0010,161,831.9045
2023-12-02,S003,P0010,100,825.91656
2023-12-03,S003,P0010,118,846.05225
2023-12-04,S003,P0010,131,872.489
2023-12-05,S003,P0010,97,814.2703
2023-12-06,S003,P0010,182,859.6131
2023-12-07,S003,P0010,109,900.8531
2023-12-08,S003,P0010,176,913.0025
2023-12-09,S003,P0010,108,928.8069
2023-12-10,S003,P0010,146,927.9578
2023-12-11,S003,P0010,77,905.9311
2023-12-12,S003,P0010,129,894.6106
2023-12-13,S003,P0010,144,869.9073
2023-12-14,S003,P0010,79,860.14734
2023-12-15,S003,P0010,51,731.39307
2023-12-16,S003,P0010,52,692.46906
2023-12-17,S003,P0010,106,680.7542
2023-12-18,S003,P0010,100,701.9155
2023-12-19,S003,P0010,38,594.25543
2023-12-20,S003,P0010,224,664.73553
2023-12-21,S003,P0010,181,794.25885
2023-12-22,S003,P0010,104,824.08636
2023-12-23,S003,P0010,84,813.1235
2023-12-24,S003,P0010,207,906.8648
2023-12-25,S003,P0010,4,863.4139
2023-12-26,S003,P0010,172,918.49066
2023-12-27,S003,P0010,96,828.7708
2023-12-28,S003,P0010,123,776.6266
2023-12-29,S003,P0010,66,734.52014
2023-12-30,S003,P0010,86,721.2322
2023-12-31,S003,P0010,95,621.5696
2024-01-01,S003,P0010,94,687.59406
2024-01-02,S003,P0010,52,600.4097
2024-01-03,S003,P0010,58,533.8652
2024-01-04,S003,P0010,45,485.53497
2024-01-05,S003,P0010,193,622.46356
2024-01-06,S003,P0010,75,439.95352
2024-01-07,S003,P0010,68,570.2741
2024-01-08,S003,P0010,56,501.73557
2024-01-09,S003,P0010,161,633.1734
2024-01-10,S003,P0010,186,821.81494
2024-01-11,S003,P0010,124,860.87933
2024-01-12,S003,P0010,116,752.45154
2024-01-13,S003,P0010,107,631.58746
2024-01-14,S003,P0010,114,711.4529
2024-01-15,S003,P0010,119,786.41016
2024-01-16,S003,P0010,142,902.66284
2024-01-17,S003,P0010,98,841.6542
2024-01-18,S003,P0010,122,824.2507
2024-01-19,S003,P0010,116,772.3628
2024-01-20,S003,P0010,58,609.1888
2024-01-21,S003,P0010,77,696.80273
2024-01-22,S003,P0010,94,598.5086
2024-01-23,S003,P0010,96,673.5785
2024-01-24,S003,P0010,228,793.0915
2024-01-25,S003,P0010,90,780.4863
2024-01-26,S003,P0010,18,627.9972
2024-01-27,S003,P0010,137,718.54236
2024-01-28,S003,P0010,104,599.4515
2024-01-29,S003,P0010,94,656.4897
2024-01-30,S003,P0010,132,791.8641
2023-10-13,S003,P0011,64,466.9087
2023-10-14,S003,P0011,54,466.34167
2023-10-15,S003,P0011,49,438.45593
2023-10-16,S003,P0011,62,450.3309
2023-10-17,S003,P0011,148,493.58353
2023-10-18,S003,P0011,75,523.49677
2023-10-19,S003,P0011,78,533.1628
2023-10-20,S003,P0011,56,531.55286
2023-10-21,S003,P0011,99,555.74316
2023-10-22,S003,P0011,78,593.4498
2023-10-23,S003,P0011,64,589.19977
2023-10-24,S003,P0011,57,505.47885
2023-10-25,S003,P0011,177,604.2587
2023-10-26,S003,P0011,99,641.9862
2023-10-27,S003,P0011,77,651.38434
2023-10-28,S003,P0011,114,657.58203
2023-10-29,S003,P0011,41,628.2124
2023-10-30,S003,P0011,84,632.56915
2023-10-31,S003,P0011,134,695.4798
2023-11-01,S003,P0011,93,653.3084
2023-11-02,S003,P0011,142,671.43774
2023-11-03,S003,P0011,108,736.3876
2023-11-04,S003,P0011,151,750.3219
2023-11-05,S003,P0011,145,852.6801
2023-11-06,S003,P0011,181,933.8039
2023-11-07,S003,P0011,104,917.0335
2023-11-08,S003,P0011,113,907.9571
2023-11-09,S003,P0011,76,861.9309
2023-11-10,S003,P0011,139,864.9481
2023-11-11,S003,P0011,190,931.20935
2023-11-12,S003,P0011,48,856.05304
2023-11-13,S003,P0011,104,763.9546
2023-11-14,S003,P0011,150,811.49225
2023-11-15,S003,P0011,98,838.09174
2023-11-16,S003,P0011,100,813.7111
2023-11-17,S003,P0011,188,853.61035
2023-11-18,S003,P0011,56,774.31555
2023-11-19,S003,P0011,122,815.3763
2023-11-20,S003,P0011,109,819.84534
2023-11-21,S003,P0011,84,758.26904
2023-11-22,S003,P0011,138,797.56635
2023-11-23,S003,P0011,77,774.3833
2023-11-24,S003,P0011,136,741.95557
2023-11-25,S003,P0011,127,803.0369
2023-11-26,S003,P0011,123,812.4452
2023-11-27,S003,P0011,96,783.13464
2023-11-28,S003,P0011,92,782.8608
2023-11-29,S003,P0011,142,773.9878
2023-11-30,S003,P0011,140,853.3838
2023-12-01,S003,P0011,199,922.97974
2023-12-02,S003,P0011,105,886.74133
2023-12-03,S003,P0011,156,907.5859
2023-12-04,S003,P0011,94,924.4157
2023-12-05,S003,P0011,59,862.81305
2023-12-06,S003,P0011,215,919.83044
2023-12-07,S003,P0011,169,995.0251
2023-12-08,S003,P0011,120,934.76624
2023-12-09,S003,P0011,69,868.3696
2023-12-10,S003,P0011,67,787.16864
2023-12-11,S003,P0011,146,829.45703
2023-12-12,S003,P0011,97,890.77313
2023-12-13,S003,P0011,103,785.1412
2023-12-14,S003,P0011,138,745.9299
2023-12-15,S003,P0011,104,745.8987
2023-12-16,S003,P0011,66,726.9086
2023-12-17,S003,P0011,144,801.1709
2023-12-18,S003,P0011,121,795.8105
2023-12-19,S003,P0011,124,804.3462
2023-12-20,S003,P0011,141,839.3537
2023-12-21,S003,P0011,131,815.96704
2023-12-22,S003,P0011,73,797.82544
2023-12-23,S003,P0011,111,818.1828
2023-12-24,S003,P0011,65,768.3285
2023-12-25,S003,P0011,131,780.72217
2023-12-26,S003,P0011,122,791.0102
2023-12-27,S003,P0011,37,670.4827
2023-12-28,S003,P0011,64,583.5098
2023-12-29,S003,P0011,96,617.08014
2023-12-30,S003,P0011,18,538.1144
2023-12-31,S003,P0011,31,473.55206
2024-01-01,S003,P0011,53,345.00476
2024-01-02,S003,P0011,57,330.90616
2024-01-03,S003,P0011,40,382.8004
2024-01-04,S003,P0011,67,385.9953
2024-01-05,S003,P0011,48,353.8401
2024-01-06,S003,P0011,108,407.36243
2024-01-07,S003,P0011,54,319.74854
2024-01-08,S003,P0011,53,412.07642
2024-01-09,S003,P0011,56,447.21277
2024-01-10,S003,P0011,46,455.0996
2024-01-11,S003,P0011,157,534.3657
2024-01-12,S003,P0011,72,554.0709
2024-01-13,S003,P0011,64,469.3887
2024-01-14,S003,P0011,116,421.13596
2024-01-15,S003,P0011,87,569.0713
2024-01-16,S003,P0011,66,584.27155
2024-01-17,S003,P0011,194,684.9301
2024-01-18,S003,P0011,108,700.4733
2024-01-19,S003,P0011,133,745.32983
2024-01-20,S003,P0011,166,832.2585
2024-01-21,S003,P0011,75,725.49274
2024-01-22,S003,P0011,141,778.4368
2024-01-23,S003,P0011,102,873.15356
2024-01-24,S003,P0011,81,767.80347
2024-01-25,S003,P0011,106,703.73724
2024-01-26,S003,P0011,91,723.2038
2024-01-27,S003,P0011,101,476.79532
2024-01-28,S003,P0011,106,586.05206
2024-01-29,S003,P0011,114,644.88586
2024-01-30,S003,P0011,134,707.2701
2023-10-13,S003,P0012,70,338.18582
2023-10-14,S003,P0012,45,355.5262
2023-10-15,S003,P0012,30,315.5181
2023-10-16,S003,P0012,16,285.257
2023-10-17,S003,P0012,35,259.93576
2023-10-18,S003,P0012,47,296.54477
2023-10-19,S003,P0012,38,289.97763
2023-10-20,S003,P0012,39,253.08485
2023-10-21,S003,P0012,35,254.75047
2023-10-22,S003,P0012,25,239.01118
2023-10-23,S003,P0012,35,254.19693
2023-10-24,S003,P0012,25,247.97015
2023-10-25,S003,P0012,98,338.6886
2023-10-26,S003,P0012,99,434.9278
2023-10-27,S003,P0012,68,459.48218
2023-10-28,S003,P0012,82,494.964
2023-10-29,S003,P0012,79,533.6987
2023-10-30,S003,P0012,83,546.7421
2023-10-31,S003,P0012,107,598.82526
2023-11-01,S003,P0012,72,590.37286
2023-11-02,S003,P0012,56,531.6728
2023-11-03,S003,P0012,29,515.6832
2023-11-04,S003,P0012,116,542.4181
2023-11-05,S003,P0012,32,522.2625
2023-11-06,S003,P0012,81,516.3002
2023-11-07,S003,P0012,32,455.44098
2023-11-08,S003,P0012,51,411.80496
2023-11-09,S003,P0012,105,493.92685
2023-11-10,S003,P0012,91,538.3644
2023-11-11,S003,P0012,81,497.64548
2023-11-12,S003,P0012,71,524.59094
2023-11-13,S003,P0012,74,518.4393
2023-11-14,S003,P0012,58,538.77563
2023-11-15,S003,P0012,71,553.0069
2023-11-16,S003,P0012,74,522.72833
2023-11-17,S003,P0012,73,514.25006
2023-11-18,S003,P0012,152,576.4806
2023-11-19,S003,P0012,85,597.73627
2023-11-20,S003,P0012,116,616.83984
2023-11-21,S003,P0012,100,677.1545
2023-11-22,S003,P0012,91,677.5293
2023-11-23,S003,P0012,158,768.77527
2023-11-24,S003,P0012,146,824.9901
2023-11-25,S003,P0012,108,796.6074
2023-11-26,S003,P0012,126,829.96936
2023-11-27,S003,P0012,70,779.95624
2023-11-28,S003,P0012,52,722.73413
2023-11-29,S003,P0012,102,756.1553
2023-11-30,S003,P0012,84,684.314
2023-12-01,S003,P0012,95,649.1653
2023-12-02,S003,P0012,165,720.3929
2023-12-03,S003,P0012,100,701.12683
2023-12-04,S003,P0012,92,690.1505
2023-12-05,S003,P0012,57,686.04047
2023-12-06,S003,P0012,72,658.12775
2023-12-07,S003,P0012,93,678.9178
2023-12-08,S003,P0012,78,647.08905
2023-12-09,S003,P0012,85,607.6192
2023-12-10,S003,P0012,73,568.7192
2023-12-11,S003,P0012,54,535.3623
2023-12-12,S003,P0012,79,541.1478
2023-12-13,S003,P0012,89,565.14557
2023-12-14,S003,P0012,82,568.7399
2023-12-15,S003,P0012,113,584.3961
2023-12-16,S003,P0012,77,595.81213
2023-12-17,S003,P0012,122,617.3973
2023-12-18,S003,P0012,55,617.1065
2023-12-19,S003,P0012,79,614.97046
2023-12-20,S003,P0012,49,571.57947
2023-12-21,S003,P0012,37,531.0049
2023-12-22,S003,P0012,102,527.427
2023-12-23,S003,P0012,81,547.51843
2023-12-24,S003,P0012,53,483.66684
2023-12-25,S003,P0012,76,510.7745
2023-12-26,S003,P0012,113,540.2502
2023-12-27,S003,P0012,30,496.34726
2023-12-28,S003,P0012,43,463.77542
2023-12-29,S003,P0012,29,385.5124
2023-12-30,S003,P0012,44,351.28058
2023-12-31,S003,P0012,37,364.00943
2024-01-01,S003,P0012,23,299.99228
2024-01-02,S003,P0012,28,229.5369
2024-01-03,S003,P0012,35,215.19875
2024-01-04,S003,P0012,22,200.10797
2024-01-05,S003,P0012,46,237.13004
2024-01-06,S003,P0012,35,228.90952
2024-01-07,S003,P0012,41,234.8272
2024-01-08,S003,P0012,22,204.10732
2024-01-09,S003,P0012,139,385.69406
2024-01-10,S003,P0012,67,480.64706
2024-01-11,S003,P0012,87,479.55716
2024-01-12,S003,P0012,102,519.123
2024-01-13,S003,P0012,69,523.4473
2024-01-14,S003,P0012,58,433.793
2024-01-15,S003,P0012,98,449.93228
2024-01-16,S003,P0012,106,552.861
2024-01-17,S003,P0012,66,595.33136
2024-01-18,S003,P0012,91,586.3627
2024-01-19,S003,P0012,87,562.67633
2024-01-20,S003,P0012,133,471.69354
2024-01-21,S003,P0012,92,485.52872
2024-01-22,S003,P0012,94,639.7765
2024-01-23,S003,P0012,109,689.61615
2024-01-24,S003,P0012,111,691.94727
2024-01-25,S003,P0012,85,711.51855
2024-01-26,S003,P0012,93,687.11694
2024-01-27,S003,P0012,107,554.82086
2024-01-28,S003,P0012,112,563.129
2024-01-29,S003,P0012,43,525.2533
2024-01-30,S003,P0012,49,576.33746
2023-10-13,S003,P0013,76,575.6745
2023-10-14,S003,P0013,107,622.74805
2023-10-15,S003,P0013,94,653.9016
2023-10-16,S003,P0013,90,654.73517
2023-10-17,S003,P0013,97,641.44037
2023-10-18,S003,P0013,98,682.24756
2023-10-19,S003,P0013,61,617.052
2023-10-20,S003,P0013,143,677.57904
2023-10-21,S003,P0013,26,601.63403
2023-10-22,S003,P0013,122,607.8123
2023-10-23,S003,P0013,89,661.3477
2023-10-24,S003,P0013,76,623.19336
2023-10-25,S003,P0013,158,697.59607
2023-10-26,S003,P0013,84,716.6789
2023-10-27,S003,P0013,167,717.54834
2023-10-28,S003,P0013,198,917.94824
2023-10-29,S003,P0013,110,879.8453
2023-10-30,S003,P0013,132,899.8069
2023-10-31,S003,P0013,107,916.6852
2023-11-01,S003,P0013,118,903.7543
2023-11-02,S003,P0013,181,971.04474
2023-11-03,S003,P0013,103,927.3558
2023-11-04,S003,P0013,95,836.2004
2023-11-05,S003,P0013,88,810.31696
2023-11-06,S003,P0013,133,834.079
2023-11-07,S003,P0013,84,789.3282
2023-11-08,S003,P0013,128,812.6602
2023-11-09,S003,P0013,32,675.04065
2023-11-10,S003,P0013,75,647.0074
2023-11-11,S003,P0013,94,643.81793
2023-11-12,S003,P0013,94,654.98956
2023-11-13,S003,P0013,82,596.54663
2023-11-14,S003,P0013,92,618.0478
2023-11-15,S003,P0013,101,610.0978
2023-11-16,S003,P0013,264,791.49664
2023-11-17,S003,P0013,54,856.0048
2023-11-18,S003,P0013,169,847.4907
2023-11-19,S003,P0013,125,897.5422
2023-11-20,S003,P0013,118,911.62604
2023-11-21,S003,P0013,152,954.8866
2023-11-22,S003,P0013,111,958.8156
2023-11-23,S003,P0013,107,854.1838
2023-11-24,S003,P0013,105,880.20105
2023-11-25,S003,P0013,102,833.8619
2023-11-26,S003,P0013,87,773.0779
2023-11-27,S003,P0013,149,813.7507
2023-11-28,S003,P0013,117,803.66473
2023-11-29,S003,P0013,126,795.2108
2023-11-30,S003,P0013,134,835.2185
2023-12-01,S003,P0013,160,878.11334
2023-12-02,S003,P0013,114,890.16766
2023-12-03,S003,P0013,113,892.97736
2023-12-04,S003,P0013,141,904.802
2023-12-05,S003,P0013,138,917.33636
2023-12-06,S003,P0013,80,874.06586
2023-12-07,S003,P0013,132,874.2984
2023-12-08,S003,P0013,140,862.6801
2023-12-09,S003,P0013,93,831.1635
2023-12-10,S003,P0013,149,871.853
2023-12-11,S003,P0013,94,829.9087
2023-12-12,S003,P0013,137,823.1644
2023-12-13,S003,P0013,117,873.19446
2023-12-14,S003,P0013,102,832.9643
2023-12-15,S003,P0013,105,792.6137
2023-12-16,S003,P0013,152,850.24805
2023-12-17,S003,P0013,152,865.23236
2023-12-18,S003,P0013,106,866.9065
2023-12-19,S003,P0013,116,837.4232
2023-12-20,S003,P0013,15,762.285
2023-12-21,S003,P0013,153,805.76917
2023-12-22,S003,P0013,125,839.2859
2023-12-23,S003,P0013,141,824.7297
2023-12-24,S003,P0013,157,810.77185
2023-12-25,S003,P0013,129,859.8632
2023-12-26,S003,P0013,55,780.1217
2023-12-27,S003,P0013,85,771.5099
2023-12-28,S003,P0013,92,755.7596
2023-12-29,S003,P0013,45,690.85046
2023-12-30,S003,P0013,72,620.3162
2023-12-31,S003,P0013,105,585.2531
2024-01-01,S003,P0013,67,510.42368
2024-01-02,S003,P0013,82,565.53546
2024-01-03,S003,P0013,36,512.6485
2024-01-04,S003,P0013,85,499.8956
2024-01-05,S003,P0013,95,555.9659
2024-01-06,S003,P0013,90,418.98343
2024-01-07,S003,P0013,140,586.386
2024-01-08,S003,P0013,69,558.4451
2024-01-09,S003,P0013,162,678.3955
2024-01-10,S003,P0013,117,778.69714
2024-01-11,S003,P0013,83,742.75836
2024-01-12,S003,P0013,88,726.0732
2024-01-13,S003,P0013,124,665.15704
2024-01-14,S003,P0013,151,622.95575
2024-01-15,S003,P0013,87,736.36755
2024-01-16,S003,P0013,148,804.53186
2024-01-17,S003,P0013,144,825.07806
2024-01-18,S003,P0013,111,856.6923
2024-01-19,S003,P0013,137,852.1709
2024-01-20,S003,P0013,206,871.7823
2024-01-21,S003,P0013,112,892.51514
2024-01-22,S003,P0013,174,854.7118
2024-01-23,S003,P0013,57,956.66547
2024-01-24,S003,P0013,70,874.88055
2024-01-25,S003,P0013,220,907.6773
2024-01-26,S003,P0013,52,895.82904
2024-01-27,S003,P0013,152,654.49646
2024-01-28,S003,P0013,121,742.81323
2024-01-29,S003,P0013,109,649.91626
2024-01-30,S003,P0013,121,823.76
2023-10-13,S003,P0014,130,612.1218
2023-10-14,S003,P0014,92,597.04736
2023-10-15,S003,P0014,100,600.59283
2023-10-16,S003,P0014,48,596.44525
2023-10-17,S003,P0014,136,637.1755
2023-10-18,S003,P0014,62,648.7441
2023-10-19,S003,P0014,82,634.5281
2023-10-20,S003,P0014,60,574.0431
2023-10-21,S003,P0014,49,540.78345
2023-10-22,S003,P0014,65,502.7088
2023-10-23,S003,P0014,93,549.69165
2023-10-24,S003,P0014,51,494.8027
2023-10-25,S003,P0014,150,572.3947
2023-10-26,S003,P0014,100,599.8162
2023-10-27,S003,P0014,175,678.30835
2023-10-28,S003,P0014,115,776.0868
2023-10-29,S003,P0014,95,775.04816
2023-10-30,S003,P0014,67,739.7564
2023-10-31,S003,P0014,68,729.38684
2023-11-01,S003,P0014,107,718.4168
2023-11-02,S003,P0014,67,695.4626
2023-11-03,S003,P0014,59,595.9117
2023-11-04,S003,P0014,185,650.4389
2023-11-05,S003,P0014,120,716.33887
2023-11-06,S003,P0014,68,681.5787
2023-11-07,S003,P0014,122,728.4872
2023-11-08,S003,P0014,213,811.91766
2023-11-09,S003,P0014,157,957.03955
2023-11-10,S003,P0014,146,1010.791
2023-11-11,S003,P0014,200,1000.1895
2023-11-12,S003,P0014,192,1103.1064
2023-11-13,S003,P0014,103,1036.9841
2023-11-14,S003,P0014,182,1114.7665
2023-11-15,S003,P0014,171,1164.9946
2023-11-16,S003,P0014,116,1076.6522
2023-11-17,S003,P0014,109,1024.6158
2023-11-18,S003,P0014,80,934.6822
2023-11-19,S003,P0014,96,847.67645
2023-11-20,S003,P0014,113,849.88776
2023-11-21,S003,P0014,101,780.58386
2023-11-22,S003,P0014,85,713.56537
2023-11-23,S003,P0014,129,726.73615
2023-11-24,S003,P0014,128,779.2857
2023-11-25,S003,P0014,80,747.5644
2023-11-26,S003,P0014,158,799.52673
2023-11-27,S003,P0014,107,795.5839
2023-11-28,S003,P0014,147,814.76355
2023-11-29,S003,P0014,127,878.6012
2023-11-30,S003,P0014,120,842.30817
2023-12-01,S003,P0014,149,874.0513
2023-12-02,S003,P0014,136,944.3848
2023-12-03,S003,P0014,185,968.36237
2023-12-04,S003,P0014,124,976.6594
2023-12-05,S003,P0014,121,934.712
2023-12-06,S003,P0014,94,915.91565
2023-12-07,S003,P0014,42,854.0102
2023-12-08,S003,P0014,79,765.3399
2023-12-09,S003,P0014,137,781.8147
2023-12-10,S003,P0014,142,780.35223
2023-12-11,S003,P0014,198,837.5731
2023-12-12,S003,P0014,167,927.8651
2023-12-13,S003,P0014,104,867.38715
2023-12-14,S003,P0014,124,931.9549
2023-12-15,S003,P0014,97,957.60345
2023-12-16,S003,P0014,153,961.2715
2023-12-17,S003,P0014,108,919.3244
2023-12-18,S003,P0014,99,829.18335
2023-12-19,S003,P0014,168,849.90656
2023-12-20,S003,P0014,171,934.0274
2023-12-21,S003,P0014,211,1011.79565
2023-12-22,S003,P0014,141,1030.2065
2023-12-23,S003,P0014,220,1101.8707
2023-12-24,S003,P0014,130,1147.9795
2023-12-25,S003,P0014,70,1051.4266
2023-12-26,S003,P0014,63,969.4332
2023-12-27,S003,P0014,66,830.5521
2023-12-28,S003,P0014,79,720.13043
2023-12-29,S003,P0014,69,669.5603
2023-12-30,S003,P0014,86,574.5576
2023-12-31,S003,P0014,73,547.6043
2024-01-01,S003,P0014,115,549.07477
2024-01-02,S003,P0014,128,635.0411
2024-01-03,S003,P0014,64,637.4904
2024-01-04,S003,P0014,101,617.59644
2024-01-05,S003,P0014,135,691.29474
2024-01-06,S003,P0014,62,524.2414
2024-01-07,S003,P0014,78,566.3241
2024-01-08,S003,P0014,25,554.68243
2024-01-09,S003,P0014,127,599.6572
2024-01-10,S003,P0014,119,634.6179
2024-01-11,S003,P0014,66,630.1736
2024-01-12,S003,P0014,112,569.784
2024-01-13,S003,P0014,92,549.07947
2024-01-14,S003,P0014,183,595.51715
2024-01-15,S003,P0014,154,798.8095
2024-01-16,S003,P0014,144,873.62854
2024-01-17,S003,P0014,75,797.9684
2024-01-18,S003,P0014,172,868.30963
2024-01-19,S003,P0014,160,993.9797
2024-01-20,S003,P0014,151,1011.28503
2024-01-21,S003,P0014,218,1064.8165
2024-01-22,S003,P0014,86,1010.51984
2024-01-23,S003,P0014,115,939.38824
2024-01-24,S003,P0014,104,962.10004
2024-01-25,S003,P0014,115,907.41547
2024-01-26,S003,P0014,128,904.3487
2024-01-27,S003,P0014,65,799.0028
2024-01-28,S003,P0014,138,600.5414
2024-01-29,S003,P0014,96,696.93945
2024-01-30,S003,P0014,157,799.7831
2023-10-13,S003,P0015,102,687.35406
2023-10-14,S003,P0015,82,700.4686
2023-10-15,S003,P0015,197,838.4902
2023-10-16,S003,P0015,67,788.81256
2023-10-17,S003,P0015,145,801.4637
2023-10-18,S003,P0015,76,797.4972
2023-10-19,S003,P0015,44,648.3446
2023-10-20,S003,P0015,55,626.0579
2023-10-21,S003,P0015,67,631.2482
2023-10-22,S003,P0015,45,507.24283
2023-10-23,S003,P0015,45,454.678
2023-10-24,S003,P0015,88,455.20462
2023-10-25,S003,P0015,83,480.41745
2023-10-26,S003,P0015,52,499.37177
2023-10-27,S003,P0015,89,484.89795
2023-10-28,S003,P0015,119,564.82794
2023-10-29,S003,P0015,112,593.24744
2023-10-30,S003,P0015,134,610.09973
2023-10-31,S003,P0015,109,694.4522
2023-11-01,S003,P0015,125,729.63574
2023-11-02,S003,P0015,170,846.153
2023-11-03,S003,P0015,144,891.4875
2023-11-04,S003,P0015,114,887.1199
2023-11-05,S003,P0015,77,858.1608
2023-11-06,S003,P0015,77,793.4502
2023-11-07,S003,P0015,104,793.5734
2023-11-08,S003,P0015,116,799.8571
2023-11-09,S003,P0015,109,746.25
2023-11-10,S003,P0015,27,643.65656
2023-11-11,S003,P0015,118,635.963
2023-11-12,S003,P0015,117,687.5371
2023-11-13,S003,P0015,118,713.7599
2023-11-14,S003,P0015,144,770.4004
2023-11-15,S003,P0015,117,764.6067
2023-11-16,S003,P0015,101,737.8116
2023-11-17,S003,P0015,69,760.7745
2023-11-18,S003,P0015,149,788.34607
2023-11-19,S003,P0015,119,836.434
2023-11-20,S003,P0015,200,888.1423
2023-11-21,S003,P0015,104,863.9863
2023-11-22,S003,P0015,193,910.4612
2023-11-23,S003,P0015,205,1038.0336
2023-11-24,S003,P0015,75,1017.40344
2023-11-25,S003,P0015,73,936.7845
2023-11-26,S003,P0015,111,947.3882
2023-11-27,S003,P0015,136,894.7848
2023-11-28,S003,P0015,156,965.5774
2023-11-29,S003,P0015,80,848.53076
2023-11-30,S003,P0015,144,787.42676
2023-12-01,S003,P0015,108,830.1464
2023-12-02,S003,P0015,110,849.0986
2023-12-03,S003,P0015,128,866.85815
2023-12-04,S003,P0015,160,887.6378
2023-12-05,S003,P0015,96,841.3643
2023-12-06,S003,P0015,144,889.59534
2023-12-07,S003,P0015,70,820.82623
2023-12-08,S003,P0015,49,754.1537
2023-12-09,S003,P0015,50,702.7091
2023-12-10,S003,P0015,93,677.3274
2023-12-11,S003,P0015,78,598.49457
2023-12-12,S003,P0015,87,587.47186
2023-12-13,S003,P0015,90,568.8208
2023-12-14,S003,P0015,73,544.35986
2023-12-15,S003,P0015,49,541.6003
2023-12-16,S003,P0015,189,662.7761
2023-12-17,S003,P0015,184,765.5659
2023-12-18,S003,P0015,124,815.1445
2023-12-19,S003,P0015,92,806.8282
2023-12-20,S003,P0015,138,830.77826
2023-12-21,S003,P0015,142,923.73096
2023-12-22,S003,P0015,91,927.9576
2023-12-23,S003,P0015,75,828.4661
2023-12-24,S003,P0015,167,828.40894
2023-12-25,S003,P0015,91,819.6675
2023-12-26,S003,P0015,105,802.36224
2023-12-27,S003,P0015,122,778.77014
2023-12-28,S003,P0015,78,721.04913
2023-12-29,S003,P0015,94,713.34393
2023-12-30,S003,P0015,118,764.1103
2023-12-31,S003,P0015,75,690.77826
2024-01-01,S003,P0015,58,626.4077
2024-01-02,S003,P0015,18,521.46436
2024-01-03,S003,P0015,78,486.65427
2024-01-04,S003,P0015,69,487.9595
2024-01-05,S003,P0015,61,470.81967
2024-01-06,S003,P0015,41,320.88998
2024-01-07,S003,P0015,88,385.2106
2024-01-08,S003,P0015,46,380.84
2024-01-09,S003,P0015,150,531.05347
2024-01-10,S003,P0015,100,560.4515
2024-01-11,S003,P0015,111,594.5728
2024-01-12,S003,P0015,142,667.5097
2024-01-13,S003,P0015,226,807.4231
2024-01-14,S003,P0015,115,847.9645
2024-01-15,S003,P0015,101,857.0246
2024-01-16,S003,P0015,88,850.03125
2024-01-17,S003,P0015,79,832.1765
2024-01-18,S003,P0015,142,877.9522
2024-01-19,S003,P0015,93,849.17615
2024-01-20,S003,P0015,237,712.8529
2024-01-21,S003,P0015,68,722.01154
2024-01-22,S003,P0015,188,740.446
2024-01-23,S003,P0015,112,916.7977
2024-01-24,S003,P0015,154,976.40735
2024-01-25,S003,P0015,188,1008.4766
2024-01-26,S003,P0015,146,1061.4779
2024-01-27,S003,P0015,183,892.80286
2024-01-28,S003,P0015,126,1066.5771
2024-01-29,S003,P0015,81,945.5533
2024-01-30,S003,P0015,134,972.12634
2023-10-13,S003,P0016,70,445.3258
2023-10-14,S003,P0016,93,468.3595
2023-10-15,S003,P0016,67,501.88763
2023-10-16,S003,P0016,52,512.2925
2023-10-17,S003,P0016,52,484.3907
2023-10-18,S003,P0016,65,502.92117
2023-10-19,S003,P0016,51,458.12042
2023-10-20,S003,P0016,42,422.60187
2023-10-21,S003,P0016,85,400.08484
2023-10-22,S003,P0016,29,378.44656
2023-10-23,S003,P0016,59,363.45068
2023-10-24,S003,P0016,35,370.27048
2023-10-25,S003,P0016,111,469.91708
2023-10-26,S003,P0016,172,572.3233
2023-10-27,S003,P0016,147,694.9904
2023-10-28,S003,P0016,110,690.33484
2023-10-29,S003,P0016,61,716.72906
2023-10-30,S003,P0016,121,750.3469
2023-10-31,S003,P0016,127,825.69025
2023-11-01,S003,P0016,120,821.56573
2023-11-02,S003,P0016,112,795.5997
2023-11-03,S003,P0016,159,785.0082
2023-11-04,S003,P0016,90,782.3307
2023-11-05,S003,P0016,148,840.8423
2023-11-06,S003,P0016,116,866.78375
2023-11-07,S003,P0016,165,898.716
2023-11-08,S003,P0016,95,889.8382
2023-11-09,S003,P0016,102,860.52936
2023-11-10,S003,P0016,100,805.9197
2023-11-11,S003,P0016,107,814.3463
2023-11-12,S003,P0016,120,795.8908
2023-11-13,S003,P0016,67,739.99945
2023-11-14,S003,P0016,85,680.5164
2023-11-15,S003,P0016,82,707.242
2023-11-16,S003,P0016,88,661.3181
2023-11-17,S003,P0016,95,656.35516
2023-11-18,S003,P0016,137,685.95056
2023-11-19,S003,P0016,131,720.5854
2023-11-20,S003,P0016,149,773.02686
2023-11-21,S003,P0016,115,815.3928
2023-11-22,S003,P0016,96,812.3466
2023-11-23,S003,P0016,143,836.7331
2023-11-24,S003,P0016,93,857.28265
2023-11-25,S003,P0016,134,843.1827
2023-11-26,S003,P0016,120,825.1648
2023-11-27,S003,P0016,94,772.508
2023-11-28,S003,P0016,97,761.85693
2023-11-29,S003,P0016,184,846.3373
2023-11-30,S003,P0016,93,824.1603
2023-12-01,S003,P0016,176,893.8429
2023-12-02,S003,P0016,173,939.9617
2023-12-03,S003,P0016,152,976.60864
2023-12-04,S003,P0016,129,1001.69006
2023-12-05,S003,P0016,100,996.7977
2023-12-06,S003,P0016,109,903.70465
2023-12-07,S003,P0016,103,928.4664
2023-12-08,S003,P0016,156,938.06494
2023-12-09,S003,P0016,53,809.06696
2023-12-10,S003,P0016,97,762.89233
2023-12-11,S003,P0016,112,750.41864
2023-12-12,S003,P0016,165,812.4133
2023-12-13,S003,P0016,74,777.4176
2023-12-14,S003,P0016,86,750.66705
2023-12-15,S003,P0016,123,708.0374
2023-12-16,S003,P0016,105,776.6976
2023-12-17,S003,P0016,99,783.22626
2023-12-18,S003,P0016,221,867.2831
2023-12-19,S003,P0016,65,796.4372
2023-12-20,S003,P0016,54,735.30054
2023-12-21,S003,P0016,132,799.7416
2023-12-22,S003,P0016,158,840.4708
2023-12-23,S003,P0016,105,840.9422
2023-12-24,S003,P0016,82,813.26184
2023-12-25,S003,P0016,34,640.1725
2023-12-26,S003,P0016,246,797.4858
2023-12-27,S003,P0016,74,857.074
2023-12-28,S003,P0016,39,677.7698
2023-12-29,S003,P0016,63,552.24536
2023-12-30,S003,P0016,40,529.16943
2023-12-31,S003,P0016,99,550.7504
2024-01-01,S003,P0016,49,529.46655
2024-01-02,S003,P0016,65,476.3959
2024-01-03,S003,P0016,38,381.92297
2024-01-04,S003,P0016,92,427.7466
2024-01-05,S003,P0016,75,470.81674
2024-01-06,S003,P0016,64,412.99005
2024-01-07,S003,P0016,19,415.5763
2024-01-08,S003,P0016,76,379.9264
2024-01-09,S003,P0016,73,409.9776
2024-01-10,S003,P0016,139,554.8563
2024-01-11,S003,P0016,59,525.85614
2024-01-12,S003,P0016,167,547.8164
2024-01-13,S003,P0016,119,664.53174
2024-01-14,S003,P0016,123,756.5963
2024-01-15,S003,P0016,100,764.13336
2024-01-16,S003,P0016,124,797.55396
2024-01-17,S003,P0016,105,770.51215
2024-01-18,S003,P0016,205,925.91595
2024-01-19,S003,P0016,57,797.58356
2024-01-20,S003,P0016,99,674.2974
2024-01-21,S003,P0016,135,683.2838
2024-01-22,S003,P0016,156,815.9961
2024-01-23,S003,P0016,111,896.242
2024-01-24,S003,P0016,82,801.7772
2024-01-25,S003,P0016,151,797.08466
2024-01-26,S003,P0016,157,882.0413
2024-01-27,S003,P0016,88,720.66174
2024-01-28,S003,P0016,65,651.68134
2024-01-29,S003,P0016,111,677.80444
2024-01-30,S003,P0016,124,764.87067
2023-10-13,S003,P0017,38,235.80695
2023-10-14,S003,P0017,16,219.94626
2023-10-15,S003,P0017,38,216.64427
2023-10-16,S003,P0017,35,228.42906
2023-10-17,S003,P0017,64,237.0756
2023-10-18,S003,P0017,34,259.39395
2023-10-19,S003,P0017,71,291.01605
2023-10-20,S003,P0017,35,297.14008
2023-10-21,S003,P0017,21,282.40677
2023-10-22,S003,P0017,20,267.11798
2023-10-23,S003,P0017,46,278.08374
2023-10-24,S003,P0017,38,264.01886
2023-10-25,S003,P0017,71,356.60535
2023-10-26,S003,P0017,131,436.898
2023-10-27,S003,P0017,53,442.47183
2023-10-28,S003,P0017,93,484.2438
2023-10-29,S003,P0017,88,554.4209
2023-10-30,S003,P0017,59,537.3525
2023-10-31,S003,P0017,65,553.81976
2023-11-01,S003,P0017,106,587.15265
2023-11-02,S003,P0017,86,562.76624
2023-11-03,S003,P0017,75,569.86224
2023-11-04,S003,P0017,162,654.8493
2023-11-05,S003,P0017,93,661.49316
2023-11-06,S003,P0017,27,612.52234
2023-11-07,S003,P0017,100,648.4985
2023-11-08,S003,P0017,106,643.2688
2023-11-09,S003,P0017,81,655.75543
2023-11-10,S003,P0017,39,603.43665
2023-11-11,S003,P0017,67,500.54282
2023-11-12,S003,P0017,85,516.55743
2023-11-13,S003,P0017,74,550.8671
2023-11-14,S003,P0017,89,537.8433
2023-11-15,S003,P0017,92,544.37335
2023-11-16,S003,P0017,82,547.528
2023-11-17,S003,P0017,100,588.7053
2023-11-18,S003,P0017,61,575.7471
2023-11-19,S003,P0017,72,561.3562
2023-11-20,S003,P0017,82,570.3624
2023-11-21,S003,P0017,78,559.8792
2023-11-22,S003,P0017,131,623.25793
2023-11-23,S003,P0017,97,623.2272
2023-11-24,S003,P0017,96,604.13684
2023-11-25,S003,P0017,65,611.5915
2023-11-26,S003,P0017,98,642.63
2023-11-27,S003,P0017,78,635.19073
2023-11-28,S003,P0017,74,630.33185
2023-11-29,S003,P0017,84,585.38214
2023-11-30,S003,P0017,60,550.3063
2023-12-01,S003,P0017,22,478.99088
2023-12-02,S003,P0017,51,462.12665
2023-12-03,S003,P0017,91,482.80927
2023-12-04,S003,P0017,77,484.98154
2023-12-05,S003,P0017,41,440.98407
2023-12-06,S003,P0017,142,520.23126
2023-12-07,S003,P0017,34,485.24298
2023-12-08,S003,P0017,110,557.6697
2023-12-09,S003,P0017,35,531.13727
2023-12-10,S003,P0017,74,509.1699
2023-12-11,S003,P0017,61,495.18146
2023-12-12,S003,P0017,117,571.7749
2023-12-13,S003,P0017,87,548.5222
2023-12-14,S003,P0017,88,581.1711
2023-12-15,S003,P0017,91,557.86743
2023-12-16,S003,P0017,68,572.757
2023-12-17,S003,P0017,74,567.7021
2023-12-18,S003,P0017,82,592.9954
2023-12-19,S003,P0017,59,535.53094
2023-12-20,S003,P0017,130,585.9084
2023-12-21,S003,P0017,103,621.30566
2023-12-22,S003,P0017,109,630.4159
2023-12-23,S003,P0017,91,642.93024
2023-12-24,S003,P0017,87,648.94464
2023-12-25,S003,P0017,65,627.0466
2023-12-26,S003,P0017,67,630.7388
2023-12-27,S003,P0017,52,558.388
2023-12-28,S003,P0017,36,487.8403
2023-12-29,S003,P0017,43,409.341
2023-12-30,S003,P0017,10,344.1509
2023-12-31,S003,P0017,51,300.38925
2024-01-01,S003,P0017,16,280.88782
2024-01-02,S003,P0017,27,243.64159
2024-01-03,S003,P0017,27,223.26202
2024-01-04,S003,P0017,13,190.32129
2024-01-05,S003,P0017,15,185.78123
2024-01-06,S003,P0017,34,183.96136
2024-01-07,S003,P0017,20,175.36037
2024-01-08,S003,P0017,18,162.6965
2024-01-09,S003,P0017,50,269.03058
2024-01-10,S003,P0017,69,319.3438
2024-01-11,S003,P0017,120,412.36414
2024-01-12,S003,P0017,94,392.0275
2024-01-13,S003,P0017,109,492.95627
2024-01-14,S003,P0017,65,442.48587
2024-01-15,S003,P0017,68,409.35028
2024-01-16,S003,P0017,70,529.6532
2024-01-17,S003,P0017,95,585.27594
2024-01-18,S003,P0017,87,568.5389
2024-01-19,S003,P0017,79,541.37823
2024-01-20,S003,P0017,101,532.4949
2024-01-21,S003,P0017,61,543.90674
2024-01-22,S003,P0017,129,587.21484
2024-01-23,S003,P0017,101,634.2607
2024-01-24,S003,P0017,79,648.2849
2024-01-25,S003,P0017,64,609.13513
2024-01-26,S003,P0017,118,631.2307
2024-01-27,S003,P0017,117,631.83295
2024-01-28,S003,P0017,131,733.1361
2024-01-29,S003,P0017,77,569.892
2024-01-30,S003,P0017,118,657.3352
2023-10-13,S003,P0018,35,371.62015
2023-10-14,S003,P0018,59,341.1197
2023-10-15,S003,P0018,34,358.1391
2023-10-16,S003,P0018,64,355.77252
2023-10-17,S003,P0018,56,370.73035
2023-10-18,S003,P0018,22,339.08353
2023-10-19,S003,P0018,69,325.69446
2023-10-20,S003,P0018,33,334.06894
2023-10-21,S003,P0018,29,289.57468
2023-10-22,S003,P0018,70,321.83057
2023-10-23,S003,P0018,25,303.2916
2023-10-24,S003,P0018,12,258.73044
2023-10-25,S003,P0018,89,387.99106
2023-10-26,S003,P0018,92,441.8369
2023-10-27,S003,P0018,95,468.1201
2023-10-28,S003,P0018,85,514.1861
2023-10-29,S003,P0018,48,475.97574
2023-10-30,S003,P0018,38,477.11218
2023-10-31,S003,P0018,44,493.30048
2023-11-01,S003,P0018,96,513.8695
2023-11-02,S003,P0018,127,554.5754
2023-11-03,S003,P0018,27,478.4561
2023-11-04,S003,P0018,54,453.7719
2023-11-05,S003,P0018,75,483.5572
2023-11-06,S003,P0018,52,485.3848
2023-11-07,S003,P0018,73,532.67535
2023-11-08,S003,P0018,108,528.9727
2023-11-09,S003,P0018,81,512.27905
2023-11-10,S003,P0018,100,565.093
2023-11-11,S003,P0018,113,615.54956
2023-11-12,S003,P0018,149,708.3604
2023-11-13,S003,P0018,96,729.7939
2023-11-14,S003,P0018,58,677.0473
2023-11-15,S003,P0018,146,723.81287
2023-11-16,S003,P0018,82,753.6872
2023-11-17,S003,P0018,88,712.2723
2023-11-18,S003,P0018,40,658.6902
2023-11-19,S003,P0018,81,591.33887
2023-11-20,S003,P0018,93,579.5338
2023-11-21,S003,P0018,70,592.50653
2023-11-22,S003,P0018,120,596.82086
2023-11-23,S003,P0018,84,592.2769
2023-11-24,S003,P0018,132,639.6628
2023-11-25,S003,P0018,93,668.0487
2023-11-26,S003,P0018,73,645.0686
2023-11-27,S003,P0018,71,620.9306
2023-11-28,S003,P0018,67,623.45764
2023-11-29,S003,P0018,117,624.79395
2023-11-30,S003,P0018,62,611.60535
2023-12-01,S003,P0018,36,510.22836
2023-12-02,S003,P0018,90,518.117
2023-12-03,S003,P0018,122,584.24756
2023-12-04,S003,P0018,54,555.88104
2023-12-05,S003,P0018,92,580.83685
2023-12-06,S003,P0018,97,560.8046
2023-12-07,S003,P0018,48,545.5925
2023-12-08,S003,P0018,70,558.9853
2023-12-09,S003,P0018,56,535.1243
2023-12-10,S003,P0018,104,525.3635
2023-12-11,S003,P0018,78,557.3878
2023-12-12,S003,P0018,77,525.2713
2023-12-13,S003,P0018,80,530.219
2023-12-14,S003,P0018,58,525.5481
2023-12-15,S003,P0018,45,502.85175
2023-12-16,S003,P0018,18,452.4236
2023-12-17,S003,P0018,67,438.2276
2023-12-18,S003,P0018,114,495.27142
2023-12-19,S003,P0018,120,526.5569
2023-12-20,S003,P0018,117,558.1734
2023-12-21,S003,P0018,101,625.3252
2023-12-22,S003,P0018,82,618.67725
2023-12-23,S003,P0018,102,684.36865
2023-12-24,S003,P0018,54,665.3341
2023-12-25,S003,P0018,55,600.94025
2023-12-26,S003,P0018,103,594.4636
2023-12-27,S003,P0018,49,540.0806
2023-12-28,S003,P0018,40,464.98285
2023-12-29,S003,P0018,30,390.81818
2023-12-30,S003,P0018,42,328.23593
2023-12-31,S003,P0018,15,332.11734
2024-01-01,S003,P0018,26,285.64478
2024-01-02,S003,P0018,21,215.93358
2024-01-03,S003,P0018,50,212.65564
2024-01-04,S003,P0018,42,244.01129
2024-01-05,S003,P0018,71,256.89612
2024-01-06,S003,P0018,45,247.67502
2024-01-07,S003,P0018,21,265.99045
2024-01-08,S003,P0018,23,228.45607
2024-01-09,S003,P0018,53,312.63748
2024-01-10,S003,P0018,61,328.10385
2024-01-11,S003,P0018,69,375.81958
2024-01-12,S003,P0018,77,371.56003
2024-01-13,S003,P0018,58,300.0725
2024-01-14,S003,P0018,67,369.13666
2024-01-15,S003,P0018,92,402.90686
2024-01-16,S003,P0018,49,470.08533
2024-01-17,S003,P0018,40,447.3887
2024-01-18,S003,P0018,73,473.33118
2024-01-19,S003,P0018,92,490.62256
2024-01-20,S003,P0018,111,473.6682
2024-01-21,S003,P0018,68,412.408
2024-01-22,S003,P0018,102,485.09082
2024-01-23,S003,P0018,100,555.7777
2024-01-24,S003,P0018,59,561.3959
2024-01-25,S003,P0018,102,622.562
2024-01-26,S003,P0018,114,679.9407
2024-01-27,S003,P0018,16,580.5179
2024-01-28,S003,P0018,97,530.8724
2024-01-29,S003,P0018,79,483.88342
2024-01-30,S003,P0018,90,526.69293
2023-10-13,S003,P0019,171,740.221
2023-10-14,S003,P0019,64,691.89545
2023-10-15,S003,P0019,57,613.9395
2023-10-16,S003,P0019,67,572.2099
2023-10-17,S003,P0019,103,638.97943
2023-10-18,S003,P0019,54,603.4122
2023-10-19,S003,P0019,62,558.8706
2023-10-20,S003,P0019,61,488.72748
2023-10-21,S003,P0019,83,488.89423
2023-10-22,S003,P0019,84,527.0401
2023-10-23,S003,P0019,87,563.14276
2023-10-24,S003,P0019,64,507.5115
2023-10-25,S003,P0019,176,625.4016
2023-10-26,S003,P0019,82,652.08
2023-10-27,S003,P0019,81,655.5893
2023-10-28,S003,P0019,60,623.9348
2023-10-29,S003,P0019,123,680.6866
2023-10-30,S003,P0019,151,747.1211
2023-10-31,S003,P0019,68,744.3851
2023-11-01,S003,P0019,156,730.9218
2023-11-02,S003,P0019,126,756.7179
2023-11-03,S003,P0019,69,758.27026
2023-11-04,S003,P0019,186,863.2915
2023-11-05,S003,P0019,79,832.9476
2023-11-06,S003,P0019,137,840.7599
2023-11-07,S003,P0019,100,832.4616
2023-11-08,S003,P0019,137,809.64166
2023-11-09,S003,P0019,117,825.1536
2023-11-10,S003,P0019,158,902.2346
2023-11-11,S003,P0019,116,858.0721
2023-11-12,S003,P0019,132,887.6869
2023-11-13,S003,P0019,92,831.5468
2023-11-14,S003,P0019,59,795.4815
2023-11-15,S003,P0019,94,759.80164
2023-11-16,S003,P0019,131,796.56445
2023-11-17,S003,P0019,123,760.4415
2023-11-18,S003,P0019,146,789.7017
2023-11-19,S003,P0019,69,730.07214
2023-11-20,S003,P0019,85,705.7803
2023-11-21,S003,P0019,129,781.54425
2023-11-22,S003,P0019,172,850.3975
2023-11-23,S003,P0019,101,831.08356
2023-11-24,S003,P0019,95,796.3213
2023-11-25,S003,P0019,146,805.1519
2023-11-26,S003,P0019,158,902.3792
2023-11-27,S003,P0019,82,871.3044
2023-11-28,S003,P0019,176,936.3679
2023-11-29,S003,P0019,122,883.8792
2023-11-30,S003,P0019,80,856.6182
2023-12-01,S003,P0019,108,846.1944
2023-12-02,S003,P0019,221,958.53125
2023-12-03,S003,P0019,166,986.16016
2023-12-04,S003,P0019,163,1037.8433
2023-12-05,S003,P0019,121,974.8727
2023-12-06,S003,P0019,174,1005.5188
2023-12-07,S003,P0019,143,1046.5194
2023-12-08,S003,P0019,106,1067.3031
2023-12-09,S003,P0019,67,929.04626
2023-12-10,S003,P0019,107,873.17053
2023-12-11,S003,P0019,122,850.5409
2023-12-12,S003,P0019,77,800.63525
2023-12-13,S003,P0019,153,780.09515
2023-12-14,S003,P0019,112,790.8742
2023-12-15,S003,P0019,54,721.3011
2023-12-16,S003,P0019,94,732.2907
2023-12-17,S003,P0019,127,754.3853
2023-12-18,S003,P0019,19,648.6261
2023-12-19,S003,P0019,93,657.11053
2023-12-20,S003,P0019,65,602.28516
2023-12-21,S003,P0019,190,647.30554
2023-12-22,S003,P0019,123,766.5748
2023-12-23,S003,P0019,196,817.6695
2023-12-24,S003,P0019,83,791.7043
2023-12-25,S003,P0019,115,829.21704
2023-12-26,S003,P0019,126,863.4957
2023-12-27,S003,P0019,91,879.7167
2023-12-28,S003,P0019,88,793.34467
2023-12-29,S003,P0019,69,724.9607
2023-12-30,S003,P0019,53,620.85895
2023-12-31,S003,P0019,135,670.6067
2024-01-01,S003,P0019,99,622.3346
2024-01-02,S003,P0019,29,552.86707
2024-01-03,S003,P0019,93,546.2753
2024-01-04,S003,P0019,45,512.3825
2024-01-05,S003,P0019,94,559.395
2024-01-06,S003,P0019,84,395.66238
2024-01-07,S003,P0019,86,523.5863
2024-01-08,S003,P0019,82,531.2411
2024-01-09,S003,P0019,140,630.2617
2024-01-10,S003,P0019,104,643.0764
2024-01-11,S003,P0019,185,741.5202
2024-01-12,S003,P0019,150,815.4283
2024-01-13,S003,P0019,117,864.41974
2024-01-14,S003,P0019,85,724.309
2024-01-15,S003,P0019,128,753.986
2024-01-16,S003,P0019,114,853.82007
2024-01-17,S003,P0019,128,877.35486
2024-01-18,S003,P0019,156,913.1516
2024-01-19,S003,P0019,151,895.1152
2024-01-20,S003,P0019,147,833.1885
2024-01-21,S003,P0019,107,817.04614
2024-01-22,S003,P0019,184,952.1724
2024-01-23,S003,P0019,103,970.4132
2024-01-24,S003,P0019,128,967.0922
2024-01-25,S003,P0019,154,932.4368
2024-01-26,S003,P0019,114,916.09595
2024-01-27,S003,P0019,66,642.63837
2024-01-28,S003,P0019,188,818.2
2024-01-29,S003,P0019,81,803.2395
2024-01-30,S003,P0019,132,809.2764
2023-10-13,S003,P0020,140,737.69037
2023-10-14,S003,P0020,68,662.4252
2023-10-15,S003,P0020,94,628.9607
2023-10-16,S003,P0020,194,739.04614
2023-10-17,S003,P0020,114,788.94885
2023-10-18,S003,P0020,69,766.7797
2023-10-19,S003,P0020,139,776.20825
2023-10-20,S003,P0020,64,721.9214
2023-10-21,S003,P0020,102,745.5443
2023-10-22,S003,P0020,57,723.7748
2023-10-23,S003,P0020,155,677.312
2023-10-24,S003,P0020,109,713.4882
2023-10-25,S003,P0020,59,682.0699
2023-10-26,S003,P0020,159,739.1008
2023-10-27,S003,P0020,109,765.76715
2023-10-28,S003,P0020,78,725.8383
2023-10-29,S003,P0020,94,759.89264
2023-10-30,S003,P0020,117,727.6992
2023-10-31,S003,P0020,116,730.4523
2023-11-01,S003,P0020,128,775.7755
2023-11-02,S003,P0020,108,748.7603
2023-11-03,S003,P0020,121,770.5563
2023-11-04,S003,P0020,71,757.3891
2023-11-05,S003,P0020,110,761.1411
2023-11-06,S003,P0020,98,747.18677
2023-11-07,S003,P0020,122,760.0869
2023-11-08,S003,P0020,81,730.18353
2023-11-09,S003,P0020,94,706.8657
2023-11-10,S003,P0020,124,704.98254
2023-11-11,S003,P0020,96,732.88275
2023-11-12,S003,P0020,120,728.79974
2023-11-13,S003,P0020,103,751.09204
2023-11-14,S003,P0020,94,711.8052
2023-11-15,S003,P0020,142,787.7856
2023-11-16,S003,P0020,97,777.88403
2023-11-17,S003,P0020,174,825.4759
2023-11-18,S003,P0020,128,858.77344
2023-11-19,S003,P0020,67,790.94507
2023-11-20,S003,P0020,76,761.30133
2023-11-21,S003,P0020,76,746.49976
2023-11-22,S003,P0020,99,721.87256
2023-11-23,S003,P0020,62,677.7109
2023-11-24,S003,P0020,58,590.5639
2023-11-25,S003,P0020,91,574.0098
2023-11-26,S003,P0020,114,609.93286
2023-11-27,S003,P0020,84,604.5194
2023-11-28,S003,P0020,110,628.69257
2023-11-29,S003,P0020,95,616.59406
2023-11-30,S003,P0020,116,675.3729
2023-12-01,S003,P0020,144,764.98474
2023-12-02,S003,P0020,146,830.40204
2023-12-03,S003,P0020,121,829.7969
2023-12-04,S003,P0020,203,892.0013
2023-12-05,S003,P0020,128,954.7748
2023-12-06,S003,P0020,182,1013.0614
2023-12-07,S003,P0020,175,1075.8691
2023-12-08,S003,P0020,146,1083.0687
2023-12-09,S003,P0020,106,1043.872
2023-12-10,S003,P0020,60,968.08295
2023-12-11,S003,P0020,106,901.96234
2023-12-12,S003,P0020,109,873.5197
2023-12-13,S003,P0020,199,935.1657
2023-12-14,S003,P0020,118,879.7661
2023-12-15,S003,P0020,172,872.6865
2023-12-16,S003,P0020,144,922.65753
2023-12-17,S003,P0020,142,970.33295
2023-12-18,S003,P0020,295,1150.3029
2023-12-19,S003,P0020,119,1198.1345
2023-12-20,S003,P0020,95,1043.8676
2023-12-21,S003,P0020,148,1056.4117
2023-12-22,S003,P0020,161,1093.551
2023-12-23,S003,P0020,223,1128.3688
2023-12-24,S003,P0020,147,1155.8805
2023-12-25,S003,P0020,111,954.3108
2023-12-26,S003,P0020,119,986.1767
2023-12-27,S003,P0020,155,1001.68585
2023-12-28,S003,P0020,172,1060.5131
2023-12-29,S003,P0020,122,1030.5964
2023-12-30,S003,P0020,204,1038.5297
2023-12-31,S003,P0020,106,992.7749
2024-01-01,S003,P0020,56,875.61176
2024-01-02,S003,P0020,122,903.43427
2024-01-03,S003,P0020,58,820.0403
2024-01-04,S003,P0020,116,751.3966
2024-01-05,S003,P0020,248,825.03015
2024-01-06,S003,P0020,98,671.4075
2024-01-07,S003,P0020,102,705.0028
2024-01-08,S003,P0020,119,824.624
2024-01-09,S003,P0020,71,800.2418
2024-01-10,S003,P0020,109,810.822
2024-01-11,S003,P0020,181,874.11206
2024-01-12,S003,P0020,127,752.98975
2024-01-13,S003,P0020,125,705.4746
2024-01-14,S003,P0020,214,905.1359
2024-01-15,S003,P0020,126,908.16046
2024-01-16,S003,P0020,104,941.8246
2024-01-17,S003,P0020,77,918.62775
2024-01-18,S003,P0020,139,903.17523
2024-01-19,S003,P0020,75,880.38293
2024-01-20,S003,P0020,98,716.608
2024-01-21,S003,P0020,97,687.30304
2024-01-22,S003,P0020,119,754.382
2024-01-23,S003,P0020,142,726.75415
2024-01-24,S003,P0020,115,815.94714
2024-01-25,S003,P0020,158,803.9589
2024-01-26,S003,P0020,69,782.6263
2024-01-27,S003,P0020,114,697.8101
2024-01-28,S003,P0020,161,860.82916
2024-01-29,S003,P0020,109,804.8157
2024-01-30,S003,P0020,96,805.33875
2023-10-13,S004,P0001,86,637.0641
2023-10-14,S004,P0001,130,659.1287
2023-10-15,S004,P0001,56,647.76996
2023-10-16,S004,P0001,47,605.6113
2023-10-17,S004,P0001,90,661.8546
2023-10-18,S004,P0001,75,632.1174
2023-10-19,S004,P0001,100,591.2212
2023-10-20,S004,P0001,108,633.8449
2023-10-21,S004,P0001,73,585.3681
2023-10-22,S004,P0001,114,620.87305
2023-10-23,S004,P0001,103,678.49194
2023-10-24,S004,P0001,51,645.94543
2023-10-25,S004,P0001,251,809.67664
2023-10-26,S004,P0001,214,946.0201
2023-10-27,S004,P0001,186,991.17084
2023-10-28,S004,P0001,67,997.673
2023-10-29,S004,P0001,110,966.52014
2023-10-30,S004,P0001,154,1031.7239
2023-10-31,S004,P0001,148,1107.5648
2023-11-01,S004,P0001,134,978.6223
2023-11-02,S004,P0001,162,954.8531
2023-11-03,S004,P0001,92,902.9635
2023-11-04,S004,P0001,91,879.3928
2023-11-05,S004,P0001,131,893.4234
2023-11-06,S004,P0001,109,884.64514
2023-11-07,S004,P0001,231,963.3674
2023-11-08,S004,P0001,152,1009.54047
2023-11-09,S004,P0001,165,944.7377
2023-11-10,S004,P0001,132,980.27826
2023-11-11,S004,P0001,150,1014.64124
2023-11-12,S004,P0001,133,1073.8636
2023-11-13,S004,P0001,159,1101.9039
2023-11-14,S004,P0001,101,987.2171
2023-11-15,S004,P0001,150,971.52563
2023-11-16,S004,P0001,191,1017.45966
2023-11-17,S004,P0001,133,1007.5328
2023-11-18,S004,P0001,164,1006.31116
2023-11-19,S004,P0001,157,1042.7887
2023-11-20,S004,P0001,88,972.7095
2023-11-21,S004,P0001,82,925.77576
2023-11-22,S004,P0001,69,885.57544
2023-11-23,S004,P0001,89,812.55817
2023-11-24,S004,P0001,67,727.45605
2023-11-25,S004,P0001,124,710.75165
2023-11-26,S004,P0001,112,683.4322
2023-11-27,S004,P0001,106,692.41425
2023-11-28,S004,P0001,74,659.0513
2023-11-29,S004,P0001,58,677.7723
2023-11-30,S004,P0001,108,675.59625
2023-12-01,S004,P0001,69,688.1624
2023-12-02,S004,P0001,30,586.8687
2023-12-03,S004,P0001,106,584.51843
2023-12-04,S004,P0001,231,706.9554
2023-12-05,S004,P0001,117,753.4856
2023-12-06,S004,P0001,65,743.4783
2023-12-07,S004,P0001,131,757.86816
2023-12-08,S004,P0001,189,849.73596
2023-12-09,S004,P0001,101,939.2246
2023-12-10,S004,P0001,75,903.8455
2023-12-11,S004,P0001,80,763.01904
2023-12-12,S004,P0001,146,775.7974
2023-12-13,S004,P0001,125,853.72107
2023-12-14,S004,P0001,99,820.24023
2023-12-15,S004,P0001,203,842.59143
2023-12-16,S004,P0001,137,905.3841
2023-12-17,S004,P0001,53,863.015
2023-12-18,S004,P0001,110,844.07605
2023-12-19,S004,P0001,144,858.78735
2023-12-20,S004,P0001,99,848.97284
2023-12-21,S004,P0001,131,876.63104
2023-12-22,S004,P0001,135,831.63336
2023-12-23,S004,P0001,108,785.88293
2023-12-24,S004,P0001,193,927.18854
2023-12-25,S004,P0001,155,979.56744
2023-12-26,S004,P0001,191,966.1418
2023-12-27,S004,P0001,85,974.0247
2023-12-28,S004,P0001,90,905.4257
2023-12-29,S004,P0001,70,833.51355
2023-12-30,S004,P0001,80,802.9916
2023-12-31,S004,P0001,82,742.99744
2024-01-01,S004,P0001,31,599.6494
2024-01-02,S004,P0001,101,528.67737
2024-01-03,S004,P0001,90,554.9498
2024-01-04,S004,P0001,124,601.4335
2024-01-05,S004,P0001,39,550.42346
2024-01-06,S004,P0001,80,520.9316
2024-01-07,S004,P0001,75,393.76285
2024-01-08,S004,P0001,106,599.9619
2024-01-09,S004,P0001,128,654.0715
2024-01-10,S004,P0001,128,679.4553
2024-01-11,S004,P0001,199,815.10736
2024-01-12,S004,P0001,85,806.5975
2024-01-13,S004,P0001,112,796.2674
2024-01-14,S004,P0001,4,628.7045
2024-01-15,S004,P0001,192,660.4061
2024-01-16,S004,P0001,117,821.2476
2024-01-17,S004,P0001,78,737.9157
2024-01-18,S004,P0001,95,663.2052
2024-01-19,S004,P0001,116,710.4939
2024-01-20,S004,P0001,115,544.0287
2024-01-21,S004,P0001,63,760.49023
2024-01-22,S004,P0001,152,740.1034
2024-01-23,S004,P0001,65,709.6135
2024-01-24,S004,P0001,115,729.49884
2024-01-25,S004,P0001,135,772.59467
2024-01-26,S004,P0001,86,711.8126
2024-01-27,S004,P0001,120,532.8022
2024-01-28,S004,P0001,175,628.8365
2024-01-29,S004,P0001,171,810.233
2024-01-30,S004,P0001,123,909.2946
2023-10-13,S004,P0002,44,568.8032
2023-10-14,S004,P0002,108,604.7482
2023-10-15,S004,P0002,50,509.41977
2023-10-16,S004,P0002,56,453.78748
2023-10-17,S004,P0002,141,532.9029
2023-10-18,S004,P0002,154,632.91986
2023-10-19,S004,P0002,101,681.2275
2023-10-20,S004,P0002,66,687.11865
2023-10-21,S004,P0002,76,624.8558
2023-10-22,S004,P0002,57,635.4399
2023-10-23,S004,P0002,45,612.04535
2023-10-24,S004,P0002,38,509.2644
2023-10-25,S004,P0002,195,605.2437
2023-10-26,S004,P0002,203,656.4563
2023-10-27,S004,P0002,99,788.8286
2023-10-28,S004,P0002,96,754.91547
2023-10-29,S004,P0002,81,770.64
2023-10-30,S004,P0002,108,813.83453
2023-10-31,S004,P0002,90,841.878
2023-11-01,S004,P0002,124,795.9374
2023-11-02,S004,P0002,91,707.59674
2023-11-03,S004,P0002,139,728.16473
2023-11-04,S004,P0002,138,779.6554
2023-11-05,S004,P0002,119,815.4657
2023-11-06,S004,P0002,162,861.2285
2023-11-07,S004,P0002,32,803.81964
2023-11-08,S004,P0002,140,812.4425
2023-11-09,S004,P0002,65,787.4147
2023-11-10,S004,P0002,115,761.23395
2023-11-11,S004,P0002,83,717.80634
2023-11-12,S004,P0002,89,693.6498
2023-11-13,S004,P0002,104,652.7852
2023-11-14,S004,P0002,106,713.43915
2023-11-15,S004,P0002,244,820.1974
2023-11-16,S004,P0002,80,838.9588
2023-11-17,S004,P0002,85,783.2327
2023-11-18,S004,P0002,199,910.77594
2023-11-19,S004,P0002,136,983.323
2023-11-20,S004,P0002,118,950.474
2023-11-21,S004,P0002,62,906.8765
2023-11-22,S004,P0002,166,830.3857
2023-11-23,S004,P0002,52,850.8029
2023-11-24,S004,P0002,147,864.02783
2023-11-25,S004,P0002,87,786.23175
2023-11-26,S004,P0002,53,691.4296
2023-11-27,S004,P0002,141,716.38617
2023-11-28,S004,P0002,90,763.7559
2023-11-29,S004,P0002,101,675.6146
2023-11-30,S004,P0002,123,740.9394
2023-12-01,S004,P0002,149,772.28314
2023-12-02,S004,P0002,85,775.0756
2023-12-03,S004,P0002,85,776.198
2023-12-04,S004,P0002,109,744.0117
2023-12-05,S004,P0002,163,817.07
2023-12-06,S004,P0002,97,821.20013
2023-12-07,S004,P0002,78,760.4134
2023-12-08,S004,P0002,93,716.0253
2023-12-09,S004,P0002,82,711.21875
2023-12-10,S004,P0002,128,754.50714
2023-12-11,S004,P0002,84,740.83795
2023-12-12,S004,P0002,99,672.6363
2023-12-13,S004,P0002,188,751.3805
2023-12-14,S004,P0002,143,847.6527
2023-12-15,S004,P0002,155,884.80774
2023-12-16,S004,P0002,194,995.1337
2023-12-17,S004,P0002,143,1009.23706
2023-12-18,S004,P0002,44,917.315
2023-12-19,S004,P0002,195,1001.2746
2023-12-20,S004,P0002,238,1074.9669
2023-12-21,S004,P0002,226,1168.8544
2023-12-22,S004,P0002,107,1151.7242
2023-12-23,S004,P0002,116,1044.5986
2023-12-24,S004,P0002,126,1013.9022
2023-12-25,S004,P0002,128,1089.1248
2023-12-26,S004,P0002,85,964.76227
2023-12-27,S004,P0002,103,867.4952
2023-12-28,S004,P0002,91,746.59094
2023-12-29,S004,P0002,46,694.99756
2023-12-30,S004,P0002,69,629.64343
2023-12-31,S004,P0002,50,563.0542
2024-01-01,S004,P0002,115,538.9054
2024-01-02,S004,P0002,94,577.05865
2024-01-03,S004,P0002,104,549.3881
2024-01-04,S004,P0002,56,520.71844
2024-01-05,S004,P0002,54,532.0381
2024-01-06,S004,P0002,50,395.50378
2024-01-07,S004,P0002,86,548.1124
2024-01-08,S004,P0002,63,460.5333
2024-01-09,S004,P0002,80,491.84488
2024-01-10,S004,P0002,132,556.7315
2024-01-11,S004,P0002,83,555.1912
2024-01-12,S004,P0002,61,550.29144
2024-01-13,S004,P0002,102,476.2708
2024-01-14,S004,P0002,211,589.63354
2024-01-15,S004,P0002,197,786.4582
2024-01-16,S004,P0002,11,815.95557
2024-01-17,S004,P0002,107,735.43066
2024-01-18,S004,P0002,113,827.73486
2024-01-19,S004,P0002,41,807.03735
2024-01-20,S004,P0002,68,688.5943
2024-01-21,S004,P0002,42,504.9365
2024-01-22,S004,P0002,84,421.3557
2024-01-23,S004,P0002,79,574.4442
2024-01-24,S004,P0002,110,560.9585
2024-01-25,S004,P0002,105,566.4137
2024-01-26,S004,P0002,108,618.43646
2024-01-27,S004,P0002,170,667.3932
2024-01-28,S004,P0002,97,600.24994
2024-01-29,S004,P0002,137,680.9453
2024-01-30,S004,P0002,57,770.1516
2023-10-13,S004,P0003,31,229.5052
2023-10-14,S004,P0003,42,235.58882
2023-10-15,S004,P0003,34,241.40459
2023-10-16,S004,P0003,52,241.97548
2023-10-17,S004,P0003,38,273.8718
2023-10-18,S004,P0003,64,290.253
2023-10-19,S004,P0003,66,329.628
2023-10-20,S004,P0003,35,324.592
2023-10-21,S004,P0003,40,305.9651
2023-10-22,S004,P0003,27,292.53293
2023-10-23,S004,P0003,56,315.83472
2023-10-24,S004,P0003,43,319.6043
2023-10-25,S004,P0003,160,462.75323
2023-10-26,S004,P0003,90,518.96985
2023-10-27,S004,P0003,91,542.68634
2023-10-28,S004,P0003,97,593.1248
2023-10-29,S004,P0003,40,590.4799
2023-10-30,S004,P0003,74,593.2248
2023-10-31,S004,P0003,100,642.9116
2023-11-01,S004,P0003,69,565.728
2023-11-02,S004,P0003,52,524.73126
2023-11-03,S004,P0003,76,518.2742
2023-11-04,S004,P0003,57,479.73068
2023-11-05,S004,P0003,134,576.1561
2023-11-06,S004,P0003,98,600.71185
2023-11-07,S004,P0003,72,550.231
2023-11-08,S004,P0003,112,588.4859
2023-11-09,S004,P0003,105,662.439
2023-11-10,S004,P0003,53,620.57025
2023-11-11,S004,P0003,71,627.8119
2023-11-12,S004,P0003,21,535.54065
2023-11-13,S004,P0003,56,504.84235
2023-11-14,S004,P0003,163,583.3861
2023-11-15,S004,P0003,194,706.29895
2023-11-16,S004,P0003,57,636.2575
2023-11-17,S004,P0003,107,679.4129
2023-11-18,S004,P0003,97,717.28687
2023-11-19,S004,P0003,123,791.53973
2023-11-20,S004,P0003,52,772.45795
2023-11-21,S004,P0003,67,671.0565
2023-11-22,S004,P0003,65,574.16077
2023-11-23,S004,P0003,119,622.155
2023-11-24,S004,P0003,78,610.13574
2023-11-25,S004,P0003,123,619.76404
2023-11-26,S004,P0003,67,580.53015
2023-11-27,S004,P0003,180,689.7303
2023-11-28,S004,P0003,61,703.3595
2023-11-29,S004,P0003,140,747.10876
2023-11-30,S004,P0003,82,743.0142
2023-12-01,S004,P0003,96,736.54565
2023-12-02,S004,P0003,34,659.9943
2023-12-03,S004,P0003,86,674.5664
2023-12-04,S004,P0003,52,574.17664
2023-12-05,S004,P0003,91,575.93146
2023-12-06,S004,P0003,168,656.8045
2023-12-07,S004,P0003,79,623.63245
2023-12-08,S004,P0003,68,593.7355
2023-12-09,S004,P0003,93,631.6446
2023-12-10,S004,P0003,44,601.65894
2023-12-11,S004,P0003,79,630.5914
2023-12-12,S004,P0003,97,614.6934
2023-12-13,S004,P0003,110,591.34314
2023-12-14,S004,P0003,106,600.1473
2023-12-15,S004,P0003,145,672.39844
2023-12-16,S004,P0003,115,705.22107
2023-12-17,S004,P0003,76,697.3529
2023-12-18,S004,P0003,72,709.9983
2023-12-19,S004,P0003,142,744.76544
2023-12-20,S004,P0003,92,755.80804
2023-12-21,S004,P0003,108,738.97235
2023-12-22,S004,P0003,44,654.70654
2023-12-23,S004,P0003,56,582.98193
2023-12-24,S004,P0003,88,594.46783
2023-12-25,S004,P0003,75,602.09106
2023-12-26,S004,P0003,85,562.08954
2023-12-27,S004,P0003,55,524.6484
2023-12-28,S004,P0003,28,421.2477
2023-12-29,S004,P0003,20,378.52
2023-12-30,S004,P0003,34,378.49405
2023-12-31,S004,P0003,6,281.71616
2024-01-01,S004,P0003,24,246.73503
2024-01-02,S004,P0003,58,237.04924
2024-01-03,S004,P0003,16,228.4251
2024-01-04,S004,P0003,30,222.29933
2024-01-05,S004,P0003,73,219.12881
2024-01-06,S004,P0003,32,272.3793
2024-01-07,S004,P0003,39,231.52069
2024-01-08,S004,P0003,50,259.37997
2024-01-09,S004,P0003,60,337.7527
2024-01-10,S004,P0003,96,386.07422
2024-01-11,S004,P0003,87,472.1265
2024-01-12,S004,P0003,39,435.29483
2024-01-13,S004,P0003,59,403.36874
2024-01-14,S004,P0003,72,382.23114
2024-01-15,S004,P0003,53,400.03787
2024-01-16,S004,P0003,51,469.76398
2024-01-17,S004,P0003,51,417.5593
2024-01-18,S004,P0003,52,425.28558
2024-01-19,S004,P0003,80,429.8058
2024-01-20,S004,P0003,70,364.55402
2024-01-21,S004,P0003,33,354.09222
2024-01-22,S004,P0003,75,428.51266
2024-01-23,S004,P0003,77,450.10086
2024-01-24,S004,P0003,116,542.029
2024-01-25,S004,P0003,68,516.38074
2024-01-26,S004,P0003,106,484.69543
2024-01-27,S004,P0003,73,403.856
2024-01-28,S004,P0003,126,535.2405
2024-01-29,S004,P0003,74,560.7549
2024-01-30,S004,P0003,59,582.11664
2023-10-13,S004,P0004,92,545.2053
2023-10-14,S004,P0004,53,545.001
2023-10-15,S004,P0004,84,546.444
2023-10-16,S004,P0004,82,571.8133
2023-10-17,S004,P0004,81,574.74335
2023-10-18,S004,P0004,120,581.70886
2023-10-19,S004,P0004,60,584.3324
2023-10-20,S004,P0004,142,634.9724
2023-10-21,S004,P0004,81,660.04846
2023-10-22,S004,P0004,69,620.7382
2023-10-23,S004,P0004,39,568.8035
2023-10-24,S004,P0004,59,532.95874
2023-10-25,S004,P0004,132,608.9295
2023-10-26,S004,P0004,136,685.7818
2023-10-27,S004,P0004,175,728.02673
2023-10-28,S004,P0004,151,786.4866
2023-10-29,S004,P0004,116,811.6849
2023-10-30,S004,P0004,102,836.0758
2023-10-31,S004,P0004,108,874.2547
2023-11-01,S004,P0004,49,825.3723
2023-11-02,S004,P0004,83,754.2143
2023-11-03,S004,P0004,114,731.3359
2023-11-04,S004,P0004,180,772.07135
2023-11-05,S004,P0004,81,735.53217
2023-11-06,S004,P0004,122,733.92615
2023-11-07,S004,P0004,112,758.68994
2023-11-08,S004,P0004,157,838.42126
2023-11-09,S004,P0004,122,873.3133
2023-11-10,S004,P0004,80,842.10175
2023-11-11,S004,P0004,153,836.0957
2023-11-12,S004,P0004,85,820.4526
2023-11-13,S004,P0004,115,795.63605
2023-11-14,S004,P0004,133,843.8104
2023-11-15,S004,P0004,93,768.5572
2023-11-16,S004,P0004,118,779.2785
2023-11-17,S004,P0004,118,824.6699
2023-11-18,S004,P0004,126,802.04645
2023-11-19,S004,P0004,166,876.6428
2023-11-20,S004,P0004,116,876.7455
2023-11-21,S004,P0004,74,796.9135
2023-11-22,S004,P0004,169,864.0562
2023-11-23,S004,P0004,199,987.13196
2023-11-24,S004,P0004,107,964.87866
2023-11-25,S004,P0004,134,956.9692
2023-11-26,S004,P0004,124,905.4653
2023-11-27,S004,P0004,53,856.91187
2023-11-28,S004,P0004,215,980.5289
2023-11-29,S004,P0004,134,967.7365
2023-11-30,S004,P0004,152,912.3542
2023-12-01,S004,P0004,143,963.8443
2023-12-02,S004,P0004,98,911.0116
2023-12-03,S004,P0004,116,904.35114
2023-12-04,S004,P0004,120,932.22455
2023-12-05,S004,P0004,4,780.04834
2023-12-06,S004,P0004,217,836.47546
2023-12-07,S004,P0004,208,920.10065
2023-12-08,S004,P0004,133,921.5658
2023-12-09,S004,P0004,160,950.1356
2023-12-10,S004,P0004,125,972.08026
2023-12-11,S004,P0004,69,904.46906
2023-12-12,S004,P0004,134,1002.0167
2023-12-13,S004,P0004,64,902.6922
2023-12-14,S004,P0004,116,794.1956
2023-12-15,S004,P0004,88,776.063
2023-12-16,S004,P0004,175,789.50635
2023-12-17,S004,P0004,133,831.5515
2023-12-18,S004,P0004,130,852.5707
2023-12-19,S004,P0004,102,811.87775
2023-12-20,S004,P0004,89,832.3505
2023-12-21,S004,P0004,92,809.331
2023-12-22,S004,P0004,157,871.53754
2023-12-23,S004,P0004,86,792.73126
2023-12-24,S004,P0004,90,741.7762
2023-12-25,S004,P0004,209,826.3858
2023-12-26,S004,P0004,111,878.0689
2023-12-27,S004,P0004,65,763.1978
2023-12-28,S004,P0004,82,746.2657
2023-12-29,S004,P0004,56,662.1252
2023-12-30,S004,P0004,116,703.12103
2023-12-31,S004,P0004,59,688.82
2024-01-01,S004,P0004,101,557.3958
2024-01-02,S004,P0004,33,521.6546
2024-01-03,S004,P0004,69,497.28906
2024-01-04,S004,P0004,76,517.8052
2024-01-05,S004,P0004,74,514.15967
2024-01-06,S004,P0004,82,381.99966
2024-01-07,S004,P0004,90,427.83472
2024-01-08,S004,P0004,100,499.31805
2024-01-09,S004,P0004,94,578.772
2024-01-10,S004,P0004,164,673.793
2024-01-11,S004,P0004,188,832.14825
2024-01-12,S004,P0004,147,895.0835
2024-01-13,S004,P0004,144,813.2749
2024-01-14,S004,P0004,143,969.8385
2024-01-15,S004,P0004,168,996.5851
2024-01-16,S004,P0004,121,1042.0555
2024-01-17,S004,P0004,136,988.14166
2024-01-18,S004,P0004,178,1027.2213
2024-01-19,S004,P0004,95,956.35785
2024-01-20,S004,P0004,201,996.30286
2024-01-21,S004,P0004,122,998.48236
2024-01-22,S004,P0004,120,903.58453
2024-01-23,S004,P0004,162,989.6851
2024-01-24,S004,P0004,140,995.7849
2024-01-25,S004,P0004,95,934.87964
2024-01-26,S004,P0004,216,1021.18744
2024-01-27,S004,P0004,158,894.0948
2024-01-28,S004,P0004,136,1006.2338
2024-01-29,S004,P0004,132,978.3111
2024-01-30,S004,P0004,132,978.9053
2023-10-13,S004,P0005,114,742.2086
2023-10-14,S004,P0005,137,775.094
2023-10-15,S004,P0005,131,808.1948
2023-10-16,S004,P0005,125,785.14215
2023-10-17,S004,P0005,116,807.65674
2023-10-18,S004,P0005,108,829.1268
2023-10-19,S004,P0005,126,823.7357
2023-10-20,S004,P0005,74,785.9217
2023-10-21,S004,P0005,76,717.006
2023-10-22,S004,P0005,51,651.1128
2023-10-23,S004,P0005,94,626.143
2023-10-24,S004,P0005,117,663.13245
2023-10-25,S004,P0005,127,691.38525
2023-10-26,S004,P0005,89,671.798
2023-10-27,S004,P0005,117,688.66504
2023-10-28,S004,P0005,132,745.8663
2023-10-29,S004,P0005,117,788.169
2023-10-30,S004,P0005,88,772.24036
2023-10-31,S004,P0005,119,770.7015
2023-11-01,S004,P0005,133,801.08307
2023-11-02,S004,P0005,151,835.1315
2023-11-03,S004,P0005,140,894.60535
2023-11-04,S004,P0005,65,809.53705
2023-11-05,S004,P0005,78,766.6812
2023-11-06,S004,P0005,90,778.3213
2023-11-07,S004,P0005,77,734.31116
2023-11-08,S004,P0005,73,669.43884
2023-11-09,S004,P0005,141,684.84094
2023-11-10,S004,P0005,96,656.0373
2023-11-11,S004,P0005,99,663.9267
2023-11-12,S004,P0005,104,706.52747
2023-11-13,S004,P0005,85,678.12463
2023-11-14,S004,P0005,45,656.75507
2023-11-15,S004,P0005,139,704.94836
2023-11-16,S004,P0005,61,656.08105
2023-11-17,S004,P0005,96,628.5028
2023-11-18,S004,P0005,118,658.2328
2023-11-19,S004,P0005,123,685.18884
2023-11-20,S004,P0005,195,784.0635
2023-11-21,S004,P0005,55,779.8739
2023-11-22,S004,P0005,89,724.379
2023-11-23,S004,P0005,176,845.06036
2023-11-24,S004,P0005,149,887.8363
2023-11-25,S004,P0005,87,859.9178
2023-11-26,S004,P0005,66,779.08563
2023-11-27,S004,P0005,75,692.7103
2023-11-28,S004,P0005,108,752.1377
2023-11-29,S004,P0005,168,832.29767
2023-11-30,S004,P0005,110,783.26074
2023-12-01,S004,P0005,124,772.1322
2023-12-02,S004,P0005,92,751.6959
2023-12-03,S004,P0005,76,751.9124
2023-12-04,S004,P0005,30,710.73785
2023-12-05,S004,P0005,185,773.41986
2023-12-06,S004,P0005,154,798.6412
2023-12-07,S004,P0005,100,769.92645
2023-12-08,S004,P0005,33,680.3753
2023-12-09,S004,P0005,104,671.4134
2023-12-10,S004,P0005,104,734.9945
2023-12-11,S004,P0005,150,808.82635
2023-12-12,S004,P0005,136,799.2653
2023-12-13,S004,P0005,116,769.1495
2023-12-14,S004,P0005,96,743.98883
2023-12-15,S004,P0005,179,848.6819
2023-12-16,S004,P0005,76,854.2564
2023-12-17,S004,P0005,206,928.007
2023-12-18,S004,P0005,111,919.21716
2023-12-19,S004,P0005,167,939.7101
2023-12-20,S004,P0005,105,935.01733
2023-12-21,S004,P0005,129,961.93304
2023-12-22,S004,P0005,122,905.28143
2023-12-23,S004,P0005,88,898.4303
2023-12-24,S004,P0005,84,796.4917
2023-12-25,S004,P0005,162,839.4624
2023-12-26,S004,P0005,157,886.0122
2023-12-27,S004,P0005,116,863.932
2023-12-28,S004,P0005,193,911.7813
2023-12-29,S004,P0005,82,875.5271
2023-12-30,S004,P0005,134,895.5614
2023-12-31,S004,P0005,71,853.1954
2024-01-01,S004,P0005,141,804.27576
2024-01-02,S004,P0005,204,939.84283
2024-01-03,S004,P0005,160,994.8214
2024-01-04,S004,P0005,81,889.20355
2024-01-05,S004,P0005,128,887.6011
2024-01-06,S004,P0005,113,731.37933
2024-01-07,S004,P0005,110,792.0666
2024-01-08,S004,P0005,127,853.80145
2024-01-09,S004,P0005,53,754.9424
2024-01-10,S004,P0005,85,696.87616
2024-01-11,S004,P0005,91,701.2409
2024-01-12,S004,P0005,93,680.6539
2024-01-13,S004,P0005,189,566.7933
2024-01-14,S004,P0005,67,547.6669
2024-01-15,S004,P0005,105,580.5434
2024-01-16,S004,P0005,117,761.22375
2024-01-17,S004,P0005,103,746.8562
2024-01-18,S004,P0005,101,771.78735
2024-01-19,S004,P0005,148,834.6546
2024-01-20,S004,P0005,198,840.04144
2024-01-21,S004,P0005,106,879.03864
2024-01-22,S004,P0005,31,702.4494
2024-01-23,S004,P0005,80,739.2415
2024-01-24,S004,P0005,101,766.3299
2024-01-25,S004,P0005,105,763.69086
2024-01-26,S004,P0005,151,812.4014
2024-01-27,S004,P0005,222,782.9103
2024-01-28,S004,P0005,153,744.8857
2024-01-29,S004,P0005,56,757.88416
2024-01-30,S004,P0005,98,838.5893
2023-10-13,S004,P0006,90,532.27075
2023-10-14,S004,P0006,38,488.3783
2023-10-15,S004,P0006,56,482.56454
2023-10-16,S004,P0006,75,498.55078
2023-10-17,S004,P0006,80,507.3082
2023-10-18,S004,P0006,85,496.1937
2023-10-19,S004,P0006,29,454.06793
2023-10-20,S004,P0006,55,408.01312
2023-10-21,S004,P0006,79,440.96487
2023-10-22,S004,P0006,60,483.9572
2023-10-23,S004,P0006,103,495.78247
2023-10-24,S004,P0006,55,495.90372
2023-10-25,S004,P0006,124,538.35333
2023-10-26,S004,P0006,34,542.01013
2023-10-27,S004,P0006,149,613.90656
2023-10-28,S004,P0006,155,680.7082
2023-10-29,S004,P0006,141,807.29877
2023-10-30,S004,P0006,90,765.4314
2023-10-31,S004,P0006,142,836.91345
2023-11-01,S004,P0006,114,829.75446
2023-11-02,S004,P0006,115,882.87445
2023-11-03,S004,P0006,146,887.03625
2023-11-04,S004,P0006,109,872.61835
2023-11-05,S004,P0006,167,875.3473
2023-11-06,S004,P0006,135,922.6576
2023-11-07,S004,P0006,119,907.49036
2023-11-08,S004,P0006,160,937.598
2023-11-09,S004,P0006,215,1038.5579
2023-11-10,S004,P0006,145,1056.3391
2023-11-11,S004,P0006,173,1082.6873
2023-11-12,S004,P0006,128,1067.1932
2023-11-13,S004,P0006,119,1037.5162
2023-11-14,S004,P0006,126,1015.33887
2023-11-15,S004,P0006,106,978.5534
2023-11-16,S004,P0006,155,928.1566
2023-11-17,S004,P0006,82,922.03015
2023-11-18,S004,P0006,144,859.3159
2023-11-19,S004,P0006,129,879.3523
2023-11-20,S004,P0006,109,840.11505
2023-11-21,S004,P0006,118,840.82587
2023-11-22,S004,P0006,85,832.4562
2023-11-23,S004,P0006,144,820.5007
2023-11-24,S004,P0006,98,831.37915
2023-11-25,S004,P0006,155,833.3395
2023-11-26,S004,P0006,111,819.1513
2023-11-27,S004,P0006,183,905.3733
2023-11-28,S004,P0006,188,990.90625
2023-11-29,S004,P0006,161,1023.5528
2023-11-30,S004,P0006,121,1000.448
2023-12-01,S004,P0006,55,921.9255
2023-12-02,S004,P0006,154,944.50336
2023-12-03,S004,P0006,96,940.85675
2023-12-04,S004,P0006,129,878.61035
2023-12-05,S004,P0006,81,811.04126
2023-12-06,S004,P0006,169,797.9892
2023-12-07,S004,P0006,177,865.74664
2023-12-08,S004,P0006,125,940.71643
2023-12-09,S004,P0006,96,884.5334
2023-12-10,S004,P0006,145,915.8292
2023-12-11,S004,P0006,63,871.63715
2023-12-12,S004,P0006,100,841.37054
2023-12-13,S004,P0006,89,794.1189
2023-12-14,S004,P0006,95,717.88025
2023-12-15,S004,P0006,50,668.6505
2023-12-16,S004,P0006,129,681.5395
2023-12-17,S004,P0006,61,617.6995
2023-12-18,S004,P0006,105,652.039
2023-12-19,S004,P0006,128,673.8554
2023-12-20,S004,P0006,141,722.3581
2023-12-21,S004,P0006,71,692.03217
2023-12-22,S004,P0006,73,702.74133
2023-12-23,S004,P0006,130,714.89606
2023-12-24,S004,P0006,122,765.17474
2023-12-25,S004,P0006,94,764.56757
2023-12-26,S004,P0006,91,734.1608
2023-12-27,S004,P0006,43,617.713
2023-12-28,S004,P0006,55,581.03436
2023-12-29,S004,P0006,63,585.61945
2023-12-30,S004,P0006,89,566.7139
2023-12-31,S004,P0006,56,518.3152
2024-01-01,S004,P0006,129,509.11276
2024-01-02,S004,P0006,63,528.0964
2024-01-03,S004,P0006,71,538.81506
2024-01-04,S004,P0006,113,606.49365
2024-01-05,S004,P0006,33,565.45465
2024-01-06,S004,P0006,103,428.28003
2024-01-07,S004,P0006,63,487.3428
2024-01-08,S004,P0006,149,591.1681
2024-01-09,S004,P0006,150,700.5723
2024-01-10,S004,P0006,154,768.46875
2024-01-11,S004,P0006,105,782.9395
2024-01-12,S004,P0006,100,825.5263
2024-01-13,S004,P0006,65,723.2084
2024-01-14,S004,P0006,73,665.95605
2024-01-15,S004,P0006,92,640.4343
2024-01-16,S004,P0006,55,642.59357
2024-01-17,S004,P0006,30,542.50305
2024-01-18,S004,P0006,101,525.9397
2024-01-19,S004,P0006,80,542.1854
2024-01-20,S004,P0006,89,428.43936
2024-01-21,S004,P0006,87,534.781
2024-01-22,S004,P0006,157,545.7653
2024-01-23,S004,P0006,119,691.12744
2024-01-24,S004,P0006,121,762.5156
2024-01-25,S004,P0006,191,870.19415
2024-01-26,S004,P0006,140,892.0064
2024-01-27,S004,P0006,87,705.9031
2024-01-28,S004,P0006,223,986.5907
2024-01-29,S004,P0006,118,971.8579
2024-01-30,S004,P0006,98,944.523
2023-10-13,S004,P0007,88,499.2391
2023-10-14,S004,P0007,25,427.28223
2023-10-15,S004,P0007,86,474.0704
2023-10-16,S004,P0007,52,482.75534
2023-10-17,S004,P0007,93,454.433
2023-10-18,S004,P0007,111,564.6273
2023-10-19,S004,P0007,62,546.8452
2023-10-20,S004,P0007,68,508.2322
2023-10-21,S004,P0007,64,545.24005
2023-10-22,S004,P0007,94,555.22144
2023-10-23,S004,P0007,107,596.5797
2023-10-24,S004,P0007,46,563.1731
2023-10-25,S004,P0007,156,625.2781
2023-10-26,S004,P0007,124,681.48724
2023-10-27,S004,P0007,154,744.099
2023-10-28,S004,P0007,102,798.1472
2023-10-29,S004,P0007,70,748.49475
2023-10-30,S004,P0007,31,674.9043
2023-10-31,S004,P0007,141,777.5939
2023-11-01,S004,P0007,79,721.9796
2023-11-02,S004,P0007,75,663.7513
2023-11-03,S004,P0007,136,655.4238
2023-11-04,S004,P0007,134,702.35974
2023-11-05,S004,P0007,168,796.7601
2023-11-06,S004,P0007,133,882.0887
2023-11-07,S004,P0007,157,874.2559
2023-11-08,S004,P0007,169,965.4899
2023-11-09,S004,P0007,176,1044.57
2023-11-10,S004,P0007,115,1020.4546
2023-11-11,S004,P0007,90,979.133
2023-11-12,S004,P0007,132,932.8175
2023-11-13,S004,P0007,206,1018.79126
2023-11-14,S004,P0007,120,1015.89325
2023-11-15,S004,P0007,109,922.30676
2023-11-16,S004,P0007,185,953.17694
2023-11-17,S004,P0007,193,1054.1511
2023-11-18,S004,P0007,170,1084.6848
2023-11-19,S004,P0007,160,1103.5342
2023-11-20,S004,P0007,71,981.71265
2023-11-21,S004,P0007,162,1023.3163
2023-11-22,S004,P0007,192,1116.3698
2023-11-23,S004,P0007,115,1031.9631
2023-11-24,S004,P0007,159,999.3171
2023-11-25,S004,P0007,103,942.5879
2023-11-26,S004,P0007,184,966.70795
2023-11-27,S004,P0007,105,1022.7376
2023-11-28,S004,P0007,113,936.2259
2023-11-29,S004,P0007,204,950.33777
2023-11-30,S004,P0007,116,982.83014
2023-12-01,S004,P0007,41,871.37964
2023-12-02,S004,P0007,147,895.18823
2023-12-03,S004,P0007,70,822.15356
2023-12-04,S004,P0007,101,794.4215
2023-12-05,S004,P0007,39,724.0215
2023-12-06,S004,P0007,201,754.2227
2023-12-07,S004,P0007,160,805.20715
2023-12-08,S004,P0007,128,871.4475
2023-12-09,S004,P0007,198,892.52704
2023-12-10,S004,P0007,139,987.3464
2023-12-11,S004,P0007,89,921.7077
2023-12-12,S004,P0007,120,984.99774
2023-12-13,S004,P0007,61,889.3112
2023-12-14,S004,P0007,138,848.2523
2023-12-15,S004,P0007,15,765.7319
2023-12-16,S004,P0007,220,818.72534
2023-12-17,S004,P0007,110,801.84015
2023-12-18,S004,P0007,154,844.2255
2023-12-19,S004,P0007,124,856.4836
2023-12-20,S004,P0007,70,806.1274
2023-12-21,S004,P0007,101,783.8703
2023-12-22,S004,P0007,120,876.0953
2023-12-23,S004,P0007,128,822.32446
2023-12-24,S004,P0007,221,908.8383
2023-12-25,S004,P0007,58,854.98047
2023-12-26,S004,P0007,153,862.13385
2023-12-27,S004,P0007,105,868.7777
2023-12-28,S004,P0007,55,791.63086
2023-12-29,S004,P0007,26,718.32184
2023-12-30,S004,P0007,105,639.16144
2023-12-31,S004,P0007,116,620.0336
2024-01-01,S004,P0007,42,607.2244
2024-01-02,S004,P0007,46,452.30164
2024-01-03,S004,P0007,75,472.13474
2024-01-04,S004,P0007,88,511.66794
2024-01-05,S004,P0007,50,521.75256
2024-01-06,S004,P0007,72,447.61917
2024-01-07,S004,P0007,77,431.04404
2024-01-08,S004,P0007,39,414.76645
2024-01-09,S004,P0007,116,541.12964
2024-01-10,S004,P0007,125,590.61444
2024-01-11,S004,P0007,98,590.76556
2024-01-12,S004,P0007,107,595.4029
2024-01-13,S004,P0007,210,787.85474
2024-01-14,S004,P0007,146,710.88367
2024-01-15,S004,P0007,157,863.6955
2024-01-16,S004,P0007,158,998.27936
2024-01-17,S004,P0007,81,946.58325
2024-01-18,S004,P0007,38,843.8711
2024-01-19,S004,P0007,103,843.53455
2024-01-20,S004,P0007,116,692.1937
2024-01-21,S004,P0007,52,563.8045
2024-01-22,S004,P0007,69,521.8338
2024-01-23,S004,P0007,86,567.4361
2024-01-24,S004,P0007,76,546.59564
2024-01-25,S004,P0007,152,690.8118
2024-01-26,S004,P0007,94,662.22906
2024-01-27,S004,P0007,218,711.0425
2024-01-28,S004,P0007,156,700.04614
2024-01-29,S004,P0007,89,782.8031
2024-01-30,S004,P0007,154,886.9031
2023-10-13,S004,P0008,37,243.97415
2023-10-14,S004,P0008,42,249.41621
2023-10-15,S004,P0008,34,248.55293
2023-10-16,S004,P0008,27,240.1478
2023-10-17,S004,P0008,39,247.83945
2023-10-18,S004,P0008,20,245.58443
2023-10-19,S004,P0008,51,250.40242
2023-10-20,S004,P0008,35,255.72963
2023-10-21,S004,P0008,83,282.70044
2023-10-22,S004,P0008,44,305.5618
2023-10-23,S004,P0008,28,291.42395
2023-10-24,S004,P0008,30,278.61243
2023-10-25,S004,P0008,90,406.69345
2023-10-26,S004,P0008,107,481.3309
2023-10-27,S004,P0008,46,473.0541
2023-10-28,S004,P0008,119,510.15952
2023-10-29,S004,P0008,60,505.179
2023-10-30,S004,P0008,71,535.385
2023-10-31,S004,P0008,108,612.54407
2023-11-01,S004,P0008,83,605.37286
2023-11-02,S004,P0008,77,554.14087
2023-11-03,S004,P0008,102,617.6202
2023-11-04,S004,P0008,56,565.8862
2023-11-05,S004,P0008,179,611.83954
2023-11-06,S004,P0008,46,654.28546
2023-11-07,S004,P0008,73,597.89636
2023-11-08,S004,P0008,46,564.15265
2023-11-09,S004,P0008,105,580.9389
2023-11-10,S004,P0008,110,637.23987
2023-11-11,S004,P0008,106,689.16315
2023-11-12,S004,P0008,66,583.91125
2023-11-13,S004,P0008,108,612.4377
2023-11-14,S004,P0008,76,619.38745
2023-11-15,S004,P0008,55,601.3489
2023-11-16,S004,P0008,63,567.578
2023-11-17,S004,P0008,67,552.4486
2023-11-18,S004,P0008,144,586.84875
2023-11-19,S004,P0008,86,603.9787
2023-11-20,S004,P0008,45,539.9844
2023-11-21,S004,P0008,68,516.6495
2023-11-22,S004,P0008,110,589.74536
2023-11-23,S004,P0008,67,599.8075
2023-11-24,S004,P0008,172,677.3377
2023-11-25,S004,P0008,95,661.5619
2023-11-26,S004,P0008,49,612.253
2023-11-27,S004,P0008,24,578.0056
2023-11-28,S004,P0008,49,553.07056
2023-11-29,S004,P0008,123,573.251
2023-11-30,S004,P0008,65,608.3635
2023-12-01,S004,P0008,94,511.31293
2023-12-02,S004,P0008,72,505.97943
2023-12-03,S004,P0008,39,475.3744
2023-12-04,S004,P0008,101,544.7082
2023-12-05,S004,P0008,130,637.3133
2023-12-06,S004,P0008,58,571.00824
2023-12-07,S004,P0008,51,545.7334
2023-12-08,S004,P0008,42,485.6792
2023-12-09,S004,P0008,63,493.00143
2023-12-10,S004,P0008,57,497.30612
2023-12-11,S004,P0008,48,464.5274
2023-12-12,S004,P0008,117,464.09286
2023-12-13,S004,P0008,98,495.9988
2023-12-14,S004,P0008,111,565.1113
2023-12-15,S004,P0008,50,560.2031
2023-12-16,S004,P0008,51,525.44543
2023-12-17,S004,P0008,121,594.1876
2023-12-18,S004,P0008,93,639.6543
2023-12-19,S004,P0008,112,655.52924
2023-12-20,S004,P0008,105,644.8233
2023-12-21,S004,P0008,85,627.3892
2023-12-22,S004,P0008,72,630.6648
2023-12-23,S004,P0008,71,648.6794
2023-12-24,S004,P0008,35,567.07605
2023-12-25,S004,P0008,59,535.36145
2023-12-26,S004,P0008,106,548.1956
2023-12-27,S004,P0008,42,477.6225
2023-12-28,S004,P0008,52,441.7411
2023-12-29,S004,P0008,22,375.8623
2023-12-30,S004,P0008,38,325.1819
2023-12-31,S004,P0008,30,344.9299
2024-01-01,S004,P0008,49,291.04315
2024-01-02,S004,P0008,18,258.14337
2024-01-03,S004,P0008,51,268.21802
2024-01-04,S004,P0008,34,266.59244
2024-01-05,S004,P0008,37,270.72693
2024-01-06,S004,P0008,28,235.08537
2024-01-07,S004,P0008,46,221.39024
2024-01-08,S004,P0008,6,197.32013
2024-01-09,S004,P0008,49,334.4233
2024-01-10,S004,P0008,79,352.19876
2024-01-11,S004,P0008,103,422.52933
2024-01-12,S004,P0008,47,401.5326
2024-01-13,S004,P0008,66,334.5004
2024-01-14,S004,P0008,96,396.67728
2024-01-15,S004,P0008,71,442.92697
2024-01-16,S004,P0008,140,569.9432
2024-01-17,S004,P0008,120,657.23956
2024-01-18,S004,P0008,46,581.5261
2024-01-19,S004,P0008,76,569.4026
2024-01-20,S004,P0008,81,454.91653
2024-01-21,S004,P0008,101,501.4648
2024-01-22,S004,P0008,44,523.83636
2024-01-23,S004,P0008,72,499.73608
2024-01-24,S004,P0008,78,494.5229
2024-01-25,S004,P0008,96,544.66656
2024-01-26,S004,P0008,109,540.0802
2024-01-27,S004,P0008,83,571.161
2024-01-28,S004,P0008,73,430.61362
2024-01-29,S004,P0008,83,466.82657
2024-01-30,S004,P0008,69,544.3138
2023-10-13,S004,P0009,73,581.62524
2023-10-14,S004,P0009,115,614.3264
2023-10-15,S004,P0009,140,675.95386
2023-10-16,S004,P0009,43,598.86395
2023-10-17,S004,P0009,141,591.0625
2023-10-18,S004,P0009,86,671.73254
2023-10-19,S004,P0009,105,685.73883
2023-10-20,S004,P0009,50,649.4026
2023-10-21,S004,P0009,104,627.8877
2023-10-22,S004,P0009,50,587.7408
2023-10-23,S004,P0009,134,649.3881
2023-10-24,S004,P0009,131,675.34125
2023-10-25,S004,P0009,133,717.1985
2023-10-26,S004,P0009,151,764.0498
2023-10-27,S004,P0009,133,833.5032
2023-10-28,S004,P0009,75,797.22986
2023-10-29,S004,P0009,73,797.0494
2023-10-30,S004,P0009,83,756.7276
2023-10-31,S004,P0009,174,799.12213
2023-11-01,S004,P0009,82,775.7167
2023-11-02,S004,P0009,134,732.08453
2023-11-03,S004,P0009,101,725.7789
2023-11-04,S004,P0009,82,716.45593
2023-11-05,S004,P0009,155,791.1487
2023-11-06,S004,P0009,76,789.7177
2023-11-07,S004,P0009,47,671.56805
2023-11-08,S004,P0009,91,692.09
2023-11-09,S004,P0009,92,643.2976
2023-11-10,S004,P0009,75,619.96136
2023-11-11,S004,P0009,103,648.283
2023-11-12,S004,P0009,94,600.6081
2023-11-13,S004,P0009,98,619.4097
2023-11-14,S004,P0009,113,660.59674
2023-11-15,S004,P0009,121,704.41534
2023-11-16,S004,P0009,98,699.08496
2023-11-17,S004,P0009,95,724.6261
2023-11-18,S004,P0009,77,679.4163
2023-11-19,S004,P0009,75,664.1948
2023-11-20,S004,P0009,38,610.71075
2023-11-21,S004,P0009,118,624.90393
2023-11-22,S004,P0009,122,633.9012
2023-11-23,S004,P0009,88,623.6937
2023-11-24,S004,P0009,70,600.6235
2023-11-25,S004,P0009,91,597.0284
2023-11-26,S004,P0009,94,633.36975
2023-11-27,S004,P0009,63,626.9461
2023-11-28,S004,P0009,151,687.6904
2023-11-29,S004,P0009,55,616.9639
2023-11-30,S004,P0009,126,636.558
2023-12-01,S004,P0009,52,644.2122
2023-12-02,S004,P0009,124,672.4106
2023-12-03,S004,P0009,118,711.06244
2023-12-04,S004,P0009,59,690.26746
2023-12-05,S004,P0009,175,701.9815
2023-12-06,S004,P0009,271,929.4216
2023-12-07,S004,P0009,187,981.80066
2023-12-08,S004,P0009,161,1114.9154
2023-12-09,S004,P0009,123,1053.5844
2023-12-10,S004,P0009,137,1086.594
2023-12-11,S004,P0009,192,1178.7687
2023-12-12,S004,P0009,142,1169.6094
2023-12-13,S004,P0009,178,1135.6981
2023-12-14,S004,P0009,93,1012.8757
2023-12-15,S004,P0009,74,920.16223
2023-12-16,S004,P0009,77,881.35046
2023-12-17,S004,P0009,121,853.9213
2023-12-18,S004,P0009,112,818.19165
2023-12-19,S004,P0009,113,757.99084
2023-12-20,S004,P0009,88,704.43365
2023-12-21,S004,P0009,162,754.938
2023-12-22,S004,P0009,90,794.80457
2023-12-23,S004,P0009,45,738.7646
2023-12-24,S004,P0009,89,709.2464
2023-12-25,S004,P0009,140,749.2006
2023-12-26,S004,P0009,111,747.89417
2023-12-27,S004,P0009,131,759.4878
2023-12-28,S004,P0009,103,702.39374
2023-12-29,S004,P0009,107,710.4092
2023-12-30,S004,P0009,40,709.5799
2023-12-31,S004,P0009,143,742.9895
2024-01-01,S004,P0009,121,719.0559
2024-01-02,S004,P0009,166,830.63184
2024-01-03,S004,P0009,115,801.5479
2024-01-04,S004,P0009,116,782.4362
2024-01-05,S004,P0009,188,881.93744
2024-01-06,S004,P0009,195,989.6282
2024-01-07,S004,P0009,110,915.5121
2024-01-08,S004,P0009,132,940.7048
2024-01-09,S004,P0009,82,945.49115
2024-01-10,S004,P0009,125,881.2946
2024-01-11,S004,P0009,142,972.6597
2024-01-12,S004,P0009,101,879.351
2024-01-13,S004,P0009,118,654.6502
2024-01-14,S004,P0009,89,626.0544
2024-01-15,S004,P0009,88,670.34106
2024-01-16,S004,P0009,169,841.08527
2024-01-17,S004,P0009,99,830.8797
2024-01-18,S004,P0009,110,776.6677
2024-01-19,S004,P0009,60,688.85156
2024-01-20,S004,P0009,192,760.47156
2024-01-21,S004,P0009,84,799.26105
2024-01-22,S004,P0009,97,713.5037
2024-01-23,S004,P0009,99,733.7671
2024-01-24,S004,P0009,176,814.5023
2024-01-25,S004,P0009,189,850.13135
2024-01-26,S004,P0009,168,1018.153
2024-01-27,S004,P0009,175,968.37195
2024-01-28,S004,P0009,82,917.2929
2024-01-29,S004,P0009,42,847.9781
2024-01-30,S004,P0009,127,917.1114
2023-10-13,S004,P0010,109,587.5749
2023-10-14,S004,P0010,85,589.04315
2023-10-15,S004,P0010,109,624.9612
2023-10-16,S004,P0010,77,618.6262
2023-10-17,S004,P0010,102,660.20886
2023-10-18,S004,P0010,49,627.4767
2023-10-19,S004,P0010,112,630.66437
2023-10-20,S004,P0010,74,620.0541
2023-10-21,S004,P0010,50,561.1902
2023-10-22,S004,P0010,128,583.6591
2023-10-23,S004,P0010,68,603.85016
2023-10-24,S004,P0010,21,485.1666
2023-10-25,S004,P0010,177,646.271
2023-10-26,S004,P0010,199,753.04175
2023-10-27,S004,P0010,63,771.1321
2023-10-28,S004,P0010,127,772.0031
2023-10-29,S004,P0010,107,772.2495
2023-10-30,S004,P0010,112,825.20276
2023-10-31,S004,P0010,132,893.56934
2023-11-01,S004,P0010,93,826.50415
2023-11-02,S004,P0010,163,802.101
2023-11-03,S004,P0010,154,895.12317
2023-11-04,S004,P0010,116,865.7787
2023-11-05,S004,P0010,110,854.8469
2023-11-06,S004,P0010,52,821.49615
2023-11-07,S004,P0010,118,803.618
2023-11-08,S004,P0010,125,842.7496
2023-11-09,S004,P0010,140,817.9285
2023-11-10,S004,P0010,43,716.6904
2023-11-11,S004,P0010,148,733.5126
2023-11-12,S004,P0010,161,828.12024
2023-11-13,S004,P0010,80,816.0185
2023-11-14,S004,P0010,57,735.5149
2023-11-15,S004,P0010,193,815.00665
2023-11-16,S004,P0010,99,793.6832
2023-11-17,S004,P0010,82,817.6108
2023-11-18,S004,P0010,84,734.1501
2023-11-19,S004,P0010,189,778.72784
2023-11-20,S004,P0010,150,880.90735
2023-11-21,S004,P0010,52,838.9109
2023-11-22,S004,P0010,90,748.387
2023-11-23,S004,P0010,157,809.50885
2023-11-24,S004,P0010,96,829.2025
2023-11-25,S004,P0010,50,774.71234
2023-11-26,S004,P0010,113,725.757
2023-11-27,S004,P0010,116,694.38275
2023-11-28,S004,P0010,144,782.64276
2023-11-29,S004,P0010,133,822.40265
2023-11-30,S004,P0010,112,775.29675
2023-12-01,S004,P0010,46,763.4457
2023-12-02,S004,P0010,130,780.4699
2023-12-03,S004,P0010,130,826.25256
2023-12-04,S004,P0010,36,722.31354
2023-12-05,S004,P0010,55,636.13885
2023-12-06,S004,P0010,143,664.07904
2023-12-07,S004,P0010,180,772.2409
2023-12-08,S004,P0010,77,774.5572
2023-12-09,S004,P0010,250,839.60486
2023-12-10,S004,P0010,139,902.1367
2023-12-11,S004,P0010,59,877.3199
2023-12-12,S004,P0010,96,928.5978
2023-12-13,S004,P0010,118,907.7314
2023-12-14,S004,P0010,106,840.1761
2023-12-15,S004,P0010,129,897.86975
2023-12-16,S004,P0010,159,830.67554
2023-12-17,S004,P0010,162,829.2942
2023-12-18,S004,P0010,167,952.35406
2023-12-19,S004,P0010,82,917.85333
2023-12-20,S004,P0010,120,918.2028
2023-12-21,S004,P0010,209,1018.69965
2023-12-22,S004,P0010,47,955.1834
2023-12-23,S004,P0010,103,874.32526
2023-12-24,S004,P0010,202,922.49286
2023-12-25,S004,P0010,148,926.42004
2023-12-26,S004,P0010,165,962.25586
2023-12-27,S004,P0010,133,1017.79004
2023-12-28,S004,P0010,60,834.0945
2023-12-29,S004,P0010,34,711.5899
2023-12-30,S004,P0010,145,821.3934
2023-12-31,S004,P0010,31,705.9067
2024-01-01,S004,P0010,153,673.05457
2024-01-02,S004,P0010,89,639.0933
2024-01-03,S004,P0010,77,574.77527
2024-01-04,S004,P0010,118,657.2358
2024-01-05,S004,P0010,123,723.7236
2024-01-06,S004,P0010,76,574.02295
2024-01-07,S004,P0010,91,735.16675
2024-01-08,S004,P0010,127,653.8593
2024-01-09,S004,P0010,101,701.8037
2024-01-10,S004,P0010,215,870.64075
2024-01-11,S004,P0010,159,914.85236
2024-01-12,S004,P0010,106,863.5486
2024-01-13,S004,P0010,114,790.4248
2024-01-14,S004,P0010,51,729.2381
2024-01-15,S004,P0010,155,787.5075
2024-01-16,S004,P0010,64,860.58075
2024-01-17,S004,P0010,89,714.0101
2024-01-18,S004,P0010,161,707.9639
2024-01-19,S004,P0010,119,744.1867
2024-01-20,S004,P0010,119,523.12915
2024-01-21,S004,P0010,165,853.3506
2024-01-22,S004,P0010,86,737.26105
2024-01-23,S004,P0010,138,838.29803
2024-01-24,S004,P0010,129,891.2362
2024-01-25,S004,P0010,140,866.54285
2024-01-26,S004,P0010,103,865.6035
2024-01-27,S004,P0010,131,888.6942
2024-01-28,S004,P0010,122,758.2756
2024-01-29,S004,P0010,115,773.8951
2024-01-30,S004,P0010,117,828.79114
2023-10-13,S004,P0011,95,647.9
2023-10-14,S004,P0011,114,655.5647
2023-10-15,S004,P0011,71,623.7518
2023-10-16,S004,P0011,95,576.25055
2023-10-17,S004,P0011,90,607.5091
2023-10-18,S004,P0011,52,549.23083
2023-10-19,S004,P0011,95,624.9545
2023-10-20,S004,P0011,110,634.94135
2023-10-21,S004,P0011,111,629.12726
2023-10-22,S004,P0011,58,615.26855
2023-10-23,S004,P0011,147,669.4464
2023-10-24,S004,P0011,107,697.01074
2023-10-25,S004,P0011,58,686.5796
2023-10-26,S004,P0011,158,740.2452
2023-10-27,S004,P0011,103,755.6706
2023-10-28,S004,P0011,121,746.8717
2023-10-29,S004,P0011,80,773.06134
2023-10-30,S004,P0011,109,734.4545
2023-10-31,S004,P0011,74,701.1328
2023-11-01,S004,P0011,161,794.9485
2023-11-02,S004,P0011,66,715.21936
2023-11-03,S004,P0011,119,728.3635
2023-11-04,S004,P0011,120,743.0502
2023-11-05,S004,P0011,89,742.6812
2023-11-06,S004,P0011,91,731.50854
2023-11-07,S004,P0011,143,775.84076
2023-11-08,S004,P0011,64,700.66736
2023-11-09,S004,P0011,108,739.4096
2023-11-10,S004,P0011,116,735.3114
2023-11-11,S004,P0011,199,829.2993
2023-11-12,S004,P0011,104,856.8496
2023-11-13,S004,P0011,77,792.39557
2023-11-14,S004,P0011,68,716.7269
2023-11-15,S004,P0011,124,805.1741
2023-11-16,S004,P0011,125,816.64667
2023-11-17,S004,P0011,107,804.3512
2023-11-18,S004,P0011,77,695.4063
2023-11-19,S004,P0011,77,659.20386
2023-11-20,S004,P0011,121,699.9552
2023-11-21,S004,P0011,82,716.69653
2023-11-22,S004,P0011,43,651.64716
2023-11-23,S004,P0011,102,631.86316
2023-11-24,S004,P0011,121,642.5944
2023-11-25,S004,P0011,148,739.9659
2023-11-26,S004,P0011,112,729.20905
2023-11-27,S004,P0011,139,751.39777
2023-11-28,S004,P0011,118,792.1412
2023-11-29,S004,P0011,129,841.55133
2023-11-30,S004,P0011,62,805.6364
2023-12-01,S004,P0011,206,893.5173
2023-12-02,S004,P0011,60,836.849
2023-12-03,S004,P0011,106,806.6583
2023-12-04,S004,P0011,102,769.81696
2023-12-05,S004,P0011,145,811.19196
2023-12-06,S004,P0011,183,840.72327
2023-12-07,S004,P0011,190,999.2006
2023-12-08,S004,P0011,92,880.7355
2023-12-09,S004,P0011,124,917.0275
2023-12-10,S004,P0011,75,891.4845
2023-12-11,S004,P0011,113,918.1036
2023-12-12,S004,P0011,93,855.8775
2023-12-13,S004,P0011,122,814.26556
2023-12-14,S004,P0011,62,709.338
2023-12-15,S004,P0011,108,713.07697
2023-12-16,S004,P0011,101,708.068
2023-12-17,S004,P0011,175,792.9587
2023-12-18,S004,P0011,82,773.7965
2023-12-19,S004,P0011,133,839.38654
2023-12-20,S004,P0011,77,740.9798
2023-12-21,S004,P0011,91,749.52576
2023-12-22,S004,P0011,175,839.94147
2023-12-23,S004,P0011,108,839.3922
2023-12-24,S004,P0011,110,789.289
2023-12-25,S004,P0011,115,822.6994
2023-12-26,S004,P0011,153,835.29364
2023-12-27,S004,P0011,95,839.756
2023-12-28,S004,P0011,59,778.48346
2023-12-29,S004,P0011,189,780.749
2023-12-30,S004,P0011,102,839.4225
2023-12-31,S004,P0011,120,822.07196
2024-01-01,S004,P0011,110,828.16943
2024-01-02,S004,P0011,108,723.78577
2024-01-03,S004,P0011,151,815.7561
2024-01-04,S004,P0011,114,887.45013
2024-01-05,S004,P0011,206,961.46576
2024-01-06,S004,P0011,209,1051.2604
2024-01-07,S004,P0011,122,952.5807
2024-01-08,S004,P0011,161,971.265
2024-01-09,S004,P0011,99,1010.2303
2024-01-10,S004,P0011,130,1007.30695
2024-01-11,S004,P0011,262,1172.7075
2024-01-12,S004,P0011,8,1011.96967
2024-01-13,S004,P0011,215,847.5452
2024-01-14,S004,P0011,120,923.84625
2024-01-15,S004,P0011,158,1008.2877
2024-01-16,S004,P0011,80,983.48816
2024-01-17,S004,P0011,104,962.5578
2024-01-18,S004,P0011,181,837.8811
2024-01-19,S004,P0011,101,912.5326
2024-01-20,S004,P0011,101,762.57996
2024-01-21,S004,P0011,116,755.9474
2024-01-22,S004,P0011,168,794.8826
2024-01-23,S004,P0011,131,897.0597
2024-01-24,S004,P0011,82,846.7574
2024-01-25,S004,P0011,153,847.4778
2024-01-26,S004,P0011,88,802.80756
2024-01-27,S004,P0011,55,692.5352
2024-01-28,S004,P0011,55,633.94446
2024-01-29,S004,P0011,97,538.0689
2024-01-30,S004,P0011,96,628.7133
2023-10-13,S004,P0012,36,346.1942
2023-10-14,S004,P0012,72,369.67844
2023-10-15,S004,P0012,61,399.91904
2023-10-16,S004,P0012,40,385.3353
2023-10-17,S004,P0012,33,320.97104
2023-10-18,S004,P0012,80,364.14157
2023-10-19,S004,P0012,88,415.5678
2023-10-20,S004,P0012,23,388.5017
2023-10-21,S004,P0012,52,357.15152
2023-10-22,S004,P0012,51,364.0402
2023-10-23,S004,P0012,70,400.55112
2023-10-24,S004,P0012,59,418.11133
2023-10-25,S004,P0012,108,484.9038
2023-10-26,S004,P0012,128,532.5299
2023-10-27,S004,P0012,119,607.04065
2023-10-28,S004,P0012,110,647.0203
2023-10-29,S004,P0012,49,644.1623
2023-10-30,S004,P0012,90,629.9671
2023-10-31,S004,P0012,65,650.25366
2023-11-01,S004,P0012,220,748.40186
2023-11-02,S004,P0012,115,784.70776
2023-11-03,S004,P0012,98,754.0732
2023-11-04,S004,P0012,153,777.97125
2023-11-05,S004,P0012,41,775.7067
2023-11-06,S004,P0012,92,756.6972
2023-11-07,S004,P0012,99,810.6983
2023-11-08,S004,P0012,92,714.0936
2023-11-09,S004,P0012,133,700.86584
2023-11-10,S004,P0012,145,755.7934
2023-11-11,S004,P0012,133,747.27
2023-11-12,S004,P0012,115,778.7
2023-11-13,S004,P0012,106,821.17664
2023-11-14,S004,P0012,169,875.7944
2023-11-15,S004,P0012,87,873.1554
2023-11-16,S004,P0012,113,842.797
2023-11-17,S004,P0012,159,867.36255
2023-11-18,S004,P0012,202,974.53094
2023-11-19,S004,P0012,111,950.7852
2023-11-20,S004,P0012,74,900.40137
2023-11-21,S004,P0012,86,808.11346
2023-11-22,S004,P0012,162,872.6974
2023-11-23,S004,P0012,214,1006.7424
2023-11-24,S004,P0012,174,1014.02106
2023-11-25,S004,P0012,119,923.4802
2023-11-26,S004,P0012,108,941.77057
2023-11-27,S004,P0012,139,958.21344
2023-11-28,S004,P0012,108,970.32477
2023-11-29,S004,P0012,145,967.6287
2023-11-30,S004,P0012,110,889.45215
2023-12-01,S004,P0012,108,831.4463
2023-12-02,S004,P0012,99,817.10077
2023-12-03,S004,P0012,121,825.72125
2023-12-04,S004,P0012,109,795.81396
2023-12-05,S004,P0012,130,810.01337
2023-12-06,S004,P0012,137,803.6617
2023-12-07,S004,P0012,116,822.4837
2023-12-08,S004,P0012,97,795.58844
2023-12-09,S004,P0012,81,794.60614
2023-12-10,S004,P0012,88,764.3748
2023-12-11,S004,P0012,89,745.6594
2023-12-12,S004,P0012,138,749.90344
2023-12-13,S004,P0012,105,726.92755
2023-12-14,S004,P0012,97,718.93024
2023-12-15,S004,P0012,108,721.37177
2023-12-16,S004,P0012,64,704.6101
2023-12-17,S004,P0012,144,744.5616
2023-12-18,S004,P0012,96,765.21173
2023-12-19,S004,P0012,137,768.9804
2023-12-20,S004,P0012,80,730.7231
2023-12-21,S004,P0012,113,739.87646
2023-12-22,S004,P0012,173,798.50037
2023-12-23,S004,P0012,123,871.257
2023-12-24,S004,P0012,51,757.0559
2023-12-25,S004,P0012,160,825.5536
2023-12-26,S004,P0012,141,829.30383
2023-12-27,S004,P0012,65,815.47736
2023-12-28,S004,P0012,44,718.2279
2023-12-29,S004,P0012,37,590.32904
2023-12-30,S004,P0012,56,543.76044
2023-12-31,S004,P0012,49,530.9515
2024-01-01,S004,P0012,74,432.445
2024-01-02,S004,P0012,67,401.36444
2024-01-03,S004,P0012,80,417.51306
2024-01-04,S004,P0012,45,418.70914
2024-01-05,S004,P0012,65,426.24484
2024-01-06,S004,P0012,49,365.37946
2024-01-07,S004,P0012,75,403.25415
2024-01-08,S004,P0012,36,371.78668
2024-01-09,S004,P0012,147,502.02563
2024-01-10,S004,P0012,121,567.93085
2024-01-11,S004,P0012,190,618.94604
2024-01-12,S004,P0012,98,763.4228
2024-01-13,S004,P0012,189,785.3321
2024-01-14,S004,P0012,128,860.57935
2024-01-15,S004,P0012,90,833.1772
2024-01-16,S004,P0012,90,854.8965
2024-01-17,S004,P0012,109,886.9114
2024-01-18,S004,P0012,144,824.7291
2024-01-19,S004,P0012,66,800.193
2024-01-20,S004,P0012,159,635.17554
2024-01-21,S004,P0012,79,597.5782
2024-01-22,S004,P0012,107,737.91205
2024-01-23,S004,P0012,99,772.8076
2024-01-24,S004,P0012,87,729.7931
2024-01-25,S004,P0012,120,728.01685
2024-01-26,S004,P0012,81,685.8807
2024-01-27,S004,P0012,51,465.55814
2024-01-28,S004,P0012,146,513.01086
2024-01-29,S004,P0012,166,695.5493
2024-01-30,S004,P0012,91,737.51117
2023-10-13,S004,P0013,54,568.2028
2023-10-14,S004,P0013,66,551.283
2023-10-15,S004,P0013,117,596.5525
2023-10-16,S004,P0013,117,616.766
2023-10-17,S004,P0013,51,582.3151
2023-10-18,S004,P0013,51,537.32056
2023-10-19,S004,P0013,58,535.6915
2023-10-20,S004,P0013,82,551.8103
2023-10-21,S004,P0013,41,526.4949
2023-10-22,S004,P0013,84,481.03598
2023-10-23,S004,P0013,56,454.62274
2023-10-24,S004,P0013,35,415.7941
2023-10-25,S004,P0013,261,656.6158
2023-10-26,S004,P0013,117,721.5711
2023-10-27,S004,P0013,80,715.8753
2023-10-28,S004,P0013,57,701.04486
2023-10-29,S004,P0013,115,755.9106
2023-10-30,S004,P0013,83,779.7662
2023-10-31,S004,P0013,71,796.4599
2023-11-01,S004,P0013,209,739.7237
2023-11-02,S004,P0013,160,814.97955
2023-11-03,S004,P0013,109,807.36237
2023-11-04,S004,P0013,103,827.1182
2023-11-05,S004,P0013,161,886.68964
2023-11-06,S004,P0013,97,894.48285
2023-11-07,S004,P0013,102,902.79724
2023-11-08,S004,P0013,161,879.07166
2023-11-09,S004,P0013,136,878.74036
2023-11-10,S004,P0013,111,855.2849
2023-11-11,S004,P0013,126,883.08734
2023-11-12,S004,P0013,188,936.0946
2023-11-13,S004,P0013,121,933.7418
2023-11-14,S004,P0013,112,937.1167
2023-11-15,S004,P0013,134,916.6966
2023-11-16,S004,P0013,4,817.07623
2023-11-17,S004,P0013,91,766.05334
2023-11-18,S004,P0013,126,780.62195
2023-11-19,S004,P0013,93,714.53564
2023-11-20,S004,P0013,33,603.7189
2023-11-21,S004,P0013,104,609.60455
2023-11-22,S004,P0013,90,585.4847
2023-11-23,S004,P0013,122,656.40967
2023-11-24,S004,P0013,71,650.7629
2023-11-25,S004,P0013,82,612.76483
2023-11-26,S004,P0013,50,567.25665
2023-11-27,S004,P0013,133,654.86896
2023-11-28,S004,P0013,89,646.8313
2023-11-29,S004,P0013,155,699.06976
2023-11-30,S004,P0013,173,775.06995
2023-12-01,S004,P0013,112,821.65063
2023-12-02,S004,P0013,116,817.3713
2023-12-03,S004,P0013,110,870.2507
2023-12-04,S004,P0013,112,853.7327
2023-12-05,S004,P0013,196,951.8373
2023-12-06,S004,P0013,120,962.3858
2023-12-07,S004,P0013,165,906.90796
2023-12-08,S004,P0013,85,895.0155
2023-12-09,S004,P0013,127,895.7231
2023-12-10,S004,P0013,79,859.8988
2023-12-11,S004,P0013,128,907.2648
2023-12-12,S004,P0013,157,863.80725
2023-12-13,S004,P0013,194,927.8449
2023-12-14,S004,P0013,186,954.8645
2023-12-15,S004,P0013,117,982.79504
2023-12-16,S004,P0013,4,874.23834
2023-12-17,S004,P0013,176,935.5632
2023-12-18,S004,P0013,131,964.916
2023-12-19,S004,P0013,77,884.9612
2023-12-20,S004,P0013,148,864.2786
2023-12-21,S004,P0013,148,820.8412
2023-12-22,S004,P0013,118,816.8966
2023-12-23,S004,P0013,182,943.5357
2023-12-24,S004,P0013,130,928.2308
2023-12-25,S004,P0013,83,884.11285
2023-12-26,S004,P0013,96,890.24133
2023-12-27,S004,P0013,86,802.53516
2023-12-28,S004,P0013,48,708.2085
2023-12-29,S004,P0013,94,683.9089
2023-12-30,S004,P0013,62,597.8906
2023-12-31,S004,P0013,47,513.0312
2024-01-01,S004,P0013,116,509.64874
2024-01-02,S004,P0013,105,561.784
2024-01-03,S004,P0013,87,569.4863
2024-01-04,S004,P0013,45,552.5505
2024-01-05,S004,P0013,114,572.037
2024-01-06,S004,P0013,67,458.57593
2024-01-07,S004,P0013,89,577.1715
2024-01-08,S004,P0013,87,545.1591
2024-01-09,S004,P0013,111,617.4693
2024-01-10,S004,P0013,161,676.6882
2024-01-11,S004,P0013,144,776.7771
2024-01-12,S004,P0013,76,725.06744
2024-01-13,S004,P0013,85,542.37445
2024-01-14,S004,P0013,101,578.8256
2024-01-15,S004,P0013,59,613.9782
2024-01-16,S004,P0013,122,749.1662
2024-01-17,S004,P0013,173,773.2027
2024-01-18,S004,P0013,107,758.477
2024-01-19,S004,P0013,55,688.1948
2024-01-20,S004,P0013,143,556.1656
2024-01-21,S004,P0013,51,524.4603
2024-01-22,S004,P0013,158,681.66504
2024-01-23,S004,P0013,153,812.29675
2024-01-24,S004,P0013,94,772.07996
2024-01-25,S004,P0013,212,881.15283
2024-01-26,S004,P0013,146,859.81085
2024-01-27,S004,P0013,151,942.68335
2024-01-28,S004,P0013,146,956.3728
2024-01-29,S004,P0013,120,979.28503
2024-01-30,S004,P0013,34,890.9051
2023-10-13,S004,P0014,32,252.71452
2023-10-14,S004,P0014,42,300.40097
2023-10-15,S004,P0014,57,343.09677
2023-10-16,S004,P0014,55,331.57642
2023-10-17,S004,P0014,29,311.3093
2023-10-18,S004,P0014,26,288.06946
2023-10-19,S004,P0014,45,267.49802
2023-10-20,S004,P0014,30,277.93924
2023-10-21,S004,P0014,40,275.5493
2023-10-22,S004,P0014,41,272.1218
2023-10-23,S004,P0014,43,257.80814
2023-10-24,S004,P0014,23,246.34074
2023-10-25,S004,P0014,121,395.42596
2023-10-26,S004,P0014,113,460.5599
2023-10-27,S004,P0014,85,525.2115
2023-10-28,S004,P0014,63,515.48206
2023-10-29,S004,P0014,65,529.469
2023-10-30,S004,P0014,63,534.16754
2023-10-31,S004,P0014,90,590.71857
2023-11-01,S004,P0014,55,537.0807
2023-11-02,S004,P0014,85,509.32132
2023-11-03,S004,P0014,123,560.5876
2023-11-04,S004,P0014,144,647.8757
2023-11-05,S004,P0014,50,602.9087
2023-11-06,S004,P0014,70,604.535
2023-11-07,S004,P0014,83,596.8547
2023-11-08,S004,P0014,94,637.1334
2023-11-09,S004,P0014,91,642.32666
2023-11-10,S004,P0014,133,665.18396
2023-11-11,S004,P0014,144,659.4914
2023-11-12,S004,P0014,58,687.30994
2023-11-13,S004,P0014,49,617.0052
2023-11-14,S004,P0014,95,643.3479
2023-11-15,S004,P0014,134,697.03687
2023-11-16,S004,P0014,51,644.24945
2023-11-17,S004,P0014,105,641.34076
2023-11-18,S004,P0014,102,606.6047
2023-11-19,S004,P0014,62,602.9263
2023-11-20,S004,P0014,51,584.6497
2023-11-21,S004,P0014,108,598.2732
2023-11-22,S004,P0014,68,561.48804
2023-11-23,S004,P0014,55,544.6535
2023-11-24,S004,P0014,68,512.8014
2023-11-25,S004,P0014,57,471.4121
2023-11-26,S004,P0014,54,468.15466
2023-11-27,S004,P0014,68,489.24374
2023-11-28,S004,P0014,104,490.88788
2023-11-29,S004,P0014,25,445.94202
2023-11-30,S004,P0014,97,485.58893
2023-12-01,S004,P0014,62,498.5076
2023-12-02,S004,P0014,49,460.89786
2023-12-03,S004,P0014,69,486.64163
2023-12-04,S004,P0014,102,531.57605
2023-12-05,S004,P0014,59,479.70663
2023-12-06,S004,P0014,24,463.82382
2023-12-07,S004,P0014,54,429.38568
2023-12-08,S004,P0014,66,445.11514
2023-12-09,S004,P0014,137,527.0791
2023-12-10,S004,P0014,66,532.82825
2023-12-11,S004,P0014,82,494.14218
2023-12-12,S004,P0014,65,514.73474
2023-12-13,S004,P0014,87,573.14777
2023-12-14,S004,P0014,92,589.7976
2023-12-15,S004,P0014,41,562.70087
2023-12-16,S004,P0014,177,601.7221
2023-12-17,S004,P0014,43,608.5883
2023-12-18,S004,P0014,49,538.4353
2023-12-19,S004,P0014,53,539.14453
2023-12-20,S004,P0014,71,522.66693
2023-12-21,S004,P0014,107,543.51715
2023-12-22,S004,P0014,44,577.55
2023-12-23,S004,P0014,89,483.30243
2023-12-24,S004,P0014,149,581.57
2023-12-25,S004,P0014,72,613.3422
2023-12-26,S004,P0014,41,566.6242
2023-12-27,S004,P0014,17,455.0481
2023-12-28,S004,P0014,37,403.5411
2023-12-29,S004,P0014,29,384.81027
2023-12-30,S004,P0014,36,274.70984
2023-12-31,S004,P0014,27,231.82068
2024-01-01,S004,P0014,64,261.81317
2024-01-02,S004,P0014,15,230.65942
2024-01-03,S004,P0014,57,254.915
2024-01-04,S004,P0014,42,295.3739
2024-01-05,S004,P0014,43,260.67783
2024-01-06,S004,P0014,51,259.13687
2024-01-07,S004,P0014,30,300.498
2024-01-08,S004,P0014,32,251.81584
2024-01-09,S004,P0014,74,358.31683
2024-01-10,S004,P0014,69,393.208
2024-01-11,S004,P0014,101,462.4643
2024-01-12,S004,P0014,86,486.82388
2024-01-13,S004,P0014,117,462.38504
2024-01-14,S004,P0014,104,403.46896
2024-01-15,S004,P0014,54,482.49533
2024-01-16,S004,P0014,108,620.0462
2024-01-17,S004,P0014,70,613.3282
2024-01-18,S004,P0014,82,619.0332
2024-01-19,S004,P0014,78,586.03296
2024-01-20,S004,P0014,110,563.44714
2024-01-21,S004,P0014,110,561.934
2024-01-22,S004,P0014,103,622.8275
2024-01-23,S004,P0014,90,614.59827
2024-01-24,S004,P0014,65,570.33575
2024-01-25,S004,P0014,57,586.6135
2024-01-26,S004,P0014,85,587.87415
2024-01-27,S004,P0014,112,523.54736
2024-01-28,S004,P0014,126,481.9466
2024-01-29,S004,P0014,83,554.494
2024-01-30,S004,P0014,39,523.0481
2023-10-13,S004,P0015,29,215.43625
2023-10-14,S004,P0015,74,265.21957
2023-10-15,S004,P0015,68,324.1355
2023-10-16,S004,P0015,72,354.0475
2023-10-17,S004,P0015,39,337.31134
2023-10-18,S004,P0015,75,361.7992
2023-10-19,S004,P0015,44,416.7321
2023-10-20,S004,P0015,40,397.47897
2023-10-21,S004,P0015,16,326.6366
2023-10-22,S004,P0015,46,328.0661
2023-10-23,S004,P0015,23,268.05734
2023-10-24,S004,P0015,42,291.369
2023-10-25,S004,P0015,42,338.61652
2023-10-26,S004,P0015,79,366.18204
2023-10-27,S004,P0015,87,405.06424
2023-10-28,S004,P0015,6,412.32275
2023-10-29,S004,P0015,83,422.777
2023-10-30,S004,P0015,55,454.1934
2023-10-31,S004,P0015,86,483.13193
2023-11-01,S004,P0015,80,513.7136
2023-11-02,S004,P0015,106,540.0042
2023-11-03,S004,P0015,69,523.5089
2023-11-04,S004,P0015,19,505.80917
2023-11-05,S004,P0015,94,521.6494
2023-11-06,S004,P0015,81,554.3023
2023-11-07,S004,P0015,49,516.0011
2023-11-08,S004,P0015,93,531.8374
2023-11-09,S004,P0015,67,502.78867
2023-11-10,S004,P0015,66,496.52115
2023-11-11,S004,P0015,107,565.02234
2023-11-12,S004,P0015,93,574.0329
2023-11-13,S004,P0015,76,559.85913
2023-11-14,S004,P0015,93,590.94525
2023-11-15,S004,P0015,94,594.36017
2023-11-16,S004,P0015,75,597.2064
2023-11-17,S004,P0015,29,548.5654
2023-11-18,S004,P0015,105,570.9085
2023-11-19,S004,P0015,97,578.433
2023-11-20,S004,P0015,95,595.49536
2023-11-21,S004,P0015,81,591.9601
2023-11-22,S004,P0015,149,610.66705
2023-11-23,S004,P0015,69,657.5225
2023-11-24,S004,P0015,29,611.2904
2023-11-25,S004,P0015,60,561.7029
2023-11-26,S004,P0015,60,539.7534
2023-11-27,S004,P0015,47,510.74942
2023-11-28,S004,P0015,113,540.3326
2023-11-29,S004,P0015,85,509.26312
2023-11-30,S004,P0015,60,475.94775
2023-12-01,S004,P0015,61,509.32867
2023-12-02,S004,P0015,110,549.5288
2023-12-03,S004,P0015,112,578.67883
2023-12-04,S004,P0015,89,627.7995
2023-12-05,S004,P0015,98,620.9645
2023-12-06,S004,P0015,95,634.7842
2023-12-07,S004,P0015,34,593.99225
2023-12-08,S004,P0015,51,584.39545
2023-12-09,S004,P0015,87,552.9445
2023-12-10,S004,P0015,53,523.2559
2023-12-11,S004,P0015,30,456.65814
2023-12-12,S004,P0015,35,386.40384
2023-12-13,S004,P0015,68,403.10165
2023-12-14,S004,P0015,96,477.31317
2023-12-15,S004,P0015,50,458.69836
2023-12-16,S004,P0015,119,484.87238
2023-12-17,S004,P0015,66,516.48096
2023-12-18,S004,P0015,85,537.58514
2023-12-19,S004,P0015,100,589.4575
2023-12-20,S004,P0015,89,608.9484
2023-12-21,S004,P0015,68,570.6917
2023-12-22,S004,P0015,37,564.74005
2023-12-23,S004,P0015,74,518.4047
2023-12-24,S004,P0015,77,529.9993
2023-12-25,S004,P0015,120,582.3425
2023-12-26,S004,P0015,79,556.73663
2023-12-27,S004,P0015,51,510.79373
2023-12-28,S004,P0015,47,458.35428
2023-12-29,S004,P0015,26,441.03287
2023-12-30,S004,P0015,27,394.52316
2023-12-31,S004,P0015,25,336.71432
2024-01-01,S004,P0015,53,264.7836
2024-01-02,S004,P0015,21,232.21596
2024-01-03,S004,P0015,26,235.46378
2024-01-04,S004,P0015,23,199.42096
2024-01-05,S004,P0015,23,179.17616
2024-01-06,S004,P0015,42,184.15807
2024-01-07,S004,P0015,35,231.54105
2024-01-08,S004,P0015,46,212.25537
2024-01-09,S004,P0015,78,331.64108
2024-01-10,S004,P0015,32,344.59494
2024-01-11,S004,P0015,67,357.26657
2024-01-12,S004,P0015,21,338.0643
2024-01-13,S004,P0015,131,393.08914
2024-01-14,S004,P0015,144,410.65765
2024-01-15,S004,P0015,127,498.76007
2024-01-16,S004,P0015,69,587.9536
2024-01-17,S004,P0015,65,613.23773
2024-01-18,S004,P0015,71,628.40375
2024-01-19,S004,P0015,29,588.79694
2024-01-20,S004,P0015,55,502.73825
2024-01-21,S004,P0015,67,371.8916
2024-01-22,S004,P0015,71,393.3306
2024-01-23,S004,P0015,61,439.40155
2024-01-24,S004,P0015,69,412.47174
2024-01-25,S004,P0015,73,463.09586
2024-01-26,S004,P0015,89,484.20935
2024-01-27,S004,P0015,131,551.3633
2024-01-28,S004,P0015,88,532.6594
2024-01-29,S004,P0015,66,481.8328
2024-01-30,S004,P0015,40,515.7314
2023-10-13,S004,P0016,81,308.74603
2023-10-14,S004,P0016,43,314.68826
2023-10-15,S004,P0016,23,275.57083
2023-10-16,S004,P0016,21,270.80484
2023-10-17,S004,P0016,41,281.2004
2023-10-18,S004,P0016,17,267.2065
2023-10-19,S004,P0016,36,255.95468
2023-10-20,S004,P0016,22,221.41907
2023-10-21,S004,P0016,35,216.23003
2023-10-22,S004,P0016,20,203.17766
2023-10-23,S004,P0016,54,233.57268
2023-10-24,S004,P0016,28,234.33235
2023-10-25,S004,P0016,101,358.5138
2023-10-26,S004,P0016,53,389.37592
2023-10-27,S004,P0016,68,409.95032
2023-10-28,S004,P0016,119,491.60632
2023-10-29,S004,P0016,29,479.71124
2023-10-30,S004,P0016,67,496.73328
2023-10-31,S004,P0016,85,551.69305
2023-11-01,S004,P0016,111,538.9902
2023-11-02,S004,P0016,59,556.03174
2023-11-03,S004,P0016,81,548.6576
2023-11-04,S004,P0016,93,536.3924
2023-11-05,S004,P0016,97,604.1485
2023-11-06,S004,P0016,58,585.1366
2023-11-07,S004,P0016,90,577.24493
2023-11-08,S004,P0016,99,579.9537
2023-11-09,S004,P0016,117,646.92365
2023-11-10,S004,P0016,90,643.977
2023-11-11,S004,P0016,90,631.84265
2023-11-12,S004,P0016,117,652.01447
2023-11-13,S004,P0016,85,676.33374
2023-11-14,S004,P0016,48,616.4564
2023-11-15,S004,P0016,50,581.67993
2023-11-16,S004,P0016,89,562.2656
2023-11-17,S004,P0016,111,565.5175
2023-11-18,S004,P0016,82,581.09534
2023-11-19,S004,P0016,99,573.2847
2023-11-20,S004,P0016,88,591.5283
2023-11-21,S004,P0016,65,585.5314
2023-11-22,S004,P0016,83,608.5791
2023-11-23,S004,P0016,76,606.0258
2023-11-24,S004,P0016,36,518.9586
2023-11-25,S004,P0016,91,524.73145
2023-11-26,S004,P0016,91,536.48737
2023-11-27,S004,P0016,97,570.4886
2023-11-28,S004,P0016,61,540.1023
2023-11-29,S004,P0016,81,530.2984
2023-11-30,S004,P0016,42,507.23212
2023-12-01,S004,P0016,65,524.69354
2023-12-02,S004,P0016,76,523.04156
2023-12-03,S004,P0016,43,471.7066
2023-12-04,S004,P0016,94,476.4009
2023-12-05,S004,P0016,106,529.44684
2023-12-06,S004,P0016,57,502.325
2023-12-07,S004,P0016,102,543.2593
2023-12-08,S004,P0016,138,623.3454
2023-12-09,S004,P0016,84,630.0237
2023-12-10,S004,P0016,71,631.4211
2023-12-11,S004,P0016,70,620.61383
2023-12-12,S004,P0016,86,591.46277
2023-12-13,S004,P0016,85,623.99585
2023-12-14,S004,P0016,47,567.74725
2023-12-15,S004,P0016,62,514.5598
2023-12-16,S004,P0016,96,532.4637
2023-12-17,S004,P0016,73,539.5471
2023-12-18,S004,P0016,76,527.50397
2023-12-19,S004,P0016,58,510.36002
2023-12-20,S004,P0016,33,466.3892
2023-12-21,S004,P0016,127,522.50116
2023-12-22,S004,P0016,113,604.29236
2023-12-23,S004,P0016,88,572.22864
2023-12-24,S004,P0016,41,536.3272
2023-12-25,S004,P0016,74,529.2291
2023-12-26,S004,P0016,100,578.05304
2023-12-27,S004,P0016,27,555.2265
2023-12-28,S004,P0016,27,449.5588
2023-12-29,S004,P0016,40,372.0321
2023-12-30,S004,P0016,51,337.68002
2023-12-31,S004,P0016,44,359.51428
2024-01-01,S004,P0016,30,311.7225
2024-01-02,S004,P0016,51,270.25446
2024-01-03,S004,P0016,26,262.54022
2024-01-04,S004,P0016,35,270.34055
2024-01-05,S004,P0016,29,265.72772
2024-01-06,S004,P0016,35,209.77205
2024-01-07,S004,P0016,88,247.16417
2024-01-08,S004,P0016,73,325.3121
2024-01-09,S004,P0016,54,424.0837
2024-01-10,S004,P0016,111,421.04437
2024-01-11,S004,P0016,94,497.67847
2024-01-12,S004,P0016,40,477.2763
2024-01-13,S004,P0016,132,547.4481
2024-01-14,S004,P0016,48,534.9585
2024-01-15,S004,P0016,51,464.74985
2024-01-16,S004,P0016,82,535.5134
2024-01-17,S004,P0016,69,505.2201
2024-01-18,S004,P0016,110,533.47424
2024-01-19,S004,P0016,44,502.54425
2024-01-20,S004,P0016,142,327.87247
2024-01-21,S004,P0016,76,379.2575
2024-01-22,S004,P0016,81,447.80396
2024-01-23,S004,P0016,84,605.27216
2024-01-24,S004,P0016,65,584.49176
2024-01-25,S004,P0016,85,579.9437
2024-01-26,S004,P0016,91,569.3451
2024-01-27,S004,P0016,77,406.69623
2024-01-28,S004,P0016,87,379.8719
2024-01-29,S004,P0016,71,426.55905
2024-01-30,S004,P0016,43,494.5527
2023-10-13,S004,P0017,134,748.71356
2023-10-14,S004,P0017,88,766.98193
2023-10-15,S004,P0017,105,746.73254
2023-10-16,S004,P0017,85,759.39124
2023-10-17,S004,P0017,157,742.1109
2023-10-18,S004,P0017,153,872.0964
2023-10-19,S004,P0017,152,890.23663
2023-10-20,S004,P0017,71,797.5858
2023-10-21,S004,P0017,40,718.20874
2023-10-22,S004,P0017,41,653.1213
2023-10-23,S004,P0017,107,691.1762
2023-10-24,S004,P0017,137,706.7092
2023-10-25,S004,P0017,139,718.7206
2023-10-26,S004,P0017,161,736.0201
2023-10-27,S004,P0017,115,765.00494
2023-10-28,S004,P0017,93,781.6453
2023-10-29,S004,P0017,101,812.8159
2023-10-30,S004,P0017,50,769.0133
2023-10-31,S004,P0017,121,768.88293
2023-11-01,S004,P0017,88,730.774
2023-11-02,S004,P0017,96,658.34937
2023-11-03,S004,P0017,93,652.39886
2023-11-04,S004,P0017,137,707.44934
2023-11-05,S004,P0017,114,719.1718
2023-11-06,S004,P0017,83,739.386
2023-11-07,S004,P0017,143,760.26636
2023-11-08,S004,P0017,169,844.1511
2023-11-09,S004,P0017,222,934.5619
2023-11-10,S004,P0017,142,995.98413
2023-11-11,S004,P0017,142,979.4951
2023-11-12,S004,P0017,137,991.4175
2023-11-13,S004,P0017,97,975.79376
2023-11-14,S004,P0017,81,955.06903
2023-11-15,S004,P0017,117,903.14435
2023-11-16,S004,P0017,70,788.1272
2023-11-17,S004,P0017,77,716.32983
2023-11-18,S004,P0017,128,728.6929
2023-11-19,S004,P0017,97,697.1383
2023-11-20,S004,P0017,114,718.64984
2023-11-21,S004,P0017,96,736.5559
2023-11-22,S004,P0017,154,751.0262
2023-11-23,S004,P0017,101,780.8563
2023-11-24,S004,P0017,110,791.30237
2023-11-25,S004,P0017,53,724.0681
2023-11-26,S004,P0017,142,756.2623
2023-11-27,S004,P0017,115,763.42456
2023-11-28,S004,P0017,133,784.72876
2023-11-29,S004,P0017,61,715.44965
2023-11-30,S004,P0017,71,687.58386
2023-12-01,S004,P0017,112,685.61414
2023-12-02,S004,P0017,112,758.8023
2023-12-03,S004,P0017,104,741.9426
2023-12-04,S004,P0017,78,678.38074
2023-12-05,S004,P0017,148,711.71765
2023-12-06,S004,P0017,117,766.3532
2023-12-07,S004,P0017,76,745.9723
2023-12-08,S004,P0017,88,717.7573
2023-12-09,S004,P0017,145,749.7189
2023-12-10,S004,P0017,77,737.40424
2023-12-11,S004,P0017,36,680.29364
2023-12-12,S004,P0017,49,588.4832
2023-12-13,S004,P0017,111,603.13226
2023-12-14,S004,P0017,173,686.34485
2023-12-15,S004,P0017,209,825.7791
2023-12-16,S004,P0017,68,732.9033
2023-12-17,S004,P0017,100,707.9589
2023-12-18,S004,P0017,75,771.90656
2023-12-19,S004,P0017,134,843.33356
2023-12-20,S004,P0017,92,830.36505
2023-12-21,S004,P0017,67,730.7979
2023-12-22,S004,P0017,145,706.8662
2023-12-23,S004,P0017,136,778.63324
2023-12-24,S004,P0017,162,837.8589
2023-12-25,S004,P0017,101,841.64954
2023-12-26,S004,P0017,167,853.63257
2023-12-27,S004,P0017,165,955.3922
2023-12-28,S004,P0017,128,970.7666
2023-12-29,S004,P0017,108,923.58154
2023-12-30,S004,P0017,191,939.87537
2023-12-31,S004,P0017,143,983.721
2024-01-01,S004,P0017,119,978.42456
2024-01-02,S004,P0017,123,920.7777
2024-01-03,S004,P0017,117,896.4558
2024-01-04,S004,P0017,150,889.72687
2024-01-05,S004,P0017,193,1030.5632
2024-01-06,S004,P0017,102,919.77216
2024-01-07,S004,P0017,106,804.087
2024-01-08,S004,P0017,234,999.62274
2024-01-09,S004,P0017,111,996.8768
2024-01-10,S004,P0017,168,1002.6552
2024-01-11,S004,P0017,95,981.16113
2024-01-12,S004,P0017,74,856.67633
2024-01-13,S004,P0017,126,793.91266
2024-01-14,S004,P0017,80,749.08496
2024-01-15,S004,P0017,108,677.94073
2024-01-16,S004,P0017,116,770.05347
2024-01-17,S004,P0017,140,784.1709
2024-01-18,S004,P0017,79,725.5718
2024-01-19,S004,P0017,127,730.58826
2024-01-20,S004,P0017,206,827.4681
2024-01-21,S004,P0017,173,936.7995
2024-01-22,S004,P0017,177,969.50146
2024-01-23,S004,P0017,28,875.9791
2024-01-24,S004,P0017,169,920.0926
2024-01-25,S004,P0017,134,980.91797
2024-01-26,S004,P0017,135,937.1706
2024-01-27,S004,P0017,68,847.42084
2024-01-28,S004,P0017,116,795.6563
2024-01-29,S004,P0017,132,721.8741
2024-01-30,S004,P0017,121,873.5144
2023-10-13,S004,P0018,16,266.03595
2023-10-14,S004,P0018,49,266.09238
2023-10-15,S004,P0018,39,283.91302
2023-10-16,S004,P0018,56,283.49316
2023-10-17,S004,P0018,66,312.3762
2023-10-18,S004,P0018,53,348.1128
2023-10-19,S004,P0018,47,339.76334
2023-10-20,S004,P0018,29,307.32095
2023-10-21,S004,P0018,34,304.82996
2023-10-22,S004,P0018,14,271.38492
2023-10-23,S004,P0018,31,266.08685
2023-10-24,S004,P0018,36,244.82684
2023-10-25,S004,P0018,88,341.70157
2023-10-26,S004,P0018,95,408.28415
2023-10-27,S004,P0018,82,446.8034
2023-10-28,S004,P0018,98,487.74814
2023-10-29,S004,P0018,78,531.0136
2023-10-30,S004,P0018,54,530.6149
2023-10-31,S004,P0018,41,516.8253
2023-11-01,S004,P0018,80,543.5484
2023-11-02,S004,P0018,86,534.7663
2023-11-03,S004,P0018,105,565.9532
2023-11-04,S004,P0018,41,505.13138
2023-11-05,S004,P0018,116,524.1746
2023-11-06,S004,P0018,73,558.8766
2023-11-07,S004,P0018,80,560.8262
2023-11-08,S004,P0018,77,570.1274
2023-11-09,S004,P0018,71,558.46454
2023-11-10,S004,P0018,86,540.98737
2023-11-11,S004,P0018,70,565.40765
2023-11-12,S004,P0018,77,533.3743
2023-11-13,S004,P0018,60,512.5217
2023-11-14,S004,P0018,75,515.8581
2023-11-15,S004,P0018,130,571.4354
2023-11-16,S004,P0018,118,636.86615
2023-11-17,S004,P0018,64,597.672
2023-11-18,S004,P0018,106,610.40546
2023-11-19,S004,P0018,77,625.3539
2023-11-20,S004,P0018,112,650.48035
2023-11-21,S004,P0018,65,658.1198
2023-11-22,S004,P0018,103,634.1643
2023-11-23,S004,P0018,91,615.5011
2023-11-24,S004,P0018,48,596.5964
2023-11-25,S004,P0018,125,599.06683
2023-11-26,S004,P0018,38,573.1856
2023-11-27,S004,P0018,80,554.5257
2023-11-28,S004,P0018,85,566.5162
2023-11-29,S004,P0018,25,483.2398
2023-11-30,S004,P0018,90,499.53632
2023-12-01,S004,P0018,70,519.76526
2023-12-02,S004,P0018,65,478.4911
2023-12-03,S004,P0018,63,483.54364
2023-12-04,S004,P0018,88,499.97034
2023-12-05,S004,P0018,62,481.9223
2023-12-06,S004,P0018,100,537.06177
2023-12-07,S004,P0018,85,551.0548
2023-12-08,S004,P0018,91,554.82086
2023-12-09,S004,P0018,88,572.76526
2023-12-10,S004,P0018,91,612.59216
2023-12-11,S004,P0018,98,601.1037
2023-12-12,S004,P0018,26,568.4935
2023-12-13,S004,P0018,72,533.5221
2023-12-14,S004,P0018,82,562.5023
2023-12-15,S004,P0018,51,516.61194
2023-12-16,S004,P0018,104,527.0338
2023-12-17,S004,P0018,118,587.90497
2023-12-18,S004,P0018,86,563.13605
2023-12-19,S004,P0018,26,523.387
2023-12-20,S004,P0018,69,512.81256
2023-12-21,S004,P0018,120,568.7278
2023-12-22,S004,P0018,70,599.70056
2023-12-23,S004,P0018,59,540.32263
2023-12-24,S004,P0018,92,530.12067
2023-12-25,S004,P0018,113,571.7446
2023-12-26,S004,P0018,104,619.7859
2023-12-27,S004,P0018,28,573.42645
2023-12-28,S004,P0018,27,455.90488
2023-12-29,S004,P0018,32,431.77054
2023-12-30,S004,P0018,25,372.71933
2023-12-31,S004,P0018,40,299.2777
2024-01-01,S004,P0018,71,328.44702
2024-01-02,S004,P0018,34,279.18213
2024-01-03,S004,P0018,36,274.05887
2024-01-04,S004,P0018,32,284.56714
2024-01-05,S004,P0018,36,273.89417
2024-01-06,S004,P0018,24,275.19727
2024-01-07,S004,P0018,31,250.49759
2024-01-08,S004,P0018,16,207.44777
2024-01-09,S004,P0018,48,294.93527
2024-01-10,S004,P0018,62,315.01263
2024-01-11,S004,P0018,75,364.69095
2024-01-12,S004,P0018,71,384.67197
2024-01-13,S004,P0018,84,370.2277
2024-01-14,S004,P0018,59,389.33258
2024-01-15,S004,P0018,54,414.58795
2024-01-16,S004,P0018,77,484.3192
2024-01-17,S004,P0018,82,498.0994
2024-01-18,S004,P0018,51,501.41537
2024-01-19,S004,P0018,48,474.89352
2024-01-20,S004,P0018,38,364.29053
2024-01-21,S004,P0018,61,378.70767
2024-01-22,S004,P0018,159,483.3965
2024-01-23,S004,P0018,39,483.38184
2024-01-24,S004,P0018,52,443.4353
2024-01-25,S004,P0018,96,510.29538
2024-01-26,S004,P0018,69,539.5413
2024-01-27,S004,P0018,84,520.9923
2024-01-28,S004,P0018,89,565.27106
2024-01-29,S004,P0018,97,443.63843
2024-01-30,S004,P0018,66,533.68164
2023-10-13,S004,P0019,131,786.7059
2023-10-14,S004,P0019,96,785.461
2023-10-15,S004,P0019,114,720.9954
2023-10-16,S004,P0019,74,649.2366
2023-10-17,S004,P0019,87,641.7782
2023-10-18,S004,P0019,92,657.727
2023-10-19,S004,P0019,87,678.02716
2023-10-20,S004,P0019,26,559.32166
2023-10-21,S004,P0019,156,603.6186
2023-10-22,S004,P0019,148,704.8662
2023-10-23,S004,P0019,84,687.77576
2023-10-24,S004,P0019,89,660.35376
2023-10-25,S004,P0019,126,727.69464
2023-10-26,S004,P0019,143,783.3245
2023-10-27,S004,P0019,107,825.0626
2023-10-28,S004,P0019,141,853.9778
2023-10-29,S004,P0019,29,699.00867
2023-10-30,S004,P0019,77,702.8309
2023-10-31,S004,P0019,144,758.0337
2023-11-01,S004,P0019,120,768.96204
2023-11-02,S004,P0019,186,803.3382
2023-11-03,S004,P0019,88,792.6693
2023-11-04,S004,P0019,77,719.3669
2023-11-05,S004,P0019,123,797.4306
2023-11-06,S004,P0019,104,841.5437
2023-11-07,S004,P0019,87,769.9976
2023-11-08,S004,P0019,75,730.796
2023-11-09,S004,P0019,83,640.96484
2023-11-10,S004,P0019,173,725.5172
2023-11-11,S004,P0019,146,809.4436
2023-11-12,S004,P0019,95,767.76294
2023-11-13,S004,P0019,122,797.2941
2023-11-14,S004,P0019,126,812.9133
2023-11-15,S004,P0019,174,907.93994
2023-11-16,S004,P0019,124,934.6524
2023-11-17,S004,P0019,102,861.01227
2023-11-18,S004,P0019,163,905.8833
2023-11-19,S004,P0019,87,872.0008
2023-11-20,S004,P0019,88,843.0813
2023-11-21,S004,P0019,175,902.3778
2023-11-22,S004,P0019,117,872.9412
2023-11-23,S004,P0019,86,808.1038
2023-11-24,S004,P0019,143,846.20734
2023-11-25,S004,P0019,92,788.9763
2023-11-26,S004,P0019,147,841.62695
2023-11-27,S004,P0019,151,898.4452
2023-11-28,S004,P0019,94,833.985
2023-11-29,S004,P0019,86,783.07697
2023-11-30,S004,P0019,91,790.6617
2023-12-01,S004,P0019,105,761.5827
2023-12-02,S004,P0019,171,850.84564
2023-12-03,S004,P0019,39,758.6756
2023-12-04,S004,P0019,136,727.6975
2023-12-05,S004,P0019,170,809.62134
2023-12-06,S004,P0019,94,817.8932
2023-12-07,S004,P0019,77,777.7022
2023-12-08,S004,P0019,90,769.47955
2023-12-09,S004,P0019,117,731.7537
2023-12-10,S004,P0019,121,807.71857
2023-12-11,S004,P0019,87,760.7239
2023-12-12,S004,P0019,132,731.49036
2023-12-13,S004,P0019,78,718.741
2023-12-14,S004,P0019,131,766.3897
2023-12-15,S004,P0019,120,791.1669
2023-12-16,S004,P0019,138,816.9518
2023-12-17,S004,P0019,153,848.7237
2023-12-18,S004,P0019,114,866.0163
2023-12-19,S004,P0019,90,820.6889
2023-12-20,S004,P0019,105,842.3696
2023-12-21,S004,P0019,123,849.59827
2023-12-22,S004,P0019,81,802.5684
2023-12-23,S004,P0019,160,812.1009
2023-12-24,S004,P0019,107,793.15216
2023-12-25,S004,P0019,218,873.09784
2023-12-26,S004,P0019,138,935.79834
2023-12-27,S004,P0019,156,974.0413
2023-12-28,S004,P0019,145,983.4771
2023-12-29,S004,P0019,98,969.9864
2023-12-30,S004,P0019,147,960.7274
2023-12-31,S004,P0019,137,1009.40826
2024-01-01,S004,P0019,161,983.3465
2024-01-02,S004,P0019,59,873.3336
2024-01-03,S004,P0019,155,865.68225
2024-01-04,S004,P0019,87,845.5072
2024-01-05,S004,P0019,121,846.15234
2024-01-06,S004,P0019,139,728.25586
2024-01-07,S004,P0019,161,917.89185
2024-01-08,S004,P0019,168,882.61566
2024-01-09,S004,P0019,116,941.21533
2024-01-10,S004,P0019,82,826.3625
2024-01-11,S004,P0019,102,873.7296
2024-01-12,S004,P0019,46,802.71216
2024-01-13,S004,P0019,141,747.3413
2024-01-14,S004,P0019,10,528.78503
2024-01-15,S004,P0019,121,564.2309
2024-01-16,S004,P0019,83,596.258
2024-01-17,S004,P0019,101,602.7916
2024-01-18,S004,P0019,152,673.3683
2024-01-19,S004,P0019,91,702.004
2024-01-20,S004,P0019,117,515.6704
2024-01-21,S004,P0019,82,623.35095
2024-01-22,S004,P0019,157,753.05347
2024-01-23,S004,P0019,90,776.1035
2024-01-24,S004,P0019,69,739.29987
2024-01-25,S004,P0019,112,753.10803
2024-01-26,S004,P0019,258,881.0384
2024-01-27,S004,P0019,59,731.46313
2024-01-28,S004,P0019,58,712.0301
2024-01-29,S004,P0019,120,671.00714
2024-01-30,S004,P0019,126,810.027
2023-10-13,S004,P0020,50,241.25742
2023-10-14,S004,P0020,43,277.41873
2023-10-15,S004,P0020,24,260.43076
2023-10-16,S004,P0020,14,241.56589
2023-10-17,S004,P0020,38,256.13882
2023-10-18,S004,P0020,29,258.15063
2023-10-19,S004,P0020,20,225.08647
2023-10-20,S004,P0020,35,222.58246
2023-10-21,S004,P0020,43,230.93874
2023-10-22,S004,P0020,30,223.78487
2023-10-23,S004,P0020,62,241.17207
2023-10-24,S004,P0020,21,252.34346
2023-10-25,S004,P0020,108,358.06146
2023-10-26,S004,P0020,38,399.39523
2023-10-27,S004,P0020,78,427.02957
2023-10-28,S004,P0020,60,443.0078
2023-10-29,S004,P0020,54,479.90704
2023-10-30,S004,P0020,59,446.79736
2023-10-31,S004,P0020,111,515.13025
2023-11-01,S004,P0020,118,529.36383
2023-11-02,S004,P0020,129,619.17596
2023-11-03,S004,P0020,96,631.5529
2023-11-04,S004,P0020,38,589.10736
2023-11-05,S004,P0020,81,621.958
2023-11-06,S004,P0020,76,634.6912
2023-11-07,S004,P0020,88,611.5336
2023-11-08,S004,P0020,55,553.7837
2023-11-09,S004,P0020,80,525.4975
2023-11-10,S004,P0020,139,576.12866
2023-11-11,S004,P0020,87,597.3218
2023-11-12,S004,P0020,102,626.7979
2023-11-13,S004,P0020,97,658.9757
2023-11-14,S004,P0020,80,630.5479
2023-11-15,S004,P0020,56,620.85254
2023-11-16,S004,P0020,105,644.51215
2023-11-17,S004,P0020,46,583.3246
2023-11-18,S004,P0020,82,563.64935
2023-11-19,S004,P0020,88,551.9033
2023-11-20,S004,P0020,47,506.66495
2023-11-21,S004,P0020,75,494.76123
2023-11-22,S004,P0020,48,493.81723
2023-11-23,S004,P0020,21,410.91592
2023-11-24,S004,P0020,39,420.93253
2023-11-25,S004,P0020,75,442.19022
2023-11-26,S004,P0020,84,439.87598
2023-11-27,S004,P0020,64,449.24417
2023-11-28,S004,P0020,59,437.01355
2023-11-29,S004,P0020,57,440.34674
2023-11-30,S004,P0020,76,491.4714
2023-12-01,S004,P0020,60,484.66425
2023-12-02,S004,P0020,74,489.88348
2023-12-03,S004,P0020,65,477.35184
2023-12-04,S004,P0020,4,422.5594
2023-12-05,S004,P0020,125,498.05832
2023-12-06,S004,P0020,79,517.612
2023-12-07,S004,P0020,85,523.9178
2023-12-08,S004,P0020,122,563.1366
2023-12-09,S004,P0020,106,605.9983
2023-12-10,S004,P0020,22,545.95306
2023-12-11,S004,P0020,107,621.89746
2023-12-12,S004,P0020,64,593.41144
2023-12-13,S004,P0020,61,560.93744
2023-12-14,S004,P0020,47,526.7317
2023-12-15,S004,P0020,56,474.9544
2023-12-16,S004,P0020,86,454.7277
2023-12-17,S004,P0020,44,485.09802
2023-12-18,S004,P0020,97,466.64124
2023-12-19,S004,P0020,65,489.62833
2023-12-20,S004,P0020,88,497.313
2023-12-21,S004,P0020,132,560.0969
2023-12-22,S004,P0020,146,637.09265
2023-12-23,S004,P0020,35,607.86975
2023-12-24,S004,P0020,49,597.188
2023-12-25,S004,P0020,77,570.7442
2023-12-26,S004,P0020,52,580.7941
2023-12-27,S004,P0020,28,468.81696
2023-12-28,S004,P0020,23,355.02536
2023-12-29,S004,P0020,44,246.08385
2023-12-30,S004,P0020,50,308.82
2023-12-31,S004,P0020,47,328.26163
2024-01-01,S004,P0020,66,255.8245
2024-01-02,S004,P0020,49,357.71826
2024-01-03,S004,P0020,33,296.20648
2024-01-04,S004,P0020,19,295.24573
2024-01-05,S004,P0020,38,283.78372
2024-01-06,S004,P0020,49,302.97903
2024-01-07,S004,P0020,22,205.66698
2024-01-08,S004,P0020,39,259.51013
2024-01-09,S004,P0020,48,299.1746
2024-01-10,S004,P0020,73,331.55112
2024-01-11,S004,P0020,73,365.3037
2024-01-12,S004,P0020,70,433.46933
2024-01-13,S004,P0020,66,365.7484
2024-01-14,S004,P0020,72,464.5021
2024-01-15,S004,P0020,64,424.77768
2024-01-16,S004,P0020,49,466.1024
2024-01-17,S004,P0020,71,478.1655
2024-01-18,S004,P0020,87,512.8272
2024-01-19,S004,P0020,61,488.6582
2024-01-20,S004,P0020,83,415.85016
2024-01-21,S004,P0020,89,484.75757
2024-01-22,S004,P0020,157,538.33325
2024-01-23,S004,P0020,59,585.0884
2024-01-24,S004,P0020,73,606.9073
2024-01-25,S004,P0020,44,548.6792
2024-01-26,S004,P0020,74,542.96484
2024-01-27,S004,P0020,68,387.92358
2024-01-28,S004,P0020,75,508.71783
2024-01-29,S004,P0020,63,402.27213
2024-01-30,S004,P0020,93,480.71686
2023-10-13,S005,P0001,37,535.55994
2023-10-14,S005,P0001,47,512.2032
2023-10-15,S005,P0001,32,484.424
2023-10-16,S005,P0001,81,448.59433
2023-10-17,S005,P0001,74,435.10352
2023-10-18,S005,P0001,70,406.29315
2023-10-19,S005,P0001,88,435.99585
2023-10-20,S005,P0001,158,563.8733
2023-10-21,S005,P0001,102,611.9546
2023-10-22,S005,P0001,61,632.9891
2023-10-23,S005,P0001,74,610.4277
2023-10-24,S005,P0001,19,554.8588
2023-10-25,S005,P0001,209,700.04584
2023-10-26,S005,P0001,82,748.534
2023-10-27,S005,P0001,137,687.07776
2023-10-28,S005,P0001,176,760.5448
2023-10-29,S005,P0001,180,871.19293
2023-10-30,S005,P0001,137,960.9794
2023-10-31,S005,P0001,122,1010.30334
2023-11-01,S005,P0001,223,1018.7287
2023-11-02,S005,P0001,119,1034.2302
2023-11-03,S005,P0001,185,1083.5596
2023-11-04,S005,P0001,68,1018.32996
2023-11-05,S005,P0001,60,892.66583
2023-11-06,S005,P0001,91,874.0942
2023-11-07,S005,P0001,97,824.2665
2023-11-08,S005,P0001,102,757.61786
2023-11-09,S005,P0001,70,698.3631
2023-11-10,S005,P0001,86,610.33704
2023-11-11,S005,P0001,112,628.6921
2023-11-12,S005,P0001,126,699.82837
2023-11-13,S005,P0001,127,755.6638
2023-11-14,S005,P0001,88,729.2508
2023-11-15,S005,P0001,78,696.6423
2023-11-16,S005,P0001,82,690.90173
2023-11-17,S005,P0001,76,678.90875
2023-11-18,S005,P0001,169,725.5531
2023-11-19,S005,P0001,130,691.46643
2023-11-20,S005,P0001,145,802.1763
2023-11-21,S005,P0001,66,747.1621
2023-11-22,S005,P0001,110,787.7793
2023-11-23,S005,P0001,133,834.92694
2023-11-24,S005,P0001,103,852.0765
2023-11-25,S005,P0001,103,776.5707
2023-11-26,S005,P0001,97,750.6452
2023-11-27,S005,P0001,181,787.2498
2023-11-28,S005,P0001,82,821.2673
2023-11-29,S005,P0001,125,812.6727
2023-11-30,S005,P0001,101,796.97125
2023-12-01,S005,P0001,161,837.8918
2023-12-02,S005,P0001,105,830.3952
2023-12-03,S005,P0001,80,831.411
2023-12-04,S005,P0001,186,845.179
2023-12-05,S005,P0001,119,887.0257
2023-12-06,S005,P0001,126,867.22296
2023-12-07,S005,P0001,174,934.19275
2023-12-08,S005,P0001,163,958.39526
2023-12-09,S005,P0001,6,887.39734
2023-12-10,S005,P0001,206,937.9393
2023-12-11,S005,P0001,121,912.85486
2023-12-12,S005,P0001,125,919.33966
2023-12-13,S005,P0001,160,940.88074
2023-12-14,S005,P0001,72,828.21204
2023-12-15,S005,P0001,175,874.7249
2023-12-16,S005,P0001,87,889.87134
2023-12-17,S005,P0001,59,795.4926
2023-12-18,S005,P0001,94,789.28265
2023-12-19,S005,P0001,58,720.462
2023-12-20,S005,P0001,95,671.42255
2023-12-21,S005,P0001,196,749.1633
2023-12-22,S005,P0001,155,792.5414
2023-12-23,S005,P0001,118,819.5156
2023-12-24,S005,P0001,206,920.7115
2023-12-25,S005,P0001,166,978.00226
2023-12-26,S005,P0001,140,1072.4209
2023-12-27,S005,P0001,114,1045.552
2023-12-28,S005,P0001,84,933.7087
2023-12-29,S005,P0001,63,832.3161
2023-12-30,S005,P0001,37,748.50366
2023-12-31,S005,P0001,82,650.56226
2024-01-01,S005,P0001,106,563.4361
2024-01-02,S005,P0001,59,549.7388
2024-01-03,S005,P0001,71,528.445
2024-01-04,S005,P0001,90,520.1511
2024-01-05,S005,P0001,110,562.40393
2024-01-06,S005,P0001,58,447.06247
2024-01-07,S005,P0001,82,451.72287
2024-01-08,S005,P0001,90,519.44385
2024-01-09,S005,P0001,169,644.6133
2024-01-10,S005,P0001,53,612.42896
2024-01-11,S005,P0001,141,720.22125
2024-01-12,S005,P0001,142,726.43677
2024-01-13,S005,P0001,149,789.74915
2024-01-14,S005,P0001,123,734.1058
2024-01-15,S005,P0001,103,753.3873
2024-01-16,S005,P0001,104,838.376
2024-01-17,S005,P0001,31,768.8159
2024-01-18,S005,P0001,132,746.127
2024-01-19,S005,P0001,105,762.72864
2024-01-20,S005,P0001,95,536.03644
2024-01-21,S005,P0001,148,719.012
2024-01-22,S005,P0001,177,798.74695
2024-01-23,S005,P0001,49,759.0735
2024-01-24,S005,P0001,236,880.51733
2024-01-25,S005,P0001,209,974.2516
2024-01-26,S005,P0001,152,1076.1688
2024-01-27,S005,P0001,68,841.31226
2024-01-28,S005,P0001,128,881.23444
2024-01-29,S005,P0001,118,877.6142
2024-01-30,S005,P0001,99,951.8123
2023-10-13,S005,P0002,37,385.40543
2023-10-14,S005,P0002,70,376.34558
2023-10-15,S005,P0002,46,344.6482
2023-10-16,S005,P0002,26,307.35
2023-10-17,S005,P0002,90,381.85843
2023-10-18,S005,P0002,47,382.8727
2023-10-19,S005,P0002,62,378.19684
2023-10-20,S005,P0002,58,385.32584
2023-10-21,S005,P0002,42,371.67157
2023-10-22,S005,P0002,30,335.759
2023-10-23,S005,P0002,68,393.7476
2023-10-24,S005,P0002,21,323.80725
2023-10-25,S005,P0002,81,439.38647
2023-10-26,S005,P0002,58,447.6932
2023-10-27,S005,P0002,104,505.9571
2023-10-28,S005,P0002,127,569.66815
2023-10-29,S005,P0002,53,565.97437
2023-10-30,S005,P0002,81,552.9295
2023-10-31,S005,P0002,64,599.7687
2023-11-01,S005,P0002,61,572.8463
2023-11-02,S005,P0002,58,583.79407
2023-11-03,S005,P0002,121,581.92145
2023-11-04,S005,P0002,71,559.2484
2023-11-05,S005,P0002,88,565.9586
2023-11-06,S005,P0002,107,599.2135
2023-11-07,S005,P0002,89,614.3674
2023-11-08,S005,P0002,117,659.1515
2023-11-09,S005,P0002,65,669.50073
2023-11-10,S005,P0002,183,713.70135
2023-11-11,S005,P0002,131,800.3344
2023-11-12,S005,P0002,138,824.2335
2023-11-13,S005,P0002,117,828.23865
2023-11-14,S005,P0002,80,821.23334
2023-11-15,S005,P0002,140,844.3402
2023-11-16,S005,P0002,124,891.60406
2023-11-17,S005,P0002,70,790.93115
2023-11-18,S005,P0002,100,762.9954
2023-11-19,S005,P0002,147,784.392
2023-11-20,S005,P0002,83,758.1766
2023-11-21,S005,P0002,132,799.0107
2023-11-22,S005,P0002,125,794.2389
2023-11-23,S005,P0002,68,734.0435
2023-11-24,S005,P0002,95,756.1419
2023-11-25,S005,P0002,108,751.91766
2023-11-26,S005,P0002,38,663.6057
2023-11-27,S005,P0002,117,683.91095
2023-11-28,S005,P0002,92,668.17035
2023-11-29,S005,P0002,86,625.65234
2023-11-30,S005,P0002,120,668.4828
2023-12-01,S005,P0002,142,710.9677
2023-12-02,S005,P0002,70,669.155
2023-12-03,S005,P0002,121,745.7324
2023-12-04,S005,P0002,93,744.65094
2023-12-05,S005,P0002,88,705.23645
2023-12-06,S005,P0002,128,741.74255
2023-12-07,S005,P0002,34,690.2946
2023-12-08,S005,P0002,119,676.3548
2023-12-09,S005,P0002,88,687.10944
2023-12-10,S005,P0002,101,660.60657
2023-12-11,S005,P0002,77,651.176
2023-12-12,S005,P0002,158,722.7935
2023-12-13,S005,P0002,65,670.45074
2023-12-14,S005,P0002,165,758.6721
2023-12-15,S005,P0002,119,794.5874
2023-12-16,S005,P0002,177,855.68726
2023-12-17,S005,P0002,140,892.2355
2023-12-18,S005,P0002,130,913.1306
2023-12-19,S005,P0002,92,887.4664
2023-12-20,S005,P0002,155,941.1963
2023-12-21,S005,P0002,143,953.43994
2023-12-22,S005,P0002,106,937.443
2023-12-23,S005,P0002,133,904.58856
2023-12-24,S005,P0002,114,867.6834
2023-12-25,S005,P0002,92,821.32806
2023-12-26,S005,P0002,92,829.7256
2023-12-27,S005,P0002,38,701.9206
2023-12-28,S005,P0002,75,608.27673
2023-12-29,S005,P0002,38,555.9311
2023-12-30,S005,P0002,44,488.48444
2023-12-31,S005,P0002,66,474.8005
2024-01-01,S005,P0002,57,418.80484
2024-01-02,S005,P0002,86,404.62018
2024-01-03,S005,P0002,43,439.69162
2024-01-04,S005,P0002,59,395.35907
2024-01-05,S005,P0002,82,436.59476
2024-01-06,S005,P0002,42,389.98233
2024-01-07,S005,P0002,67,444.67606
2024-01-08,S005,P0002,65,397.90207
2024-01-09,S005,P0002,149,558.509
2024-01-10,S005,P0002,67,517.976
2024-01-11,S005,P0002,83,551.6434
2024-01-12,S005,P0002,83,544.9245
2024-01-13,S005,P0002,43,451.01666
2024-01-14,S005,P0002,72,456.29987
2024-01-15,S005,P0002,187,684.4272
2024-01-16,S005,P0002,95,690.97205
2024-01-17,S005,P0002,47,626.98206
2024-01-18,S005,P0002,106,649.6122
2024-01-19,S005,P0002,37,622.89764
2024-01-20,S005,P0002,78,603.711
2024-01-21,S005,P0002,64,527.4488
2024-01-22,S005,P0002,109,503.11258
2024-01-23,S005,P0002,100,555.66925
2024-01-24,S005,P0002,70,581.55865
2024-01-25,S005,P0002,101,582.639
2024-01-26,S005,P0002,84,608.4941
2024-01-27,S005,P0002,83,620.4896
2024-01-28,S005,P0002,115,507.9368
2024-01-29,S005,P0002,118,611.6843
2024-01-30,S005,P0002,136,713.4712
2023-10-13,S005,P0003,37,310.698
2023-10-14,S005,P0003,30,304.139
2023-10-15,S005,P0003,21,282.78165
2023-10-16,S005,P0003,30,281.45636
2023-10-17,S005,P0003,43,279.82144
2023-10-18,S005,P0003,54,265.2556
2023-10-19,S005,P0003,11,235.69473
2023-10-20,S005,P0003,16,203.02406
2023-10-21,S005,P0003,32,216.92181
2023-10-22,S005,P0003,52,233.76308
2023-10-23,S005,P0003,65,282.18622
2023-10-24,S005,P0003,35,277.8442
2023-10-25,S005,P0003,73,375.86014
2023-10-26,S005,P0003,74,415.23404
2023-10-27,S005,P0003,111,500.8252
2023-10-28,S005,P0003,84,546.43164
2023-10-29,S005,P0003,99,574.52325
2023-10-30,S005,P0003,113,634.15533
2023-10-31,S005,P0003,82,639.03235
2023-11-01,S005,P0003,57,623.58057
2023-11-02,S005,P0003,50,606.5897
2023-11-03,S005,P0003,68,563.25696
2023-11-04,S005,P0003,98,599.6755
2023-11-05,S005,P0003,56,550.11646
2023-11-06,S005,P0003,74,520.34015
2023-11-07,S005,P0003,80,520.32324
2023-11-08,S005,P0003,118,563.0327
2023-11-09,S005,P0003,106,637.4195
2023-11-10,S005,P0003,115,678.74506
2023-11-11,S005,P0003,124,690.4866
2023-11-12,S005,P0003,188,792.25305
2023-11-13,S005,P0003,113,822.20966
2023-11-14,S005,P0003,114,842.0161
2023-11-15,S005,P0003,126,877.3805
2023-11-16,S005,P0003,87,834.6093
2023-11-17,S005,P0003,53,765.2993
2023-11-18,S005,P0003,124,788.81805
2023-11-19,S005,P0003,64,693.7107
2023-11-20,S005,P0003,120,702.3131
2023-11-21,S005,P0003,69,658.8045
2023-11-22,S005,P0003,66,599.22766
2023-11-23,S005,P0003,123,632.09503
2023-11-24,S005,P0003,94,665.0291
2023-11-25,S005,P0003,100,667.34595
2023-11-26,S005,P0003,118,698.38226
2023-11-27,S005,P0003,129,711.4085
2023-11-28,S005,P0003,113,748.87695
2023-11-29,S005,P0003,89,756.65796
2023-11-30,S005,P0003,148,784.6435
2023-12-01,S005,P0003,192,887.32434
2023-12-02,S005,P0003,90,873.80756
2023-12-03,S005,P0003,144,884.43396
2023-12-04,S005,P0003,87,857.9938
2023-12-05,S005,P0003,127,862.08875
2023-12-06,S005,P0003,118,877.7535
2023-12-07,S005,P0003,113,870.1821
2023-12-08,S005,P0003,104,790.6579
2023-12-09,S005,P0003,92,771.3594
2023-12-10,S005,P0003,95,757.5846
2023-12-11,S005,P0003,85,736.55206
2023-12-12,S005,P0003,123,752.6883
2023-12-13,S005,P0003,118,763.3673
2023-12-14,S005,P0003,36,675.44055
2023-12-15,S005,P0003,119,673.63916
2023-12-16,S005,P0003,135,732.2861
2023-12-17,S005,P0003,142,772.1508
2023-12-18,S005,P0003,151,847.28937
2023-12-19,S005,P0003,72,777.6885
2023-12-20,S005,P0003,45,691.4789
2023-12-21,S005,P0003,99,755.1581
2023-12-22,S005,P0003,124,780.2479
2023-12-23,S005,P0003,104,742.6488
2023-12-24,S005,P0003,73,680.8286
2023-12-25,S005,P0003,56,598.4748
2023-12-26,S005,P0003,95,601.44836
2023-12-27,S005,P0003,44,593.34814
2023-12-28,S005,P0003,27,499.01898
2023-12-29,S005,P0003,18,414.31842
2023-12-30,S005,P0003,21,285.82877
2023-12-31,S005,P0003,49,295.18872
2024-01-01,S005,P0003,19,285.6229
2024-01-02,S005,P0003,23,224.95526
2024-01-03,S005,P0003,39,222.39404
2024-01-04,S005,P0003,28,206.1019
2024-01-05,S005,P0003,27,223.84506
2024-01-06,S005,P0003,71,293.239
2024-01-07,S005,P0003,14,248.49884
2024-01-08,S005,P0003,31,219.86443
2024-01-09,S005,P0003,97,369.24533
2024-01-10,S005,P0003,115,461.82144
2024-01-11,S005,P0003,4,427.40213
2024-01-12,S005,P0003,83,492.7462
2024-01-13,S005,P0003,95,431.0143
2024-01-14,S005,P0003,78,485.35733
2024-01-15,S005,P0003,80,461.33908
2024-01-16,S005,P0003,74,548.4281
2024-01-17,S005,P0003,73,504.74435
2024-01-18,S005,P0003,43,519.164
2024-01-19,S005,P0003,34,498.7723
2024-01-20,S005,P0003,104,405.1151
2024-01-21,S005,P0003,68,409.60333
2024-01-22,S005,P0003,183,593.35095
2024-01-23,S005,P0003,59,585.2438
2024-01-24,S005,P0003,150,636.7684
2024-01-25,S005,P0003,62,701.91254
2024-01-26,S005,P0003,80,674.00806
2024-01-27,S005,P0003,92,503.31876
2024-01-28,S005,P0003,113,753.60156
2024-01-29,S005,P0003,100,583.089
2024-01-30,S005,P0003,121,656.4314
2023-10-13,S005,P0004,65,609.36804
2023-10-14,S005,P0004,38,516.69135
2023-10-15,S005,P0004,78,503.67422
2023-10-16,S005,P0004,56,536.4112
2023-10-17,S005,P0004,80,544.89905
2023-10-18,S005,P0004,126,533.83875
2023-10-19,S005,P0004,177,644.25946
2023-10-20,S005,P0004,107,694.94104
2023-10-21,S005,P0004,99,741.016
2023-10-22,S005,P0004,60,696.46173
2023-10-23,S005,P0004,66,684.4535
2023-10-24,S005,P0004,56,671.7697
2023-10-25,S005,P0004,92,659.9674
2023-10-26,S005,P0004,143,664.55774
2023-10-27,S005,P0004,125,683.6331
2023-10-28,S005,P0004,169,740.2574
2023-10-29,S005,P0004,87,776.43964
2023-10-30,S005,P0004,94,753.4489
2023-10-31,S005,P0004,145,860.88025
2023-11-01,S005,P0004,128,867.59454
2023-11-02,S005,P0004,73,803.67255
2023-11-03,S005,P0004,120,792.10547
2023-11-04,S005,P0004,112,730.7347
2023-11-05,S005,P0004,141,821.5345
2023-11-06,S005,P0004,62,780.4489
2023-11-07,S005,P0004,129,760.47327
2023-11-08,S005,P0004,141,794.70776
2023-11-09,S005,P0004,78,798.9193
2023-11-10,S005,P0004,132,783.5349
2023-11-11,S005,P0004,146,827.4411
2023-11-12,S005,P0004,92,788.68445
2023-11-13,S005,P0004,116,832.507
2023-11-14,S005,P0004,115,811.75085
2023-11-15,S005,P0004,82,760.5458
2023-11-16,S005,P0004,140,843.84955
2023-11-17,S005,P0004,103,803.98047
2023-11-18,S005,P0004,142,795.7323
2023-11-19,S005,P0004,233,932.9436
2023-11-20,S005,P0004,72,903.28
2023-11-21,S005,P0004,194,945.2805
2023-11-22,S005,P0004,65,939.569
2023-11-23,S005,P0004,113,887.99286
2023-11-24,S005,P0004,177,985.4744
2023-11-25,S005,P0004,102,942.0782
2023-11-26,S005,P0004,183,873.86536
2023-11-27,S005,P0004,124,945.8442
2023-11-28,S005,P0004,157,916.0909
2023-11-29,S005,P0004,120,968.2076
2023-11-30,S005,P0004,98,918.86975
2023-12-01,S005,P0004,115,887.41815
2023-12-02,S005,P0004,123,903.3892
2023-12-03,S005,P0004,137,865.21643
2023-12-04,S005,P0004,93,843.0922
2023-12-05,S005,P0004,117,807.2357
2023-12-06,S005,P0004,208,912.0276
2023-12-07,S005,P0004,100,911.6432
2023-12-08,S005,P0004,123,893.31866
2023-12-09,S005,P0004,60,838.42847
2023-12-10,S005,P0004,68,739.3561
2023-12-11,S005,P0004,140,843.1932
2023-12-12,S005,P0004,71,777.4
2023-12-13,S005,P0004,149,743.3101
2023-12-14,S005,P0004,198,848.0268
2023-12-15,S005,P0004,105,823.11804
2023-12-16,S005,P0004,122,848.9071
2023-12-17,S005,P0004,34,838.0596
2023-12-18,S005,P0004,109,781.6728
2023-12-19,S005,P0004,134,857.75757
2023-12-20,S005,P0004,166,873.49567
2023-12-21,S005,P0004,148,850.46216
2023-12-22,S005,P0004,250,963.15186
2023-12-23,S005,P0004,93,968.21716
2023-12-24,S005,P0004,252,1069.0096
2023-12-25,S005,P0004,113,1165.5557
2023-12-26,S005,P0004,116,1083.9725
2023-12-27,S005,P0004,73,954.8147
2023-12-28,S005,P0004,140,957.6045
2023-12-29,S005,P0004,37,815.2744
2023-12-30,S005,P0004,51,716.70294
2023-12-31,S005,P0004,101,619.0984
2024-01-01,S005,P0004,67,515.3063
2024-01-02,S005,P0004,81,534.8116
2024-01-03,S005,P0004,100,609.03406
2024-01-04,S005,P0004,30,491.02478
2024-01-05,S005,P0004,116,550.35126
2024-01-06,S005,P0004,81,367.0474
2024-01-07,S005,P0004,73,376.9732
2024-01-08,S005,P0004,133,602.5688
2024-01-09,S005,P0004,38,529.4868
2024-01-10,S005,P0004,68,508.6777
2024-01-11,S005,P0004,152,653.2771
2024-01-12,S005,P0004,204,703.9055
2024-01-13,S005,P0004,141,714.3196
2024-01-14,S005,P0004,122,843.43475
2024-01-15,S005,P0004,156,780.70984
2024-01-16,S005,P0004,176,1000.66583
2024-01-17,S005,P0004,125,1019.22473
2024-01-18,S005,P0004,108,1013.697
2024-01-19,S005,P0004,86,863.2084
2024-01-20,S005,P0004,158,900.26404
2024-01-21,S005,P0004,139,955.50635
2024-01-22,S005,P0004,144,869.8586
2024-01-23,S005,P0004,146,868.1892
2024-01-24,S005,P0004,145,911.983
2024-01-25,S005,P0004,143,929.3146
2024-01-26,S005,P0004,167,1011.528
2024-01-27,S005,P0004,69,806.70374
2024-01-28,S005,P0004,147,876.1474
2024-01-29,S005,P0004,87,820.88916
2024-01-30,S005,P0004,115,836.8025
2023-10-13,S005,P0005,69,541.2149
2023-10-14,S005,P0005,51,511.87784
2023-10-15,S005,P0005,102,537.3043
2023-10-16,S005,P0005,41,534.38367
2023-10-17,S005,P0005,29,449.47522
2023-10-18,S005,P0005,78,435.1787
2023-10-19,S005,P0005,80,483.5157
2023-10-20,S005,P0005,71,476.3917
2023-10-21,S005,P0005,94,501.4242
2023-10-22,S005,P0005,108,530.62946
2023-10-23,S005,P0005,111,593.0175
2023-10-24,S005,P0005,55,607.37695
2023-10-25,S005,P0005,80,609.2599
2023-10-26,S005,P0005,90,618.3028
2023-10-27,S005,P0005,115,647.2885
2023-10-28,S005,P0005,143,701.71643
2023-10-29,S005,P0005,139,768.631
2023-10-30,S005,P0005,108,729.4165
2023-10-31,S005,P0005,106,764.43524
2023-11-01,S005,P0005,115,824.3145
2023-11-02,S005,P0005,78,784.89435
2023-11-03,S005,P0005,95,782.3382
2023-11-04,S005,P0005,135,781.55536
2023-11-05,S005,P0005,147,790.09784
2023-11-06,S005,P0005,103,792.3554
2023-11-07,S005,P0005,135,801.30963
2023-11-08,S005,P0005,102,800.675
2023-11-09,S005,P0005,139,851.0989
2023-11-10,S005,P0005,88,839.3077
2023-11-11,S005,P0005,42,748.54205
2023-11-12,S005,P0005,102,714.92126
2023-11-13,S005,P0005,189,797.8922
2023-11-14,S005,P0005,165,840.5415
2023-11-15,S005,P0005,83,826.9283
2023-11-16,S005,P0005,117,781.0843
2023-11-17,S005,P0005,149,849.4328
2023-11-18,S005,P0005,93,891.48315
2023-11-19,S005,P0005,155,926.56177
2023-11-20,S005,P0005,136,907.0601
2023-11-21,S005,P0005,146,879.10004
2023-11-22,S005,P0005,79,851.60785
2023-11-23,S005,P0005,176,931.76886
2023-11-24,S005,P0005,160,941.48724
2023-11-25,S005,P0005,146,975.917
2023-11-26,S005,P0005,158,993.3853
2023-11-27,S005,P0005,236,1069.3734
2023-11-28,S005,P0005,128,1070.7802
2023-11-29,S005,P0005,96,1054.3988
2023-11-30,S005,P0005,115,981.8764
2023-12-01,S005,P0005,123,956.19446
2023-12-02,S005,P0005,140,967.79047
2023-12-03,S005,P0005,107,947.155
2023-12-04,S005,P0005,61,802.0763
2023-12-05,S005,P0005,118,785.1275
2023-12-06,S005,P0005,186,862.9078
2023-12-07,S005,P0005,120,874.2525
2023-12-08,S005,P0005,178,914.92944
2023-12-09,S005,P0005,55,849.1253
2023-12-10,S005,P0005,51,767.9267
2023-12-11,S005,P0005,58,756.8429
2023-12-12,S005,P0005,187,817.7441
2023-12-13,S005,P0005,112,790.58936
2023-12-14,S005,P0005,129,795.32745
2023-12-15,S005,P0005,93,710.7717
2023-12-16,S005,P0005,148,811.92316
2023-12-17,S005,P0005,116,852.2139
2023-12-18,S005,P0005,98,879.8079
2023-12-19,S005,P0005,109,824.2057
2023-12-20,S005,P0005,124,817.295
2023-12-21,S005,P0005,135,842.5236
2023-12-22,S005,P0005,177,901.2493
2023-12-23,S005,P0005,107,876.5468
2023-12-24,S005,P0005,114,861.44904
2023-12-25,S005,P0005,71,841.95074
2023-12-26,S005,P0005,118,832.789
2023-12-27,S005,P0005,60,763.72174
2023-12-28,S005,P0005,46,645.4181
2023-12-29,S005,P0005,87,595.1328
2023-12-30,S005,P0005,33,530.2764
2023-12-31,S005,P0005,59,475.4789
2024-01-01,S005,P0005,110,498.5819
2024-01-02,S005,P0005,75,516.6577
2024-01-03,S005,P0005,71,501.05908
2024-01-04,S005,P0005,99,514.8703
2024-01-05,S005,P0005,69,538.80133
2024-01-06,S005,P0005,45,387.18665
2024-01-07,S005,P0005,83,422.0163
2024-01-08,S005,P0005,113,494.8171
2024-01-09,S005,P0005,130,601.657
2024-01-10,S005,P0005,163,686.4554
2024-01-11,S005,P0005,85,676.2678
2024-01-12,S005,P0005,123,729.1676
2024-01-13,S005,P0005,95,670.5041
2024-01-14,S005,P0005,149,708.5177
2024-01-15,S005,P0005,104,769.68695
2024-01-16,S005,P0005,149,888.83765
2024-01-17,S005,P0005,114,786.7564
2024-01-18,S005,P0005,115,830.89923
2024-01-19,S005,P0005,141,894.0142
2024-01-20,S005,P0005,192,871.11145
2024-01-21,S005,P0005,196,984.6301
2024-01-22,S005,P0005,133,996.1465
2024-01-23,S005,P0005,108,991.9889
2024-01-24,S005,P0005,64,942.3003
2024-01-25,S005,P0005,145,956.17035
2024-01-26,S005,P0005,248,1046.9724
2024-01-27,S005,P0005,111,1025.377
2024-01-28,S005,P0005,98,815.01776
2024-01-29,S005,P0005,164,858.7916
2024-01-30,S005,P0005,113,854.8634
2023-10-13,S005,P0006,51,558.2186
2023-10-14,S005,P0006,107,583.9756
2023-10-15,S005,P0006,90,631.4747
2023-10-16,S005,P0006,61,590.025
2023-10-17,S005,P0006,117,598.0329
2023-10-18,S005,P0006,80,599.2431
2023-10-19,S005,P0006,120,635.4064
2023-10-20,S005,P0006,102,682.9336
2023-10-21,S005,P0006,63,617.25055
2023-10-22,S005,P0006,66,600.841
2023-10-23,S005,P0006,67,609.4037
2023-10-24,S005,P0006,47,536.5184
2023-10-25,S005,P0006,205,669.25287
2023-10-26,S005,P0006,142,735.8032
2023-10-27,S005,P0006,118,717.42285
2023-10-28,S005,P0006,145,785.66254
2023-10-29,S005,P0006,113,855.09534
2023-10-30,S005,P0006,143,897.3704
2023-10-31,S005,P0006,88,900.4699
2023-11-01,S005,P0006,95,824.1943
2023-11-02,S005,P0006,113,812.8771
2023-11-03,S005,P0006,90,787.1392
2023-11-04,S005,P0006,94,726.3351
2023-11-05,S005,P0006,50,679.2658
2023-11-06,S005,P0006,159,700.39777
2023-11-07,S005,P0006,46,676.9071
2023-11-08,S005,P0006,130,698.99915
2023-11-09,S005,P0006,172,765.635
2023-11-10,S005,P0006,168,831.8089
2023-11-11,S005,P0006,112,839.45074
2023-11-12,S005,P0006,143,917.51764
2023-11-13,S005,P0006,140,924.65656
2023-11-14,S005,P0006,126,947.12616
2023-11-15,S005,P0006,174,988.58057
2023-11-16,S005,P0006,158,999.63007
2023-11-17,S005,P0006,168,1006.45544
2023-11-18,S005,P0006,143,1045.9854
2023-11-19,S005,P0006,100,989.9976
2023-11-20,S005,P0006,162,1001.948
2023-11-21,S005,P0006,106,991.09424
2023-11-22,S005,P0006,178,991.0681
2023-11-23,S005,P0006,129,989.45435
2023-11-24,S005,P0006,157,977.19403
2023-11-25,S005,P0006,133,956.7523
2023-11-26,S005,P0006,112,957.0626
2023-11-27,S005,P0006,255,1065.3898
2023-11-28,S005,P0006,85,1048.8856
2023-11-29,S005,P0006,223,1026.1033
2023-11-30,S005,P0006,146,1076.9084
2023-12-01,S005,P0006,174,1067.1788
2023-12-02,S005,P0006,123,1078.6951
2023-12-03,S005,P0006,218,1176.028
2023-12-04,S005,P0006,80,1038.3883
2023-12-05,S005,P0006,173,1087.5898
2023-12-06,S005,P0006,199,1079.4946
2023-12-07,S005,P0006,230,1159.297
2023-12-08,S005,P0006,121,1117.9413
2023-12-09,S005,P0006,95,1063.9591
2023-12-10,S005,P0006,88,958.04675
2023-12-11,S005,P0006,85,968.2582
2023-12-12,S005,P0006,193,986.1055
2023-12-13,S005,P0006,175,972.76
2023-12-14,S005,P0006,131,883.9991
2023-12-15,S005,P0006,48,819.3326
2023-12-16,S005,P0006,122,841.42645
2023-12-17,S005,P0006,151,907.5258
2023-12-18,S005,P0006,123,923.6919
2023-12-19,S005,P0006,97,844.86053
2023-12-20,S005,P0006,70,753.2534
2023-12-21,S005,P0006,222,842.2385
2023-12-22,S005,P0006,133,933.19446
2023-12-23,S005,P0006,119,906.73285
2023-12-24,S005,P0006,177,914.8501
2023-12-25,S005,P0006,177,959.69855
2023-12-26,S005,P0006,157,1022.47406
2023-12-27,S005,P0006,77,1006.61487
2023-12-28,S005,P0006,112,920.9304
2023-12-29,S005,P0006,55,836.09283
2023-12-30,S005,P0006,49,741.0682
2023-12-31,S005,P0006,43,623.14746
2024-01-01,S005,P0006,74,549.039
2024-01-02,S005,P0006,37,469.4141
2024-01-03,S005,P0006,149,548.4722
2024-01-04,S005,P0006,122,572.0167
2024-01-05,S005,P0006,80,571.1004
2024-01-06,S005,P0006,90,367.13373
2024-01-07,S005,P0006,115,578.56323
2024-01-08,S005,P0006,80,696.6442
2024-01-09,S005,P0006,93,701.35645
2024-01-10,S005,P0006,116,699.19104
2024-01-11,S005,P0006,96,677.97
2024-01-12,S005,P0006,120,738.7669
2024-01-13,S005,P0006,87,556.8547
2024-01-14,S005,P0006,63,560.51276
2024-01-15,S005,P0006,118,587.09143
2024-01-16,S005,P0006,63,639.5807
2024-01-17,S005,P0006,108,631.5669
2024-01-18,S005,P0006,83,656.3832
2024-01-19,S005,P0006,73,585.01056
2024-01-20,S005,P0006,84,516.0454
2024-01-21,S005,P0006,148,672.20184
2024-01-22,S005,P0006,123,647.5186
2024-01-23,S005,P0006,134,743.5862
2024-01-24,S005,P0006,167,820.142
2024-01-25,S005,P0006,141,889.9189
2024-01-26,S005,P0006,76,848.8793
2024-01-27,S005,P0006,142,657.3306
2024-01-28,S005,P0006,112,876.9249
2024-01-29,S005,P0006,78,743.8894
2024-01-30,S005,P0006,163,837.07666
2023-10-13,S005,P0007,53,484.2047
2023-10-14,S005,P0007,45,424.97977
2023-10-15,S005,P0007,108,474.6511
2023-10-16,S005,P0007,112,530.3105
2023-10-17,S005,P0007,61,531.249
2023-10-18,S005,P0007,110,552.87213
2023-10-19,S005,P0007,91,587.24347
2023-10-20,S005,P0007,88,607.2426
2023-10-21,S005,P0007,102,650.50116
2023-10-22,S005,P0007,57,610.83276
2023-10-23,S005,P0007,86,595.36523
2023-10-24,S005,P0007,55,580.2562
2023-10-25,S005,P0007,97,576.40546
2023-10-26,S005,P0007,108,611.36975
2023-10-27,S005,P0007,196,703.7953
2023-10-28,S005,P0007,167,773.8567
2023-10-29,S005,P0007,103,825.6983
2023-10-30,S005,P0007,111,819.0282
2023-10-31,S005,P0007,40,806.96014
2023-11-01,S005,P0007,84,792.3842
2023-11-02,S005,P0007,230,887.8375
2023-11-03,S005,P0007,155,875.91187
2023-11-04,S005,P0007,69,789.3147
2023-11-05,S005,P0007,118,796.8535
2023-11-06,S005,P0007,108,804.8873
2023-11-07,S005,P0007,235,963.3771
2023-11-08,S005,P0007,142,1016.45435
2023-11-09,S005,P0007,151,950.20184
2023-11-10,S005,P0007,140,970.83813
2023-11-11,S005,P0007,139,1000.77167
2023-11-12,S005,P0007,76,970.02264
2023-11-13,S005,P0007,114,967.4559
2023-11-14,S005,P0007,113,869.35333
2023-11-15,S005,P0007,156,880.0402
2023-11-16,S005,P0007,149,873.79736
2023-11-17,S005,P0007,148,911.7984
2023-11-18,S005,P0007,124,885.42523
2023-11-19,S005,P0007,154,915.6694
2023-11-20,S005,P0007,141,969.89087
2023-11-21,S005,P0007,59,920.52875
2023-11-22,S005,P0007,179,937.72235
2023-11-23,S005,P0007,115,931.0054
2023-11-24,S005,P0007,79,845.2204
2023-11-25,S005,P0007,124,845.8514
2023-11-26,S005,P0007,100,794.8639
2023-11-27,S005,P0007,133,798.76886
2023-11-28,S005,P0007,86,810.8246
2023-11-29,S005,P0007,130,781.9482
2023-11-30,S005,P0007,62,732.4469
2023-12-01,S005,P0007,102,755.7301
2023-12-02,S005,P0007,95,742.43866
2023-12-03,S005,P0007,131,746.026
2023-12-04,S005,P0007,100,715.20264
2023-12-05,S005,P0007,58,678.3591
2023-12-06,S005,P0007,205,783.84235
2023-12-07,S005,P0007,142,869.1394
2023-12-08,S005,P0007,151,889.7019
2023-12-09,S005,P0007,74,841.70264
2023-12-10,S005,P0007,124,831.70215
2023-12-11,S005,P0007,46,781.76544
2023-12-12,S005,P0007,156,873.3873
2023-12-13,S005,P0007,158,848.0889
2023-12-14,S005,P0007,46,750.07117
2023-12-15,S005,P0007,73,683.35376
2023-12-16,S005,P0007,111,724.84515
2023-12-17,S005,P0007,126,737.0036
2023-12-18,S005,P0007,172,853.71185
2023-12-19,S005,P0007,144,848.95844
2023-12-20,S005,P0007,151,834.4708
2023-12-21,S005,P0007,101,874.65125
2023-12-22,S005,P0007,169,940.23804
2023-12-23,S005,P0007,130,991.2223
2023-12-24,S005,P0007,162,999.8022
2023-12-25,S005,P0007,42,881.2666
2023-12-26,S005,P0007,49,792.60693
2023-12-27,S005,P0007,91,705.7634
2023-12-28,S005,P0007,65,691.06915
2023-12-29,S005,P0007,86,622.61676
2023-12-30,S005,P0007,62,574.1459
2023-12-31,S005,P0007,69,496.22217
2024-01-01,S005,P0007,116,546.0872
2024-01-02,S005,P0007,60,551.5587
2024-01-03,S005,P0007,88,559.69147
2024-01-04,S005,P0007,111,614.30225
2024-01-05,S005,P0007,70,588.4607
2024-01-06,S005,P0007,80,507.22342
2024-01-07,S005,P0007,53,496.7377
2024-01-08,S005,P0007,56,469.13412
2024-01-09,S005,P0007,111,542.95276
2024-01-10,S005,P0007,154,618.18036
2024-01-11,S005,P0007,126,663.84906
2024-01-12,S005,P0007,105,682.6461
2024-01-13,S005,P0007,196,804.09534
2024-01-14,S005,P0007,143,807.2748
2024-01-15,S005,P0007,95,840.85986
2024-01-16,S005,P0007,195,983.9226
2024-01-17,S005,P0007,90,934.84
2024-01-18,S005,P0007,138,942.17017
2024-01-19,S005,P0007,51,884.6579
2024-01-20,S005,P0007,81,686.4258
2024-01-21,S005,P0007,142,665.7306
2024-01-22,S005,P0007,80,674.8978
2024-01-23,S005,P0007,65,653.68036
2024-01-24,S005,P0007,56,610.4381
2024-01-25,S005,P0007,37,530.91797
2024-01-26,S005,P0007,99,558.08966
2024-01-27,S005,P0007,92,511.9186
2024-01-28,S005,P0007,96,386.13266
2024-01-29,S005,P0007,133,517.49066
2024-01-30,S005,P0007,56,564.08325
2023-10-13,S005,P0008,85,524.2504
2023-10-14,S005,P0008,82,558.2723
2023-10-15,S005,P0008,91,549.7347
2023-10-16,S005,P0008,62,529.2592
2023-10-17,S005,P0008,103,567.9674
2023-10-18,S005,P0008,90,568.5843
2023-10-19,S005,P0008,91,605.2129
2023-10-20,S005,P0008,104,627.8054
2023-10-21,S005,P0008,88,631.0137
2023-10-22,S005,P0008,72,598.7946
2023-10-23,S005,P0008,82,622.48975
2023-10-24,S005,P0008,51,562.093
2023-10-25,S005,P0008,105,603.25006
2023-10-26,S005,P0008,106,631.07007
2023-10-27,S005,P0008,200,682.3783
2023-10-28,S005,P0008,179,812.62524
2023-10-29,S005,P0008,119,861.5642
2023-10-30,S005,P0008,96,836.62103
2023-10-31,S005,P0008,85,833.9466
2023-11-01,S005,P0008,113,866.6188
2023-11-02,S005,P0008,104,868.18744
2023-11-03,S005,P0008,188,859.9608
2023-11-04,S005,P0008,145,873.32654
2023-11-05,S005,P0008,90,821.0512
2023-11-06,S005,P0008,66,771.3812
2023-11-07,S005,P0008,130,825.48883
2023-11-08,S005,P0008,130,845.80225
2023-11-09,S005,P0008,198,939.92334
2023-11-10,S005,P0008,150,941.7624
2023-11-11,S005,P0008,67,833.0909
2023-11-12,S005,P0008,122,833.34155
2023-11-13,S005,P0008,146,903.83636
2023-11-14,S005,P0008,99,907.74304
2023-11-15,S005,P0008,114,880.0357
2023-11-16,S005,P0008,162,863.2665
2023-11-17,S005,P0008,143,865.48596
2023-11-18,S005,P0008,112,880.9585
2023-11-19,S005,P0008,107,863.42505
2023-11-20,S005,P0008,88,827.9192
2023-11-21,S005,P0008,105,822.29504
2023-11-22,S005,P0008,57,767.1932
2023-11-23,S005,P0008,126,734.098
2023-11-24,S005,P0008,218,830.9991
2023-11-25,S005,P0008,43,777.35944
2023-11-26,S005,P0008,97,737.60474
2023-11-27,S005,P0008,140,795.585
2023-11-28,S005,P0008,88,778.53546
2023-11-29,S005,P0008,101,804.74225
2023-11-30,S005,P0008,79,767.7595
2023-12-01,S005,P0008,165,757.3621
2023-12-02,S005,P0008,110,804.11053
2023-12-03,S005,P0008,134,833.5951
2023-12-04,S005,P0008,115,797.84296
2023-12-05,S005,P0008,212,907.6814
2023-12-06,S005,P0008,172,981.00867
2023-12-07,S005,P0008,189,1078.1495
2023-12-08,S005,P0008,54,983.0612
2023-12-09,S005,P0008,96,941.2925
2023-12-10,S005,P0008,110,926.8951
2023-12-11,S005,P0008,35,861.54596
2023-12-12,S005,P0008,237,863.7402
2023-12-13,S005,P0008,103,855.8026
2023-12-14,S005,P0008,182,844.0839
2023-12-15,S005,P0008,37,841.92944
2023-12-16,S005,P0008,159,846.57007
2023-12-17,S005,P0008,122,891.4869
2023-12-18,S005,P0008,180,956.54443
2023-12-19,S005,P0008,139,903.0779
2023-12-20,S005,P0008,119,937.1294
2023-12-21,S005,P0008,82,824.04285
2023-12-22,S005,P0008,179,953.1486
2023-12-23,S005,P0008,158,999.1835
2023-12-24,S005,P0008,127,965.515
2023-12-25,S005,P0008,71,876.1208
2023-12-26,S005,P0008,210,934.8351
2023-12-27,S005,P0008,84,892.7562
2023-12-28,S005,P0008,66,832.86206
2023-12-29,S005,P0008,113,800.35864
2023-12-30,S005,P0008,54,695.75745
2023-12-31,S005,P0008,101,682.9542
2024-01-01,S005,P0008,28,581.6086
2024-01-02,S005,P0008,75,491.53745
2024-01-03,S005,P0008,172,628.14984
2024-01-04,S005,P0008,88,676.4564
2024-01-05,S005,P0008,81,624.0358
2024-01-06,S005,P0008,87,468.03235
2024-01-07,S005,P0008,90,483.62125
2024-01-08,S005,P0008,55,548.9031
2024-01-09,S005,P0008,129,689.3893
2024-01-10,S005,P0008,78,634.14905
2024-01-11,S005,P0008,236,749.34924
2024-01-12,S005,P0008,134,817.50525
2024-01-13,S005,P0008,132,690.7281
2024-01-14,S005,P0008,101,737.4552
2024-01-15,S005,P0008,131,825.2433
2024-01-16,S005,P0008,145,978.0501
2024-01-17,S005,P0008,133,993.83185
2024-01-18,S005,P0008,132,916.20087
2024-01-19,S005,P0008,168,900.8408
2024-01-20,S005,P0008,127,852.0447
2024-01-21,S005,P0008,162,850.0926
2024-01-22,S005,P0008,193,1014.10657
2024-01-23,S005,P0008,139,1048.4359
2024-01-24,S005,P0008,146,1022.2132
2024-01-25,S005,P0008,148,1063.0128
2024-01-26,S005,P0008,122,1032.3868
2024-01-27,S005,P0008,119,920.909
2024-01-28,S005,P0008,133,858.24493
2024-01-29,S005,P0008,169,923.2324
2024-01-30,S005,P0008,81,891.70013
2023-10-13,S005,P0009,38,553.95483
2023-10-14,S005,P0009,31,522.5107
2023-10-15,S005,P0009,86,482.3304
2023-10-16,S005,P0009,93,505.428
2023-10-17,S005,P0009,75,502.05408
2023-10-18,S005,P0009,115,507.52448
2023-10-19,S005,P0009,109,574.4508
2023-10-20,S005,P0009,80,598.40955
2023-10-21,S005,P0009,139,673.1172
2023-10-22,S005,P0009,98,700.265
2023-10-23,S005,P0009,78,682.7414
2023-10-24,S005,P0009,46,642.7831
2023-10-25,S005,P0009,190,712.8019
2023-10-26,S005,P0009,122,765.0099
2023-10-27,S005,P0009,133,801.45886
2023-10-28,S005,P0009,220,851.2295
2023-10-29,S005,P0009,171,970.6932
2023-10-30,S005,P0009,81,929.72864
2023-10-31,S005,P0009,118,1013.8002
2023-11-01,S005,P0009,110,942.2415
2023-11-02,S005,P0009,161,977.7811
2023-11-03,S005,P0009,74,938.2132
2023-11-04,S005,P0009,58,758.8541
2023-11-05,S005,P0009,139,746.807
2023-11-06,S005,P0009,98,773.2428
2023-11-07,S005,P0009,80,736.3822
2023-11-08,S005,P0009,125,748.8084
2023-11-09,S005,P0009,146,747.28876
2023-11-10,S005,P0009,103,756.0164
2023-11-11,S005,P0009,87,775.0438
2023-11-12,S005,P0009,50,670.2218
2023-11-13,S005,P0009,67,659.0029
2023-11-14,S005,P0009,186,747.69574
2023-11-15,S005,P0009,42,692.66864
2023-11-16,S005,P0009,129,671.4758
2023-11-17,S005,P0009,112,689.5407
2023-11-18,S005,P0009,158,749.9298
2023-11-19,S005,P0009,99,798.2227
2023-11-20,S005,P0009,103,808.4797
2023-11-21,S005,P0009,105,755.4134
2023-11-22,S005,P0009,121,813.7227
2023-11-23,S005,P0009,96,792.7343
2023-11-24,S005,P0009,135,798.17694
2023-11-25,S005,P0009,138,825.8525
2023-11-26,S005,P0009,122,815.8517
2023-11-27,S005,P0009,123,825.6991
2023-11-28,S005,P0009,119,851.49756
2023-11-29,S005,P0009,129,850.64264
2023-11-30,S005,P0009,111,853.86896
2023-12-01,S005,P0009,275,1025.7787
2023-12-02,S005,P0009,130,1005.7405
2023-12-03,S005,P0009,154,1030.9957
2023-12-04,S005,P0009,147,1034.081
2023-12-05,S005,P0009,69,994.66675
2023-12-06,S005,P0009,199,1079.5035
2023-12-07,S005,P0009,171,1123.6592
2023-12-08,S005,P0009,175,1014.5815
2023-12-09,S005,P0009,158,1054.3898
2023-12-10,S005,P0009,124,1022.31055
2023-12-11,S005,P0009,68,934.4523
2023-12-12,S005,P0009,160,994.86597
2023-12-13,S005,P0009,251,1054.6543
2023-12-14,S005,P0009,124,1050.7487
2023-12-15,S005,P0009,111,954.5124
2023-12-16,S005,P0009,83,907.605
2023-12-17,S005,P0009,179,990.4013
2023-12-18,S005,P0009,262,1156.3042
2023-12-19,S005,P0009,151,1156.254
2023-12-20,S005,P0009,96,968.05835
2023-12-21,S005,P0009,148,1010.785
2023-12-22,S005,P0009,118,1005.47375
2023-12-23,S005,P0009,115,1016.05725
2023-12-24,S005,P0009,117,974.10675
2023-12-25,S005,P0009,66,824.3706
2023-12-26,S005,P0009,86,731.93176
2023-12-27,S005,P0009,102,747.6244
2023-12-28,S005,P0009,92,698.13916
2023-12-29,S005,P0009,110,710.8005
2023-12-30,S005,P0009,49,619.37604
2023-12-31,S005,P0009,65,581.41833
2024-01-01,S005,P0009,90,519.0061
2024-01-02,S005,P0009,77,560.1003
2024-01-03,S005,P0009,26,459.31424
2024-01-04,S005,P0009,72,413.75754
2024-01-05,S005,P0009,62,437.25958
2024-01-06,S005,P0009,100,514.78613
2024-01-07,S005,P0009,62,392.01294
2024-01-08,S005,P0009,71,449.75748
2024-01-09,S005,P0009,75,519.7835
2024-01-10,S005,P0009,105,526.03455
2024-01-11,S005,P0009,115,613.727
2024-01-12,S005,P0009,219,713.9448
2024-01-13,S005,P0009,170,693.48694
2024-01-14,S005,P0009,136,839.1902
2024-01-15,S005,P0009,103,847.49554
2024-01-16,S005,P0009,70,897.37897
2024-01-17,S005,P0009,128,926.91846
2024-01-18,S005,P0009,159,957.71094
2024-01-19,S005,P0009,90,891.44275
2024-01-20,S005,P0009,225,860.60693
2024-01-21,S005,P0009,148,939.43805
2024-01-22,S005,P0009,137,867.02673
2024-01-23,S005,P0009,59,925.7802
2024-01-24,S005,P0009,140,980.0268
2024-01-25,S005,P0009,112,918.87164
2024-01-26,S005,P0009,62,845.13477
2024-01-27,S005,P0009,92,591.68933
2024-01-28,S005,P0009,98,576.9849
2024-01-29,S005,P0009,67,564.85016
2024-01-30,S005,P0009,94,659.2538
2023-10-13,S005,P0010,53,525.7299
2023-10-14,S005,P0010,87,528.569
2023-10-15,S005,P0010,35,495.73224
2023-10-16,S005,P0010,87,449.59732
2023-10-17,S005,P0010,86,516.9595
2023-10-18,S005,P0010,128,582.2874
2023-10-19,S005,P0010,72,587.80164
2023-10-20,S005,P0010,71,559.3043
2023-10-21,S005,P0010,154,635.89264
2023-10-22,S005,P0010,87,698.1985
2023-10-23,S005,P0010,31,592.9372
2023-10-24,S005,P0010,80,603.9565
2023-10-25,S005,P0010,181,694.61896
2023-10-26,S005,P0010,108,761.51825
2023-10-27,S005,P0010,104,769.271
2023-10-28,S005,P0010,207,797.8798
2023-10-29,S005,P0010,100,840.913
2023-10-30,S005,P0010,61,834.906
2023-10-31,S005,P0010,202,936.23944
2023-11-01,S005,P0010,135,915.77686
2023-11-02,S005,P0010,175,966.1773
2023-11-03,S005,P0010,124,993.2924
2023-11-04,S005,P0010,66,869.4747
2023-11-05,S005,P0010,139,888.7839
2023-11-06,S005,P0010,83,900.28546
2023-11-07,S005,P0010,135,833.81793
2023-11-08,S005,P0010,160,894.7532
2023-11-09,S005,P0010,100,833.70355
2023-11-10,S005,P0010,131,811.23785
2023-11-11,S005,P0010,92,838.3561
2023-11-12,S005,P0010,159,875.1969
2023-11-13,S005,P0010,106,873.09827
2023-11-14,S005,P0010,109,855.72595
2023-11-15,S005,P0010,142,851.2597
2023-11-16,S005,P0010,78,810.1849
2023-11-17,S005,P0010,103,788.34424
2023-11-18,S005,P0010,117,820.45233
2023-11-19,S005,P0010,297,949.631
2023-11-20,S005,P0010,95,941.9404
2023-11-21,S005,P0010,133,942.4785
2023-11-22,S005,P0010,206,1009.9655
2023-11-23,S005,P0010,99,1007.5433
2023-11-24,S005,P0010,90,1002.3977
2023-11-25,S005,P0010,89,980.5999
2023-11-26,S005,P0010,209,928.68536
2023-11-27,S005,P0010,149,967.9224
2023-11-28,S005,P0010,52,877.91895
2023-11-29,S005,P0010,108,791.23834
2023-11-30,S005,P0010,78,778.9382
2023-12-01,S005,P0010,191,873.37555
2023-12-02,S005,P0010,30,831.14294
2023-12-03,S005,P0010,131,740.0427
2023-12-04,S005,P0010,111,717.6085
2023-12-05,S005,P0010,78,761.6197
2023-12-06,S005,P0010,61,693.9367
2023-12-07,S005,P0010,125,733.3971
2023-12-08,S005,P0010,124,707.21576
2023-12-09,S005,P0010,118,776.4958
2023-12-10,S005,P0010,134,763.56604
2023-12-11,S005,P0010,52,703.31525
2023-12-12,S005,P0010,175,787.4266
2023-12-13,S005,P0010,68,795.24774
2023-12-14,S005,P0010,201,865.9667
2023-12-15,S005,P0010,75,833.81476
2023-12-16,S005,P0010,56,731.4152
2023-12-17,S005,P0010,131,749.6083
2023-12-18,S005,P0010,104,823.79846
2023-12-19,S005,P0010,179,819.52563
2023-12-20,S005,P0010,113,881.16113
2023-12-21,S005,P0010,180,834.9703
2023-12-22,S005,P0010,152,928.58453
2023-12-23,S005,P0010,104,933.3649
2023-12-24,S005,P0010,199,1006.9362
2023-12-25,S005,P0010,190,1131.2628
2023-12-26,S005,P0010,111,1046.0514
2023-12-27,S005,P0010,112,990.50854
2023-12-28,S005,P0010,69,904.08826
2023-12-29,S005,P0010,51,780.23737
2023-12-30,S005,P0010,35,695.3136
2023-12-31,S005,P0010,44,559.30304
2024-01-01,S005,P0010,100,548.59796
2024-01-02,S005,P0010,30,458.77014
2024-01-03,S005,P0010,66,389.5888
2024-01-04,S005,P0010,113,449.87244
2024-01-05,S005,P0010,47,466.20828
2024-01-06,S005,P0010,124,456.02133
2024-01-07,S005,P0010,116,617.3525
2024-01-08,S005,P0010,59,496.21387
2024-01-09,S005,P0010,114,634.681
2024-01-10,S005,P0010,84,674.8335
2024-01-11,S005,P0010,122,664.5726
2024-01-12,S005,P0010,152,769.50665
2024-01-13,S005,P0010,94,593.50964
2024-01-14,S005,P0010,121,611.0128
2024-01-15,S005,P0010,108,652.0693
2024-01-16,S005,P0010,126,815.1533
2024-01-17,S005,P0010,175,910.8181
2024-01-18,S005,P0010,106,885.3556
2024-01-19,S005,P0010,78,778.053
2024-01-20,S005,P0010,162,708.26996
2024-01-21,S005,P0010,108,876.8637
2024-01-22,S005,P0010,160,810.779
2024-01-23,S005,P0010,102,873.15686
2024-01-24,S005,P0010,153,871.521
2024-01-25,S005,P0010,76,832.0745
2024-01-26,S005,P0010,29,709.9212
2024-01-27,S005,P0010,108,681.75415
2024-01-28,S005,P0010,87,496.48584
2024-01-29,S005,P0010,90,567.1174
2024-01-30,S005,P0010,78,593.31824
2023-10-13,S005,P0011,40,275.72253
2023-10-14,S005,P0011,44,284.56445
2023-10-15,S005,P0011,64,318.4354
2023-10-16,S005,P0011,58,340.06693
2023-10-17,S005,P0011,88,396.2609
2023-10-18,S005,P0011,43,391.19437
2023-10-19,S005,P0011,49,383.47565
2023-10-20,S005,P0011,46,384.7504
2023-10-21,S005,P0011,114,442.21173
2023-10-22,S005,P0011,80,492.25656
2023-10-23,S005,P0011,65,482.6097
2023-10-24,S005,P0011,40,476.12912
2023-10-25,S005,P0011,111,529.747
2023-10-26,S005,P0011,66,544.9787
2023-10-27,S005,P0011,116,615.8122
2023-10-28,S005,P0011,85,583.98267
2023-10-29,S005,P0011,72,569.98834
2023-10-30,S005,P0011,97,586.4196
2023-10-31,S005,P0011,69,613.1511
2023-11-01,S005,P0011,139,658.3776
2023-11-02,S005,P0011,151,733.7752
2023-11-03,S005,P0011,114,727.7644
2023-11-04,S005,P0011,110,726.49164
2023-11-05,S005,P0011,75,742.7978
2023-11-06,S005,P0011,121,784.2156
2023-11-07,S005,P0011,119,815.56537
2023-11-08,S005,P0011,143,814.42474
2023-11-09,S005,P0011,87,774.49304
2023-11-10,S005,P0011,53,710.449
2023-11-11,S005,P0011,73,662.75867
2023-11-12,S005,P0011,78,675.9262
2023-11-13,S005,P0011,130,675.09937
2023-11-14,S005,P0011,59,630.2611
2023-11-15,S005,P0011,99,596.2997
2023-11-16,S005,P0011,71,584.73334
2023-11-17,S005,P0011,158,673.6875
2023-11-18,S005,P0011,131,745.6585
2023-11-19,S005,P0011,100,750.2179
2023-11-20,S005,P0011,77,692.1935
2023-11-21,S005,P0011,149,769.4619
2023-11-22,S005,P0011,78,769.84436
2023-11-23,S005,P0011,67,743.82446
2023-11-24,S005,P0011,136,731.9021
2023-11-25,S005,P0011,128,745.7055
2023-11-26,S005,P0011,170,818.7056
2023-11-27,S005,P0011,45,769.45685
2023-11-28,S005,P0011,73,686.27246
2023-11-29,S005,P0011,126,740.11285
2023-11-30,S005,P0011,124,812.4712
2023-12-01,S005,P0011,51,703.91046
2023-12-02,S005,P0011,67,653.9648
2023-12-03,S005,P0011,59,583.87286
2023-12-04,S005,P0011,120,628.8101
2023-12-05,S005,P0011,114,674.8438
2023-12-06,S005,P0011,151,709.64984
2023-12-07,S005,P0011,94,688.5002
2023-12-08,S005,P0011,117,718.67194
2023-12-09,S005,P0011,88,754.92804
2023-12-10,S005,P0011,44,728.86804
2023-12-11,S005,P0011,112,720.3548
2023-12-12,S005,P0011,81,694.04126
2023-12-13,S005,P0011,129,685.95526
2023-12-14,S005,P0011,92,685.3586
2023-12-15,S005,P0011,132,690.1769
2023-12-16,S005,P0011,130,726.34674
2023-12-17,S005,P0011,41,702.55493
2023-12-18,S005,P0011,101,701.2874
2023-12-19,S005,P0011,166,818.0788
2023-12-20,S005,P0011,81,751.7837
2023-12-21,S005,P0011,114,751.04175
2023-12-22,S005,P0011,33,672.9444
2023-12-23,S005,P0011,106,661.4642
2023-12-24,S005,P0011,63,695.4553
2023-12-25,S005,P0011,121,689.6039
2023-12-26,S005,P0011,134,676.2505
2023-12-27,S005,P0011,70,651.1137
2023-12-28,S005,P0011,50,567.5137
2023-12-29,S005,P0011,4,523.56525
2023-12-30,S005,P0011,40,442.02475
2023-12-31,S005,P0011,42,418.419
2024-01-01,S005,P0011,40,298.8509
2024-01-02,S005,P0011,71,250.55635
2024-01-03,S005,P0011,43,323.48102
2024-01-04,S005,P0011,57,328.69296
2024-01-05,S005,P0011,74,294.8572
2024-01-06,S005,P0011,30,373.10693
2024-01-07,S005,P0011,33,294.14722
2024-01-08,S005,P0011,40,313.11755
2024-01-09,S005,P0011,95,428.5125
2024-01-10,S005,P0011,45,429.64633
2024-01-11,S005,P0011,111,508.9108
2024-01-12,S005,P0011,103,510.6885
2024-01-13,S005,P0011,177,598.58307
2024-01-14,S005,P0011,44,457.4134
2024-01-15,S005,P0011,194,674.2532
2024-01-16,S005,P0011,89,797.0663
2024-01-17,S005,P0011,171,842.37866
2024-01-18,S005,P0011,93,900.48926
2024-01-19,S005,P0011,111,850.5191
2024-01-20,S005,P0011,172,811.51495
2024-01-21,S005,P0011,81,788.0034
2024-01-22,S005,P0011,81,714.47565
2024-01-23,S005,P0011,104,771.5107
2024-01-24,S005,P0011,74,702.7072
2024-01-25,S005,P0011,85,693.2477
2024-01-26,S005,P0011,118,691.56006
2024-01-27,S005,P0011,89,454.65625
2024-01-28,S005,P0011,112,467.92178
2024-01-29,S005,P0011,51,534.0269
2024-01-30,S005,P0011,74,596.3795
2023-10-13,S005,P0012,57,280.77905
2023-10-14,S005,P0012,33,263.4781
2023-10-15,S005,P0012,37,245.4521
2023-10-16,S005,P0012,28,249.14186
2023-10-17,S005,P0012,46,272.30194
2023-10-18,S005,P0012,31,270.95807
2023-10-19,S005,P0012,43,269.253
2023-10-20,S005,P0012,53,273.76422
2023-10-21,S005,P0012,60,299.43542
2023-10-22,S005,P0012,23,280.7501
2023-10-23,S005,P0012,10,259.33853
2023-10-24,S005,P0012,37,258.45062
2023-10-25,S005,P0012,64,347.78506
2023-10-26,S005,P0012,87,390.97833
2023-10-27,S005,P0012,98,443.6391
2023-10-28,S005,P0012,66,420.07547
2023-10-29,S005,P0012,102,522.2985
2023-10-30,S005,P0012,43,512.33307
2023-10-31,S005,P0012,35,477.15253
2023-11-01,S005,P0012,110,553.3318
2023-11-02,S005,P0012,77,552.4222
2023-11-03,S005,P0012,43,491.35553
2023-11-04,S005,P0012,114,524.7576
2023-11-05,S005,P0012,110,559.1935
2023-11-06,S005,P0012,101,593.5192
2023-11-07,S005,P0012,66,609.66833
2023-11-08,S005,P0012,62,555.893
2023-11-09,S005,P0012,60,549.9039
2023-11-10,S005,P0012,78,584.5645
2023-11-11,S005,P0012,73,545.3196
2023-11-12,S005,P0012,42,486.20383
2023-11-13,S005,P0012,48,437.1229
2023-11-14,S005,P0012,100,476.32626
2023-11-15,S005,P0012,37,461.5277
2023-11-16,S005,P0012,75,458.35156
2023-11-17,S005,P0012,79,475.24826
2023-11-18,S005,P0012,134,544.4388
2023-11-19,S005,P0012,130,608.9743
2023-11-20,S005,P0012,86,629.4279
2023-11-21,S005,P0012,148,661.1682
2023-11-22,S005,P0012,151,793.54974
2023-11-23,S005,P0012,133,849.93524
2023-11-24,S005,P0012,108,861.8367
2023-11-25,S005,P0012,90,803.71796
2023-11-26,S005,P0012,93,794.5861
2023-11-27,S005,P0012,98,793.8936
2023-11-28,S005,P0012,55,695.99615
2023-11-29,S005,P0012,111,678.6432
2023-11-30,S005,P0012,119,692.70825
2023-12-01,S005,P0012,72,641.899
2023-12-02,S005,P0012,151,702.4312
2023-12-03,S005,P0012,103,727.75995
2023-12-04,S005,P0012,101,711.0287
2023-12-05,S005,P0012,57,705.4144
2023-12-06,S005,P0012,83,676.4784
2023-12-07,S005,P0012,92,653.65094
2023-12-08,S005,P0012,58,635.13367
2023-12-09,S005,P0012,82,588.39374
2023-12-10,S005,P0012,82,563.278
2023-12-11,S005,P0012,140,625.0262
2023-12-12,S005,P0012,92,634.51746
2023-12-13,S005,P0012,95,644.7905
2023-12-14,S005,P0012,56,604.1759
2023-12-15,S005,P0012,77,642.87897
2023-12-16,S005,P0012,53,589.1208
2023-12-17,S005,P0012,121,641.89355
2023-12-18,S005,P0012,86,583.43195
2023-12-19,S005,P0012,94,588.6573
2023-12-20,S005,P0012,69,561.15283
2023-12-21,S005,P0012,65,570.1042
2023-12-22,S005,P0012,91,568.3757
2023-12-23,S005,P0012,96,609.9336
2023-12-24,S005,P0012,62,563.91833
2023-12-25,S005,P0012,67,550.67126
2023-12-26,S005,P0012,85,537.7778
2023-12-27,S005,P0012,44,508.41095
2023-12-28,S005,P0012,41,453.61264
2023-12-29,S005,P0012,51,438.87772
2023-12-30,S005,P0012,15,356.8784
2023-12-31,S005,P0012,32,311.87863
2024-01-01,S005,P0012,19,252.95618
2024-01-02,S005,P0012,22,218.85774
2024-01-03,S005,P0012,18,195.10353
2024-01-04,S005,P0012,38,193.58328
2024-01-05,S005,P0012,49,223.86652
2024-01-06,S005,P0012,46,195.673
2024-01-07,S005,P0012,61,254.56711
2024-01-08,S005,P0012,54,248.15825
2024-01-09,S005,P0012,91,396.9742
2024-01-10,S005,P0012,96,454.09677
2024-01-11,S005,P0012,73,473.24823
2024-01-12,S005,P0012,83,514.6632
2024-01-13,S005,P0012,102,498.80383
2024-01-14,S005,P0012,57,418.55734
2024-01-15,S005,P0012,132,496.30484
2024-01-16,S005,P0012,72,592.174
2024-01-17,S005,P0012,112,615.5783
2024-01-18,S005,P0012,123,682.2999
2024-01-19,S005,P0012,63,640.9144
2024-01-20,S005,P0012,105,518.8709
2024-01-21,S005,P0012,96,578.00714
2024-01-22,S005,P0012,123,692.7358
2024-01-23,S005,P0012,110,723.0489
2024-01-24,S005,P0012,60,631.8639
2024-01-25,S005,P0012,4,598.0161
2024-01-26,S005,P0012,65,543.1829
2024-01-27,S005,P0012,66,376.45557
2024-01-28,S005,P0012,96,443.34918
2024-01-29,S005,P0012,71,434.99374
2024-01-30,S005,P0012,54,432.86447
2023-10-13,S005,P0013,95,611.19574
2023-10-14,S005,P0013,79,556.57526
2023-10-15,S005,P0013,27,499.7222
2023-10-16,S005,P0013,112,541.11804
2023-10-17,S005,P0013,173,701.5283
2023-10-18,S005,P0013,73,694.8945
2023-10-19,S005,P0013,90,620.4322
2023-10-20,S005,P0013,102,657.80615
2023-10-21,S005,P0013,84,668.4664
2023-10-22,S005,P0013,81,700.1884
2023-10-23,S005,P0013,108,686.3379
2023-10-24,S005,P0013,65,607.7806
2023-10-25,S005,P0013,159,689.72095
2023-10-26,S005,P0013,43,633.0221
2023-10-27,S005,P0013,138,671.03815
2023-10-28,S005,P0013,71,690.04
2023-10-29,S005,P0013,88,679.70703
2023-10-30,S005,P0013,138,710.1917
2023-10-31,S005,P0013,138,786.8558
2023-11-01,S005,P0013,140,751.471
2023-11-02,S005,P0013,146,873.0567
2023-11-03,S005,P0013,120,840.24927
2023-11-04,S005,P0013,100,846.04846
2023-11-05,S005,P0013,167,912.64185
2023-11-06,S005,P0013,109,919.3569
2023-11-07,S005,P0013,81,848.9653
2023-11-08,S005,P0013,42,741.0968
2023-11-09,S005,P0013,101,725.10034
2023-11-10,S005,P0013,148,756.3229
2023-11-11,S005,P0013,140,800.1159
2023-11-12,S005,P0013,85,713.1779
2023-11-13,S005,P0013,89,696.11505
2023-11-14,S005,P0013,150,764.4079
2023-11-15,S005,P0013,96,808.25104
2023-11-16,S005,P0013,134,836.5545
2023-11-17,S005,P0013,30,725.4085
2023-11-18,S005,P0013,95,670.5178
2023-11-19,S005,P0013,39,649.90466
2023-11-20,S005,P0013,74,629.3886
2023-11-21,S005,P0013,102,599.5588
2023-11-22,S005,P0013,66,563.0078
2023-11-23,S005,P0013,116,567.0871
2023-11-24,S005,P0013,59,573.7555
2023-11-25,S005,P0013,72,553.54816
2023-11-26,S005,P0013,116,626.5305
2023-11-27,S005,P0013,125,674.895
2023-11-28,S005,P0013,122,658.6269
2023-11-29,S005,P0013,118,737.15857
2023-11-30,S005,P0013,161,761.5452
2023-12-01,S005,P0013,160,880.95874
2023-12-02,S005,P0013,258,1043.6669
2023-12-03,S005,P0013,104,1039.3595
2023-12-04,S005,P0013,127,996.37146
2023-12-05,S005,P0013,161,1049.6954
2023-12-06,S005,P0013,122,1078.4338
2023-12-07,S005,P0013,96,987.80237
2023-12-08,S005,P0013,122,973.8003
2023-12-09,S005,P0013,123,890.9324
2023-12-10,S005,P0013,119,863.25867
2023-12-11,S005,P0013,134,871.14435
2023-12-12,S005,P0013,89,815.72833
2023-12-13,S005,P0013,128,816.70966
2023-12-14,S005,P0013,175,892.7471
2023-12-15,S005,P0013,104,878.15216
2023-12-16,S005,P0013,35,778.637
2023-12-17,S005,P0013,208,887.8306
2023-12-18,S005,P0013,134,885.69403
2023-12-19,S005,P0013,199,916.768
2023-12-20,S005,P0013,134,999.0595
2023-12-21,S005,P0013,129,931.9944
2023-12-22,S005,P0013,157,988.78156
2023-12-23,S005,P0013,133,1056.789
2023-12-24,S005,P0013,115,965.98145
2023-12-25,S005,P0013,103,949.15894
2023-12-26,S005,P0013,145,908.644
2023-12-27,S005,P0013,47,814.9809
2023-12-28,S005,P0013,49,705.6829
2023-12-29,S005,P0013,92,668.6708
2023-12-30,S005,P0013,36,581.6708
2023-12-31,S005,P0013,89,557.88367
2024-01-01,S005,P0013,38,444.82114
2024-01-02,S005,P0013,84,445.20404
2024-01-03,S005,P0013,100,495.93588
2024-01-04,S005,P0013,64,525.60034
2024-01-05,S005,P0013,92,520.43756
2024-01-06,S005,P0013,77,477.38837
2024-01-07,S005,P0013,63,503.43002
2024-01-08,S005,P0013,85,475.50443
2024-01-09,S005,P0013,59,537.0218
2024-01-10,S005,P0013,121,567.00104
2024-01-11,S005,P0013,121,627.96265
2024-01-12,S005,P0013,87,610.98315
2024-01-13,S005,P0013,49,432.3702
2024-01-14,S005,P0013,112,518.44904
2024-01-15,S005,P0013,97,558.2007
2024-01-16,S005,P0013,104,679.8165
2024-01-17,S005,P0013,229,847.5172
2024-01-18,S005,P0013,155,891.9683
2024-01-19,S005,P0013,92,828.5824
2024-01-20,S005,P0013,205,886.02527
2024-01-21,S005,P0013,107,900.42786
2024-01-22,S005,P0013,143,970.6083
2024-01-23,S005,P0013,101,1029.6448
2024-01-24,S005,P0013,163,936.688
2024-01-25,S005,P0013,151,947.1821
2024-01-26,S005,P0013,127,964.0102
2024-01-27,S005,P0013,175,868.7315
2024-01-28,S005,P0013,116,908.7948
2024-01-29,S005,P0013,142,898.70264
2024-01-30,S005,P0013,97,937.15466
2023-10-13,S005,P0014,37,312.97107
2023-10-14,S005,P0014,36,303.76202
2023-10-15,S005,P0014,23,267.99744
2023-10-16,S005,P0014,28,245.48093
2023-10-17,S005,P0014,63,259.5455
2023-10-18,S005,P0014,54,304.69424
2023-10-19,S005,P0014,82,328.0285
2023-10-20,S005,P0014,38,333.83734
2023-10-21,S005,P0014,24,295.26086
2023-10-22,S005,P0014,55,326.48892
2023-10-23,S005,P0014,46,337.09824
2023-10-24,S005,P0014,25,308.00134
2023-10-25,S005,P0014,66,387.2388
2023-10-26,S005,P0014,72,383.28598
2023-10-27,S005,P0014,117,470.93967
2023-10-28,S005,P0014,104,524.5855
2023-10-29,S005,P0014,72,528.628
2023-10-30,S005,P0014,76,539.5341
2023-10-31,S005,P0014,66,566.03973
2023-11-01,S005,P0014,54,560.5638
2023-11-02,S005,P0014,134,595.9808
2023-11-03,S005,P0014,57,559.9549
2023-11-04,S005,P0014,62,512.13824
2023-11-05,S005,P0014,99,546.40436
2023-11-06,S005,P0014,83,566.4857
2023-11-07,S005,P0014,59,550.97644
2023-11-08,S005,P0014,95,586.6396
2023-11-09,S005,P0014,73,540.87366
2023-11-10,S005,P0014,154,629.35284
2023-11-11,S005,P0014,112,660.75806
2023-11-12,S005,P0014,105,687.1459
2023-11-13,S005,P0014,50,640.20416
2023-11-14,S005,P0014,78,643.6793
2023-11-15,S005,P0014,91,655.1213
2023-11-16,S005,P0014,106,689.60516
2023-11-17,S005,P0014,80,646.5773
2023-11-18,S005,P0014,81,590.1662
2023-11-19,S005,P0014,82,565.70734
2023-11-20,S005,P0014,77,597.9488
2023-11-21,S005,P0014,94,608.4906
2023-11-22,S005,P0014,82,603.9562
2023-11-23,S005,P0014,72,569.08374
2023-11-24,S005,P0014,62,549.86664
2023-11-25,S005,P0014,30,490.402
2023-11-26,S005,P0014,66,495.07248
2023-11-27,S005,P0014,116,548.24945
2023-11-28,S005,P0014,84,530.3671
2023-11-29,S005,P0014,76,521.2297
2023-11-30,S005,P0014,95,541.3196
2023-12-01,S005,P0014,35,517.721
2023-12-02,S005,P0014,84,559.86084
2023-12-03,S005,P0014,52,532.2551
2023-12-04,S005,P0014,97,524.83386
2023-12-05,S005,P0014,99,574.0953
2023-12-06,S005,P0014,126,594.4453
2023-12-07,S005,P0014,92,575.9039
2023-12-08,S005,P0014,96,643.3479
2023-12-09,S005,P0014,117,681.4059
2023-12-10,S005,P0014,101,713.10724
2023-12-11,S005,P0014,119,735.0489
2023-12-12,S005,P0014,102,762.81476
2023-12-13,S005,P0014,94,708.5664
2023-12-14,S005,P0014,142,752.08453
2023-12-15,S005,P0014,52,719.39996
2023-12-16,S005,P0014,36,615.62854
2023-12-17,S005,P0014,71,607.47003
2023-12-18,S005,P0014,56,546.9676
2023-12-19,S005,P0014,68,519.87695
2023-12-20,S005,P0014,84,524.74115
2023-12-21,S005,P0014,117,512.27325
2023-12-22,S005,P0014,83,541.6077
2023-12-23,S005,P0014,40,522.0421
2023-12-24,S005,P0014,136,581.2059
2023-12-25,S005,P0014,77,612.24994
2023-12-26,S005,P0014,73,596.99615
2023-12-27,S005,P0014,16,529.56836
2023-12-28,S005,P0014,29,410.02786
2023-12-29,S005,P0014,34,344.04443
2023-12-30,S005,P0014,33,366.1068
2023-12-31,S005,P0014,59,271.87543
2024-01-01,S005,P0014,62,318.3807
2024-01-02,S005,P0014,34,278.30353
2024-01-03,S005,P0014,33,274.7541
2024-01-04,S005,P0014,33,287.48178
2024-01-05,S005,P0014,52,302.6149
2024-01-06,S005,P0014,28,274.29398
2024-01-07,S005,P0014,15,248.04962
2024-01-08,S005,P0014,36,201.3182
2024-01-09,S005,P0014,65,310.39163
2024-01-10,S005,P0014,95,371.907
2024-01-11,S005,P0014,46,396.72394
2024-01-12,S005,P0014,124,443.50742
2024-01-13,S005,P0014,37,362.6212
2024-01-14,S005,P0014,66,401.5516
2024-01-15,S005,P0014,114,485.7854
2024-01-16,S005,P0014,86,556.77673
2024-01-17,S005,P0014,36,480.8452
2024-01-18,S005,P0014,107,541.9245
2024-01-19,S005,P0014,78,545.2128
2024-01-20,S005,P0014,112,539.0948
2024-01-21,S005,P0014,98,606.8215
2024-01-22,S005,P0014,63,550.6448
2024-01-23,S005,P0014,51,533.97565
2024-01-24,S005,P0014,111,546.1145
2024-01-25,S005,P0014,66,573.4248
2024-01-26,S005,P0014,65,525.96173
2024-01-27,S005,P0014,67,506.0374
2024-01-28,S005,P0014,85,394.87967
2024-01-29,S005,P0014,90,453.36432
2024-01-30,S005,P0014,120,582.9467
2023-10-13,S005,P0015,123,743.26654
2023-10-14,S005,P0015,100,744.4795
2023-10-15,S005,P0015,104,703.4988
2023-10-16,S005,P0015,69,698.5178
2023-10-17,S005,P0015,137,748.65765
2023-10-18,S005,P0015,43,687.3403
2023-10-19,S005,P0015,111,676.44684
2023-10-20,S005,P0015,79,638.89386
2023-10-21,S005,P0015,91,623.00635
2023-10-22,S005,P0015,83,596.9944
2023-10-23,S005,P0015,39,573.7287
2023-10-24,S005,P0015,48,484.05737
2023-10-25,S005,P0015,73,542.02106
2023-10-26,S005,P0015,237,593.052
2023-10-27,S005,P0015,104,712.42804
2023-10-28,S005,P0015,208,784.3015
2023-10-29,S005,P0015,64,782.6155
2023-10-30,S005,P0015,82,826.03455
2023-10-31,S005,P0015,110,882.2192
2023-11-01,S005,P0015,156,970.13135
2023-11-02,S005,P0015,132,868.92145
2023-11-03,S005,P0015,111,849.6952
2023-11-04,S005,P0015,124,770.2179
2023-11-05,S005,P0015,127,852.00916
2023-11-06,S005,P0015,139,875.1287
2023-11-07,S005,P0015,125,897.08417
2023-11-08,S005,P0015,90,835.1714
2023-11-09,S005,P0015,76,790.69214
2023-11-10,S005,P0015,125,803.1456
2023-11-11,S005,P0015,126,804.0129
2023-11-12,S005,P0015,85,771.2128
2023-11-13,S005,P0015,91,724.51184
2023-11-14,S005,P0015,83,704.9645
2023-11-15,S005,P0015,115,723.6902
2023-11-16,S005,P0015,196,838.64557
2023-11-17,S005,P0015,99,817.1832
2023-11-18,S005,P0015,118,789.94104
2023-11-19,S005,P0015,93,793.36346
2023-11-20,S005,P0015,129,811.5016
2023-11-21,S005,P0015,203,941.15485
2023-11-22,S005,P0015,172,1020.1748
2023-11-23,S005,P0015,167,979.42865
2023-11-24,S005,P0015,102,958.637
2023-11-25,S005,P0015,50,898.446
2023-11-26,S005,P0015,110,908.80524
2023-11-27,S005,P0015,237,1005.13727
2023-11-28,S005,P0015,102,969.1942
2023-11-29,S005,P0015,158,906.73083
2023-11-30,S005,P0015,95,856.6178
2023-12-01,S005,P0015,135,873.5942
2023-12-02,S005,P0015,180,992.06506
2023-12-03,S005,P0015,69,960.0829
2023-12-04,S005,P0015,105,840.5681
2023-12-05,S005,P0015,75,806.30414
2023-12-06,S005,P0015,132,786.85736
2023-12-07,S005,P0015,78,780.62805
2023-12-08,S005,P0015,77,729.0469
2023-12-09,S005,P0015,67,638.0739
2023-12-10,S005,P0015,57,629.23737
2023-12-11,S005,P0015,50,552.28265
2023-12-12,S005,P0015,99,584.39166
2023-12-13,S005,P0015,48,526.53577
2023-12-14,S005,P0015,121,561.9056
2023-12-15,S005,P0015,93,569.67566
2023-12-16,S005,P0015,137,630.68787
2023-12-17,S005,P0015,87,661.8807
2023-12-18,S005,P0015,100,684.78864
2023-12-19,S005,P0015,178,747.85223
2023-12-20,S005,P0015,44,752.02075
2023-12-21,S005,P0015,144,780.77545
2023-12-22,S005,P0015,179,879.63477
2023-12-23,S005,P0015,144,883.4153
2023-12-24,S005,P0015,86,851.1967
2023-12-25,S005,P0015,190,923.394
2023-12-26,S005,P0015,103,881.2711
2023-12-27,S005,P0015,84,870.8178
2023-12-28,S005,P0015,106,860.85236
2023-12-29,S005,P0015,91,779.7846
2023-12-30,S005,P0015,65,703.885
2023-12-31,S005,P0015,64,661.4249
2024-01-01,S005,P0015,164,724.7211
2024-01-02,S005,P0015,105,680.0562
2024-01-03,S005,P0015,69,666.289
2024-01-04,S005,P0015,75,617.1809
2024-01-05,S005,P0015,103,593.1759
2024-01-06,S005,P0015,71,464.0385
2024-01-07,S005,P0015,66,626.107
2024-01-08,S005,P0015,55,505.45416
2024-01-09,S005,P0015,101,538.2538
2024-01-10,S005,P0015,43,507.9855
2024-01-11,S005,P0015,109,554.52844
2024-01-12,S005,P0015,180,660.90405
2024-01-13,S005,P0015,111,677.1385
2024-01-14,S005,P0015,109,640.7309
2024-01-15,S005,P0015,94,646.5909
2024-01-16,S005,P0015,111,735.89606
2024-01-17,S005,P0015,76,739.6434
2024-01-18,S005,P0015,109,760.30634
2024-01-19,S005,P0015,126,742.5067
2024-01-20,S005,P0015,140,728.4898
2024-01-21,S005,P0015,159,643.53235
2024-01-22,S005,P0015,86,713.6824
2024-01-23,S005,P0015,104,772.39307
2024-01-24,S005,P0015,136,825.5007
2024-01-25,S005,P0015,103,840.11884
2024-01-26,S005,P0015,151,844.29144
2024-01-27,S005,P0015,120,876.0837
2024-01-28,S005,P0015,193,906.7668
2024-01-29,S005,P0015,94,823.10486
2024-01-30,S005,P0015,122,889.38025
2023-10-13,S005,P0016,17,191.70287
2023-10-14,S005,P0016,25,223.88678
2023-10-15,S005,P0016,27,195.59296
2023-10-16,S005,P0016,17,169.57114
2023-10-17,S005,P0016,11,164.98438
2023-10-18,S005,P0016,54,212.05267
2023-10-19,S005,P0016,20,199.02303
2023-10-20,S005,P0016,9,159.86981
2023-10-21,S005,P0016,23,180.8748
2023-10-22,S005,P0016,32,195.08061
2023-10-23,S005,P0016,30,191.26099
2023-10-24,S005,P0016,21,186.782
2023-10-25,S005,P0016,93,334.36777
2023-10-26,S005,P0016,77,391.00815
2023-10-27,S005,P0016,81,423.09695
2023-10-28,S005,P0016,248,650.5979
2023-10-29,S005,P0016,75,697.64984
2023-10-30,S005,P0016,83,758.32623
2023-10-31,S005,P0016,72,788.4067
2023-11-01,S005,P0016,160,811.56177
2023-11-02,S005,P0016,115,887.1984
2023-11-03,S005,P0016,69,855.5232
2023-11-04,S005,P0016,128,680.1057
2023-11-05,S005,P0016,151,787.7193
2023-11-06,S005,P0016,51,751.75476
2023-11-07,S005,P0016,90,751.2164
2023-11-08,S005,P0016,65,655.4799
2023-11-09,S005,P0016,67,616.1721
2023-11-10,S005,P0016,80,641.55035
2023-11-11,S005,P0016,112,624.2752
2023-11-12,S005,P0016,128,587.9658
2023-11-13,S005,P0016,121,682.0949
2023-11-14,S005,P0016,124,706.0224
2023-11-15,S005,P0016,56,678.3736
2023-11-16,S005,P0016,124,735.58466
2023-11-17,S005,P0016,98,774.7745
2023-11-18,S005,P0016,128,778.5327
2023-11-19,S005,P0016,108,764.0855
2023-11-20,S005,P0016,75,720.0306
2023-11-21,S005,P0016,151,748.2826
2023-11-22,S005,P0016,98,797.06866
2023-11-23,S005,P0016,128,784.402
2023-11-24,S005,P0016,84,767.81256
2023-11-25,S005,P0016,162,808.86554
2023-11-26,S005,P0016,140,849.5127
2023-11-27,S005,P0016,142,903.92694
2023-11-28,S005,P0016,79,820.5689
2023-11-29,S005,P0016,66,784.12616
2023-11-30,S005,P0016,74,733.8507
2023-12-01,S005,P0016,156,808.29956
2023-12-02,S005,P0016,118,794.9348
2023-12-03,S005,P0016,145,803.91907
2023-12-04,S005,P0016,83,735.09863
2023-12-05,S005,P0016,87,720.21985
2023-12-06,S005,P0016,76,746.1071
2023-12-07,S005,P0016,96,751.5893
2023-12-08,S005,P0016,133,749.64056
2023-12-09,S005,P0016,59,698.0413
2023-12-10,S005,P0016,88,632.6163
2023-12-11,S005,P0016,78,632.73535
2023-12-12,S005,P0016,122,668.825
2023-12-13,S005,P0016,118,715.49963
2023-12-14,S005,P0016,159,735.9449
2023-12-15,S005,P0016,25,681.5773
2023-12-16,S005,P0016,154,740.24286
2023-12-17,S005,P0016,111,781.45526
2023-12-18,S005,P0016,115,805.58624
2023-12-19,S005,P0016,185,852.41345
2023-12-20,S005,P0016,97,842.5958
2023-12-21,S005,P0016,115,784.7287
2023-12-22,S005,P0016,151,891.3393
2023-12-23,S005,P0016,131,927.861
2023-12-24,S005,P0016,62,852.25366
2023-12-25,S005,P0016,96,814.33673
2023-12-26,S005,P0016,159,820.7057
2023-12-27,S005,P0016,18,730.00836
2023-12-28,S005,P0016,8,583.9234
2023-12-29,S005,P0016,11,405.6475
2023-12-30,S005,P0016,35,302.3566
2023-12-31,S005,P0016,25,286.3392
2024-01-01,S005,P0016,22,156.98747
2024-01-02,S005,P0016,14,139.18982
2024-01-03,S005,P0016,37,171.44934
2024-01-04,S005,P0016,40,173.85747
2024-01-05,S005,P0016,14,173.01277
2024-01-06,S005,P0016,30,178.37778
2024-01-07,S005,P0016,33,176.36041
2024-01-08,S005,P0016,18,171.99843
2024-01-09,S005,P0016,106,340.7519
2024-01-10,S005,P0016,154,452.55716
2024-01-11,S005,P0016,97,584.9786
2024-01-12,S005,P0016,111,547.3612
2024-01-13,S005,P0016,164,645.3006
2024-01-14,S005,P0016,106,757.826
2024-01-15,S005,P0016,103,784.7667
2024-01-16,S005,P0016,148,863.6795
2024-01-17,S005,P0016,101,822.71136
2024-01-18,S005,P0016,138,853.7531
2024-01-19,S005,P0016,33,801.31305
2024-01-20,S005,P0016,122,655.4913
2024-01-21,S005,P0016,112,602.84033
2024-01-22,S005,P0016,126,699.6878
2024-01-23,S005,P0016,149,801.5287
2024-01-24,S005,P0016,83,733.15173
2024-01-25,S005,P0016,98,698.4395
2024-01-26,S005,P0016,69,680.27454
2024-01-27,S005,P0016,48,504.11707
2024-01-28,S005,P0016,65,518.1415
2024-01-29,S005,P0016,109,545.345
2024-01-30,S005,P0016,64,531.5378
2023-10-13,S005,P0017,18,233.69128
2023-10-14,S005,P0017,19,206.49414
2023-10-15,S005,P0017,17,212.80634
2023-10-16,S005,P0017,17,207.19867
2023-10-17,S005,P0017,39,216.72789
2023-10-18,S005,P0017,8,165.28119
2023-10-19,S005,P0017,10,164.98717
2023-10-20,S005,P0017,34,185.7464
2023-10-21,S005,P0017,29,194.10709
2023-10-22,S005,P0017,18,181.01605
2023-10-23,S005,P0017,38,192.04915
2023-10-24,S005,P0017,27,182.50418
2023-10-25,S005,P0017,105,368.78088
2023-10-26,S005,P0017,105,442.8028
2023-10-27,S005,P0017,94,502.2448
2023-10-28,S005,P0017,127,590.267
2023-10-29,S005,P0017,99,632.0552
2023-10-30,S005,P0017,94,646.49335
2023-10-31,S005,P0017,63,688.5309
2023-11-01,S005,P0017,130,700.79504
2023-11-02,S005,P0017,146,757.88025
2023-11-03,S005,P0017,77,736.02606
2023-11-04,S005,P0017,81,685.8194
2023-11-05,S005,P0017,97,671.9711
2023-11-06,S005,P0017,76,656.39966
2023-11-07,S005,P0017,131,734.857
2023-11-08,S005,P0017,72,685.0398
2023-11-09,S005,P0017,87,632.9727
2023-11-10,S005,P0017,104,640.96967
2023-11-11,S005,P0017,72,645.4492
2023-11-12,S005,P0017,71,622.5922
2023-11-13,S005,P0017,121,658.9999
2023-11-14,S005,P0017,71,615.6799
2023-11-15,S005,P0017,67,588.89923
2023-11-16,S005,P0017,152,667.72363
2023-11-17,S005,P0017,42,607.70447
2023-11-18,S005,P0017,129,655.11115
2023-11-19,S005,P0017,84,670.30255
2023-11-20,S005,P0017,101,675.4249
2023-11-21,S005,P0017,112,687.03723
2023-11-22,S005,P0017,141,772.9298
2023-11-23,S005,P0017,179,807.2523
2023-11-24,S005,P0017,132,875.77795
2023-11-25,S005,P0017,97,829.6744
2023-11-26,S005,P0017,206,931.84314
2023-11-27,S005,P0017,78,933.63226
2023-11-28,S005,P0017,120,921.18134
2023-11-29,S005,P0017,95,886.832
2023-11-30,S005,P0017,112,827.3526
2023-12-01,S005,P0017,156,872.4086
2023-12-02,S005,P0017,89,847.05176
2023-12-03,S005,P0017,118,762.18414
2023-12-04,S005,P0017,112,808.0738
2023-12-05,S005,P0017,92,781.27075
2023-12-06,S005,P0017,117,800.8614
2023-12-07,S005,P0017,84,774.7631
2023-12-08,S005,P0017,51,685.5601
2023-12-09,S005,P0017,36,621.80005
2023-12-10,S005,P0017,57,559.38617
2023-12-11,S005,P0017,69,533.91876
2023-12-12,S005,P0017,203,629.81116
2023-12-13,S005,P0017,155,713.59784
2023-12-14,S005,P0017,144,738.8546
2023-12-15,S005,P0017,55,727.0005
2023-12-16,S005,P0017,114,779.08575
2023-12-17,S005,P0017,100,835.11633
2023-12-18,S005,P0017,78,813.6048
2023-12-19,S005,P0017,138,811.55396
2023-12-20,S005,P0017,122,764.56195
2023-12-21,S005,P0017,75,699.39557
2023-12-22,S005,P0017,114,744.4021
2023-12-23,S005,P0017,129,747.9348
2023-12-24,S005,P0017,105,773.0725
2023-12-25,S005,P0017,107,790.5206
2023-12-26,S005,P0017,70,723.80615
2023-12-27,S005,P0017,25,595.4918
2023-12-28,S005,P0017,12,509.23083
2023-12-29,S005,P0017,25,432.1971
2023-12-30,S005,P0017,27,320.37375
2023-12-31,S005,P0017,14,197.7723
2024-01-01,S005,P0017,33,201.99689
2024-01-02,S005,P0017,16,196.72275
2024-01-03,S005,P0017,28,180.27467
2024-01-04,S005,P0017,17,195.80467
2024-01-05,S005,P0017,18,194.35237
2024-01-06,S005,P0017,8,157.06456
2024-01-07,S005,P0017,11,164.38072
2024-01-08,S005,P0017,7,167.15302
2024-01-09,S005,P0017,75,325.56906
2024-01-10,S005,P0017,82,371.1517
2024-01-11,S005,P0017,92,398.11688
2024-01-12,S005,P0017,60,379.47235
2024-01-13,S005,P0017,146,504.02795
2024-01-14,S005,P0017,87,454.02856
2024-01-15,S005,P0017,101,479.45807
2024-01-16,S005,P0017,59,618.2612
2024-01-17,S005,P0017,83,632.39014
2024-01-18,S005,P0017,149,702.3418
2024-01-19,S005,P0017,99,722.82874
2024-01-20,S005,P0017,156,733.5932
2024-01-21,S005,P0017,118,776.3856
2024-01-22,S005,P0017,124,772.5386
2024-01-23,S005,P0017,30,707.9348
2024-01-24,S005,P0017,93,746.3596
2024-01-25,S005,P0017,117,764.83105
2024-01-26,S005,P0017,75,693.57086
2024-01-27,S005,P0017,111,639.4057
2024-01-28,S005,P0017,106,660.07855
2024-01-29,S005,P0017,132,617.19977
2024-01-30,S005,P0017,137,739.6414
2023-10-13,S005,P0018,192,991.43256
2023-10-14,S005,P0018,189,1094.5396
2023-10-15,S005,P0018,209,1156.8948
2023-10-16,S005,P0018,134,1119.4338
2023-10-17,S005,P0018,72,971.10767
2023-10-18,S005,P0018,139,965.08777
2023-10-19,S005,P0018,260,1171.8558
2023-10-20,S005,P0018,170,1173.0123
2023-10-21,S005,P0018,75,1016.2579
2023-10-22,S005,P0018,133,912.79456
2023-10-23,S005,P0018,88,886.4909
2023-10-24,S005,P0018,115,923.1566
2023-10-25,S005,P0018,73,880.7384
2023-10-26,S005,P0018,141,777.4992
2023-10-27,S005,P0018,79,719.45807
2023-10-28,S005,P0018,136,786.6903
2023-10-29,S005,P0018,146,798.44525
2023-10-30,S005,P0018,74,768.4597
2023-10-31,S005,P0018,109,759.7715
2023-11-01,S005,P0018,79,761.75653
2023-11-02,S005,P0018,142,771.9531
2023-11-03,S005,P0018,172,871.75964
2023-11-04,S005,P0018,79,794.7168
2023-11-05,S005,P0018,103,745.06964
2023-11-06,S005,P0018,91,769.90314
2023-11-07,S005,P0018,105,775.1407
2023-11-08,S005,P0018,191,879.65344
2023-11-09,S005,P0018,166,927.62274
2023-11-10,S005,P0018,110,854.6537
2023-11-11,S005,P0018,159,891.7513
2023-11-12,S005,P0018,74,878.2905
2023-11-13,S005,P0018,169,930.8305
2023-11-14,S005,P0018,62,912.38293
2023-11-15,S005,P0018,101,828.8695
2023-11-16,S005,P0018,101,774.49133
2023-11-17,S005,P0018,132,817.56165
2023-11-18,S005,P0018,49,690.7883
2023-11-19,S005,P0018,152,783.5141
2023-11-20,S005,P0018,144,764.0316
2023-11-21,S005,P0018,140,836.94
2023-11-22,S005,P0018,162,880.49786
2023-11-23,S005,P0018,146,949.3739
2023-11-24,S005,P0018,86,866.32153
2023-11-25,S005,P0018,89,884.7591
2023-11-26,S005,P0018,86,848.4654
2023-11-27,S005,P0018,103,790.90436
2023-11-28,S005,P0018,122,781.9248
2023-11-29,S005,P0018,103,742.0726
2023-11-30,S005,P0018,87,696.30493
2023-12-01,S005,P0018,144,760.29565
2023-12-02,S005,P0018,193,845.77094
2023-12-03,S005,P0018,122,897.66504
2023-12-04,S005,P0018,68,827.9112
2023-12-05,S005,P0018,176,886.1659
2023-12-06,S005,P0018,118,906.2922
2023-12-07,S005,P0018,131,928.13043
2023-12-08,S005,P0018,176,975.8858
2023-12-09,S005,P0018,108,894.64874
2023-12-10,S005,P0018,106,867.2459
2023-12-11,S005,P0018,74,857.1043
2023-12-12,S005,P0018,82,789.11237
2023-12-13,S005,P0018,145,822.9065
2023-12-14,S005,P0018,175,870.27277
2023-12-15,S005,P0018,171,897.85693
2023-12-16,S005,P0018,121,873.61395
2023-12-17,S005,P0018,47,812.20807
2023-12-18,S005,P0018,77,811.22864
2023-12-19,S005,P0018,82,802.0307
2023-12-20,S005,P0018,150,806.04205
2023-12-21,S005,P0018,87,752.3242
2023-12-22,S005,P0018,197,777.3083
2023-12-23,S005,P0018,130,826.58484
2023-12-24,S005,P0018,174,909.09436
2023-12-25,S005,P0018,101,911.2021
2023-12-26,S005,P0018,68,873.4806
2023-12-27,S005,P0018,60,751.5802
2023-12-28,S005,P0018,193,865.278
2023-12-29,S005,P0018,194,910.45575
2023-12-30,S005,P0018,138,908.7996
2023-12-31,S005,P0018,197,918.2245
2024-01-01,S005,P0018,172,984.2291
2024-01-02,S005,P0018,128,988.32214
2024-01-03,S005,P0018,83,1029.013
2024-01-04,S005,P0018,168,1020.74805
2024-01-05,S005,P0018,217,1115.3495
2024-01-06,S005,P0018,155,1009.7502
2024-01-07,S005,P0018,86,951.89124
2024-01-08,S005,P0018,79,849.9932
2024-01-09,S005,P0018,61,795.06683
2024-01-10,S005,P0018,83,826.3019
2024-01-11,S005,P0018,78,745.6104
2024-01-12,S005,P0018,72,610.692
2024-01-13,S005,P0018,123,426.10434
2024-01-14,S005,P0018,83,415.90372
2024-01-15,S005,P0018,96,450.70068
2024-01-16,S005,P0018,115,658.7125
2024-01-17,S005,P0018,184,744.34534
2024-01-18,S005,P0018,146,847.92346
2024-01-19,S005,P0018,151,888.5676
2024-01-20,S005,P0018,135,756.8232
2024-01-21,S005,P0018,121,810.6156
2024-01-22,S005,P0018,260,1020.97943
2024-01-23,S005,P0018,144,1126.947
2024-01-24,S005,P0018,139,1056.5765
2024-01-25,S005,P0018,175,1094.207
2024-01-26,S005,P0018,135,1087.4979
2024-01-27,S005,P0018,136,1046.7722
2024-01-28,S005,P0018,115,1080.6968
2024-01-29,S005,P0018,202,947.13043
2024-01-30,S005,P0018,68,947.5484
2023-10-13,S005,P0019,31,258.61194
2023-10-14,S005,P0019,22,256.51562
2023-10-15,S005,P0019,9,228.72307
2023-10-16,S005,P0019,46,233.91074
2023-10-17,S005,P0019,53,261.73578
2023-10-18,S005,P0019,46,272.22406
2023-10-19,S005,P0019,32,248.61208
2023-10-20,S005,P0019,41,246.22226
2023-10-21,S005,P0019,59,281.89438
2023-10-22,S005,P0019,39,302.86096
2023-10-23,S005,P0019,26,284.68427
2023-10-24,S005,P0019,32,262.78513
2023-10-25,S005,P0019,70,346.29633
2023-10-26,S005,P0019,47,353.02072
2023-10-27,S005,P0019,132,447.8202
2023-10-28,S005,P0019,124,521.2976
2023-10-29,S005,P0019,75,553.65906
2023-10-30,S005,P0019,57,539.7849
2023-10-31,S005,P0019,59,563.20953
2023-11-01,S005,P0019,146,634.6419
2023-11-02,S005,P0019,61,659.57104
2023-11-03,S005,P0019,54,563.7661
2023-11-04,S005,P0019,74,532.66156
2023-11-05,S005,P0019,73,527.1816
2023-11-06,S005,P0019,77,560.8513
2023-11-07,S005,P0019,80,551.87506
2023-11-08,S005,P0019,73,512.4726
2023-11-09,S005,P0019,46,481.4741
2023-11-10,S005,P0019,70,503.14325
2023-11-11,S005,P0019,51,511.5594
2023-11-12,S005,P0019,93,511.27072
2023-11-13,S005,P0019,73,500.88345
2023-11-14,S005,P0019,41,465.8626
2023-11-15,S005,P0019,114,501.09048
2023-11-16,S005,P0019,72,522.4493
2023-11-17,S005,P0019,87,536.4454
2023-11-18,S005,P0019,90,573.4948
2023-11-19,S005,P0019,96,566.5307
2023-11-20,S005,P0019,85,579.39105
2023-11-21,S005,P0019,95,619.09827
2023-11-22,S005,P0019,112,622.472
2023-11-23,S005,P0019,84,648.27966
2023-11-24,S005,P0019,76,617.8908
2023-11-25,S005,P0019,85,617.64685
2023-11-26,S005,P0019,135,650.1012
2023-11-27,S005,P0019,101,681.2006
2023-11-28,S005,P0019,47,609.74286
2023-11-29,S005,P0019,70,592.5357
2023-11-30,S005,P0019,56,561.98083
2023-12-01,S005,P0019,83,567.0622
2023-12-02,S005,P0019,96,609.56006
2023-12-03,S005,P0019,41,505.39087
2023-12-04,S005,P0019,77,490.01767
2023-12-05,S005,P0019,86,525.2917
2023-12-06,S005,P0019,128,566.6659
2023-12-07,S005,P0019,51,573.5166
2023-12-08,S005,P0019,60,540.95825
2023-12-09,S005,P0019,44,487.27203
2023-12-10,S005,P0019,111,551.3089
2023-12-11,S005,P0019,94,580.81793
2023-12-12,S005,P0019,86,581.2215
2023-12-13,S005,P0019,126,573.9435
2023-12-14,S005,P0019,63,594.8221
2023-12-15,S005,P0019,112,628.4459
2023-12-16,S005,P0019,95,678.28
2023-12-17,S005,P0019,135,695.49384
2023-12-18,S005,P0019,85,696.0456
2023-12-19,S005,P0019,86,673.42084
2023-12-20,S005,P0019,41,606.48236
2023-12-21,S005,P0019,103,648.4023
2023-12-22,S005,P0019,52,601.6572
2023-12-23,S005,P0019,80,572.9481
2023-12-24,S005,P0019,88,545.5022
2023-12-25,S005,P0019,66,529.6149
2023-12-26,S005,P0019,66,514.7662
2023-12-27,S005,P0019,32,489.98523
2023-12-28,S005,P0019,16,353.61902
2023-12-29,S005,P0019,37,372.15216
2023-12-30,S005,P0019,50,351.76996
2023-12-31,S005,P0019,37,317.09012
2024-01-01,S005,P0019,40,254.41736
2024-01-02,S005,P0019,32,260.43164
2024-01-03,S005,P0019,17,231.75864
2024-01-04,S005,P0019,7,206.14551
2024-01-05,S005,P0019,25,220.53339
2024-01-06,S005,P0019,42,157.26299
2024-01-07,S005,P0019,37,241.1659
2024-01-08,S005,P0019,52,227.75284
2024-01-09,S005,P0019,129,388.12228
2024-01-10,S005,P0019,39,367.30923
2024-01-11,S005,P0019,84,393.68634
2024-01-12,S005,P0019,82,470.86746
2024-01-13,S005,P0019,113,522.15424
2024-01-14,S005,P0019,71,388.39392
2024-01-15,S005,P0019,25,423.1077
2024-01-16,S005,P0019,64,472.86475
2024-01-17,S005,P0019,69,496.11328
2024-01-18,S005,P0019,143,584.57184
2024-01-19,S005,P0019,88,565.07294
2024-01-20,S005,P0019,72,360.57275
2024-01-21,S005,P0019,114,416.14526
2024-01-22,S005,P0019,149,632.3725
2024-01-23,S005,P0019,51,653.71564
2024-01-24,S005,P0019,89,670.4085
2024-01-25,S005,P0019,97,661.0782
2024-01-26,S005,P0019,89,675.0761
2024-01-27,S005,P0019,63,497.93643
2024-01-28,S005,P0019,77,473.91864
2024-01-29,S005,P0019,63,466.97952
2024-01-30,S005,P0019,84,553.4119
2023-10-13,S005,P0020,49,261.17026
2023-10-14,S005,P0020,10,240.19853
2023-10-15,S005,P0020,32,227.54262
2023-10-16,S005,P0020,37,225.52998
2023-10-17,S005,P0020,52,247.66194
2023-10-18,S005,P0020,18,243.44748
2023-10-19,S005,P0020,35,228.98358
2023-10-20,S005,P0020,15,204.77293
2023-10-21,S005,P0020,43,219.32608
2023-10-22,S005,P0020,32,229.55495
2023-10-23,S005,P0020,40,232.91045
2023-10-24,S005,P0020,14,200.66876
2023-10-25,S005,P0020,156,414.8156
2023-10-26,S005,P0020,141,541.13666
2023-10-27,S005,P0020,116,609.93536
2023-10-28,S005,P0020,107,661.7228
2023-10-29,S005,P0020,31,676.4944
2023-10-30,S005,P0020,67,676.3432
2023-10-31,S005,P0020,36,704.05774
2023-11-01,S005,P0020,36,563.35846
2023-11-02,S005,P0020,72,482.18994
2023-11-03,S005,P0020,111,523.3683
2023-11-04,S005,P0020,101,527.8317
2023-11-05,S005,P0020,88,559.6868
2023-11-06,S005,P0020,75,549.6622
2023-11-07,S005,P0020,136,635.18243
2023-11-08,S005,P0020,110,710.192
2023-11-09,S005,P0020,91,709.7506
2023-11-10,S005,P0020,86,677.6223
2023-11-11,S005,P0020,83,650.4018
2023-11-12,S005,P0020,98,688.3635
2023-11-13,S005,P0020,85,679.62836
2023-11-14,S005,P0020,76,637.6331
2023-11-15,S005,P0020,59,591.65283
2023-11-16,S005,P0020,98,609.73364
2023-11-17,S005,P0020,134,669.52515
2023-11-18,S005,P0020,47,599.42993
2023-11-19,S005,P0020,39,551.9115
2023-11-20,S005,P0020,68,542.6762
2023-11-21,S005,P0020,80,545.47815
2023-11-22,S005,P0020,68,565.1178
2023-11-23,S005,P0020,83,564.71
2023-11-24,S005,P0020,124,556.70496
2023-11-25,S005,P0020,76,542.6379
2023-11-26,S005,P0020,95,609.9467
2023-11-27,S005,P0020,40,570.8195
2023-11-28,S005,P0020,75,566.72595
2023-11-29,S005,P0020,65,569.7763
2023-11-30,S005,P0020,70,569.91925
2023-12-01,S005,P0020,35,488.31125
2023-12-02,S005,P0020,103,516.8424
2023-12-03,S005,P0020,80,512.37616
2023-12-04,S005,P0020,85,528.8879
2023-12-05,S005,P0020,151,612.92566
2023-12-06,S005,P0020,48,590.5043
2023-12-07,S005,P0020,69,586.3759
2023-12-08,S005,P0020,116,653.14685
2023-12-09,S005,P0020,48,594.3032
2023-12-10,S005,P0020,77,589.32434
2023-12-11,S005,P0020,67,597.6258
2023-12-12,S005,P0020,62,513.5926
2023-12-13,S005,P0020,96,551.63434
2023-12-14,S005,P0020,85,578.20056
2023-12-15,S005,P0020,116,585.4405
2023-12-16,S005,P0020,149,680.55743
2023-12-17,S005,P0020,93,681.08496
2023-12-18,S005,P0020,157,769.3117
2023-12-19,S005,P0020,91,781.88416
2023-12-20,S005,P0020,117,809.17267
2023-12-21,S005,P0020,77,774.9441
2023-12-22,S005,P0020,115,777.772
2023-12-23,S005,P0020,129,760.5099
2023-12-24,S005,P0020,84,762.1369
2023-12-25,S005,P0020,95,705.2783
2023-12-26,S005,P0020,93,709.75183
2023-12-27,S005,P0020,40,620.0055
2023-12-28,S005,P0020,28,546.3502
2023-12-29,S005,P0020,10,441.06824
2023-12-30,S005,P0020,35,354.79462
2023-12-31,S005,P0020,18,257.70355
2024-01-01,S005,P0020,16,196.64317
2024-01-02,S005,P0020,53,251.4207
2024-01-03,S005,P0020,25,220.76576
2024-01-04,S005,P0020,10,175.12994
2024-01-05,S005,P0020,39,216.88452
2024-01-06,S005,P0020,59,247.5005
2024-01-07,S005,P0020,34,233.41292
2024-01-08,S005,P0020,14,202.26038
2024-01-09,S005,P0020,125,382.2514
2024-01-10,S005,P0020,83,430.87384
2024-01-11,S005,P0020,80,521.1239
2024-01-12,S005,P0020,79,511.0642
2024-01-13,S005,P0020,116,503.019
2024-01-14,S005,P0020,116,586.3025
2024-01-15,S005,P0020,73,512.54095
2024-01-16,S005,P0020,89,619.0516
2024-01-17,S005,P0020,108,652.1562
2024-01-18,S005,P0020,169,754.2942
2024-01-19,S005,P0020,68,718.57385
2024-01-20,S005,P0020,117,655.97894
2024-01-21,S005,P0020,68,657.0944
2024-01-22,S005,P0020,112,731.9588
2024-01-23,S005,P0020,97,710.1951
2024-01-24,S005,P0020,121,771.27167
2024-01-25,S005,P0020,63,669.7098
2024-01-26,S005,P0020,134,648.97565
2024-01-27,S005,P0020,38,454.75476
2024-01-28,S005,P0020,130,606.8416
2024-01-29,S005,P0020,105,581.52325
2024-01-30,S005,P0020,73,643.5874
