date,store_id,product_id,stockout_flag,stockout_prob,stockout_pred
2023-10-13,S001,P0001,0,0.0006479765440723125,0
2023-10-14,S001,P0001,0,0.0,0
2023-10-15,S001,P0001,0,0.0,0
2023-10-16,S001,P0001,0,0.0,0
2023-10-17,S001,P0001,0,0.0,0
2023-10-18,S001,P0001,0,1.164473394285284e-05,0
2023-10-19,S001,P0001,0,0.0,0
2023-10-20,S001,P0001,0,0.0,0
2023-10-21,S001,P0001,0,0.0003790006982566579,0
2023-10-22,S001,P0001,0,0.0,0
2023-10-23,S001,P0001,0,0.000985304626660559,0
2023-10-24,S001,P0001,0,0.03603345452042426,0
2023-10-25,S001,P0001,0,0.001789690245470335,0
2023-10-26,S001,P0001,1,0.9982826698862646,1
2023-10-27,S001,P0001,0,0.0,0
2023-10-28,S001,P0001,0,0.010765749506777871,0
2023-10-29,S001,P0001,0,0.0,0
2023-10-30,S001,P0001,0,0.00019302007441843926,0
2023-10-31,S001,P0001,0,1.3151999304208986e-05,0
2023-11-01,S001,P0001,0,0.00019085557370464835,0
2023-11-02,S001,P0001,0,0.0,0
2023-11-03,S001,P0001,1,0.9996606767491434,1
2023-11-04,S001,P0001,0,3.910423441168238e-05,0
2023-11-05,S001,P0001,0,3.910423441168238e-05,0
2023-11-06,S001,P0001,0,2.5952235107473395e-05,0
2023-11-07,S001,P0001,0,0.00043647589849671667,0
2023-11-08,S001,P0001,0,0.00397713274943882,0
2023-11-09,S001,P0001,0,1.3151999304208986e-05,0
2023-11-10,S001,P0001,0,1.3151999304208986e-05,0
2023-11-11,S001,P0001,0,0.0006596212780151652,0
2023-11-12,S001,P0001,0,5.128016676882999e-05,0
2023-11-13,S001,P0001,0,0.0001151415564695232,0
2023-11-14,S001,P0001,0,0.00036865939890307964,0
2023-11-15,S001,P0001,0,0.008758068059982426,0
2023-11-16,S001,P0001,0,0.00018855396692476315,0
2023-11-17,S001,P0001,1,0.9977522667263472,1
2023-11-18,S001,P0001,0,4.3781140159464967e-05,0
2023-11-19,S001,P0001,0,0.0015180158493182192,0
2023-11-20,S001,P0001,0,2.8536515574327032e-05,0
2023-11-21,S001,P0001,0,0.0003477216230011097,0
2023-11-22,S001,P0001,0,1.6767282727573657e-05,0
2023-11-23,S001,P0001,0,5.122548784720817e-06,0
2023-11-24,S001,P0001,0,0.0006596212780151652,0
2023-11-25,S001,P0001,0,0.0,0
2023-11-26,S001,P0001,1,0.9991094646868046,1
2023-11-27,S001,P0001,0,0.0003217693878936362,0
2023-11-28,S001,P0001,0,2.8536515574327032e-05,0
2023-11-29,S001,P0001,0,1.3151999304208986e-05,0
2023-11-30,S001,P0001,0,1.3151999304208986e-05,0
2023-12-01,S001,P0001,0,5.122548784720817e-06,0
2023-12-02,S001,P0001,0,0.06553934477939322,0
2023-12-03,S001,P0001,1,0.9999643085689559,1
2023-12-04,S001,P0001,0,3.910423441168238e-05,0
2023-12-05,S001,P0001,0,1.164473394285284e-05,0
2023-12-06,S001,P0001,0,5.122548784720817e-06,0
2023-12-07,S001,P0001,0,2.8536515574327032e-05,0
2023-12-08,S001,P0001,0,0.0508741521489273,0
2023-12-09,S001,P0001,0,0.00011369086626148068,0
2023-12-10,S001,P0001,0,0.10367549585512532,0
2023-12-11,S001,P0001,0,0.0,0
2023-12-12,S001,P0001,0,0.00015677683353366737,0
2023-12-13,S001,P0001,0,1.3151999304208986e-05,0
2023-12-14,S001,P0001,0,0.0,0
2023-12-15,S001,P0001,0,0.0028429839204655925,0
2023-12-16,S001,P0001,0,1.6767282727573657e-05,0
2023-12-17,S001,P0001,0,4.0665778180178686e-05,0
2023-12-18,S001,P0001,0,0.0015968275954449734,0
2023-12-19,S001,P0001,1,0.994644025968057,1
2023-12-20,S001,P0001,0,3.910423441168238e-05,0
2023-12-21,S001,P0001,0,6.231635099548019e-05,0
2023-12-22,S001,P0001,0,1.3151999304208986e-05,0
2023-12-23,S001,P0001,0,0.0003086173885894273,0
2023-12-24,S001,P0001,1,0.9984056525836321,1
2023-12-25,S001,P0001,0,0.0003420709411301464,0
2023-12-26,S001,P0001,0,0.0001668989093340845,0
2023-12-27,S001,P0001,0,2.8396623889346913e-05,0
2023-12-28,S001,P0001,0,5.122548784720817e-06,0
2023-12-29,S001,P0001,0,0.005,0
2023-12-30,S001,P0001,0,0.0012507323488818217,0
2023-12-31,S001,P0001,0,2.902104423732585e-05,0
2024-01-01,S001,P0001,0,0.0,0
2024-01-02,S001,P0001,0,0.0009307593578552685,0
2024-01-03,S001,P0001,0,0.0,0
2024-01-04,S001,P0001,0,0.0,0
2024-01-05,S001,P0001,0,0.0,0
2024-01-06,S001,P0001,0,0.00015165428474894657,0
2024-01-07,S001,P0001,0,0.0,0
2024-01-08,S001,P0001,0,0.00021135922091808186,0
2024-01-09,S001,P0001,0,0.0,0
2024-01-10,S001,P0001,0,0.014850363682295259,0
2024-01-11,S001,P0001,0,0.0014366705946721931,0
2024-01-12,S001,P0001,0,8.674000935154948e-05,0
2024-01-13,S001,P0001,0,0.00019597812248936918,0
2024-01-14,S001,P0001,0,8.674000935154948e-05,0
2024-01-15,S001,P0001,0,0.0,0
2024-01-16,S001,P0001,0,0.0004905050614961632,0
2024-01-17,S001,P0001,0,5.122548784720817e-06,0
2024-01-18,S001,P0001,0,5.122548784720817e-06,0
2024-01-19,S001,P0001,0,0.000279003892075771,0
2024-01-20,S001,P0001,0,0.018857453758045734,0
2024-01-21,S001,P0001,0,0.0015667313750278042,0
2024-01-22,S001,P0001,0,0.0005274800313971428,0
2024-01-23,S001,P0001,0,0.001216706397552719,0
2024-01-24,S001,P0001,0,0.00021067655712985977,0
2024-01-25,S001,P0001,0,2.8536515574327032e-05,0
2024-01-26,S001,P0001,0,0.0,0
2024-01-27,S001,P0001,0,1.6767282727573657e-05,0
2024-01-28,S001,P0001,0,0.005028536515574326,0
2024-01-29,S001,P0001,0,0.0,0
2024-01-30,S001,P0001,0,0.00014905636034702964,0
2023-10-13,S001,P0002,0,0.0032999352879284315,0
2023-10-14,S001,P0002,0,0.01862972432165554,0
2023-10-15,S001,P0002,0,1.3151999304208986e-05,0
2023-10-16,S001,P0002,0,0.0033048155616155635,0
2023-10-17,S001,P0002,0,0.014634463983503647,0
2023-10-18,S001,P0002,1,0.9829441920762203,1
2023-10-19,S001,P0002,0,0.0,0
2023-10-20,S001,P0002,0,0.0007664508103470291,0
2023-10-21,S001,P0002,0,0.0,0
2023-10-22,S001,P0002,0,0.006029295556418287,0
2023-10-23,S001,P0002,1,0.984936655941773,1
2023-10-24,S001,P0002,0,0.0,0
2023-10-25,S001,P0002,1,0.9982689343955902,1
2023-10-26,S001,P0002,0,0.006777922590690614,0
2023-10-27,S001,P0002,0,1.3151999304208986e-05,0
2023-10-28,S001,P0002,1,0.996626643841417,1
2023-10-29,S001,P0002,0,0.00040568172248544123,0
2023-10-30,S001,P0002,1,0.9974845549010127,1
2023-10-31,S001,P0002,0,0.06432606460955155,0
2023-11-01,S001,P0002,1,0.9985367548161203,1
2023-11-02,S001,P0002,0,0.0012953244935640887,0
2023-11-03,S001,P0002,0,0.09131982285369117,0
2023-11-04,S001,P0002,0,0.004167551639646705,0
2023-11-05,S001,P0002,0,0.0003337163861925125,0
2023-11-06,S001,P0002,1,0.9996407714687747,1
2023-11-07,S001,P0002,1,0.9989224645624095,1
2023-11-08,S001,P0002,0,0.004705553792450057,0
2023-11-09,S001,P0002,0,0.04644104211637389,0
2023-11-10,S001,P0002,0,0.03456473977637127,0
2023-11-11,S001,P0002,1,0.9827341323967674,1
2023-11-12,S001,P0002,1,0.999218042390196,1
2023-11-13,S001,P0002,0,0.0010890346499772279,0
2023-11-14,S001,P0002,0,0.0,0
2023-11-15,S001,P0002,0,0.021906593054900468,0
2023-11-16,S001,P0002,0,0.0037941555990655034,0
2023-11-17,S001,P0002,1,0.9996663169486206,1
2023-11-18,S001,P0002,1,0.9858900179140115,1
2023-11-19,S001,P0002,0,0.0034163666099115498,0
2023-11-20,S001,P0002,0,0.001138819807516398,0
2023-11-21,S001,P0002,1,0.9292967115795848,1
2023-11-22,S001,P0002,0,0.0011085488530035324,0
2023-11-23,S001,P0002,0,0.03099430566010374,0
2023-11-24,S001,P0002,0,0.04795185370440275,0
2023-11-25,S001,P0002,0,0.04814824947905393,0
2023-11-26,S001,P0002,1,0.9986846441169309,1
2023-11-27,S001,P0002,0,0.02332974032026689,0
2023-11-28,S001,P0002,0,0.0010876159794096715,0
2023-11-29,S001,P0002,0,0.0027337236769563057,0
2023-11-30,S001,P0002,1,0.9944042663324549,1
2023-12-01,S001,P0002,0,0.0038220748736400322,0
2023-12-02,S001,P0002,0,0.0,0
2023-12-03,S001,P0002,0,4.0665778180178686e-05,0
2023-12-04,S001,P0002,1,0.9872432459619093,1
2023-12-05,S001,P0002,0,0.005303580897403417,0
2023-12-06,S001,P0002,0,0.011212878311290846,0
2023-12-07,S001,P0002,0,0.06229788530745497,0
2023-12-08,S001,P0002,0,0.04209905721170216,0
2023-12-09,S001,P0002,0,0.0011241726492367257,0
2023-12-10,S001,P0002,1,0.9999377660232264,1
2023-12-11,S001,P0002,0,0.004940830895421599,0
2023-12-12,S001,P0002,1,0.9771722232711483,1
2023-12-13,S001,P0002,1,0.9861435409449885,1
2023-12-14,S001,P0002,0,0.005013369823058643,0
2023-12-15,S001,P0002,1,0.9688655978831858,1
2023-12-16,S001,P0002,0,0.0,0
2023-12-17,S001,P0002,0,0.04680873728653119,0
2023-12-18,S001,P0002,1,0.9542153263639002,1
2023-12-19,S001,P0002,0,0.0011085488530035324,0
2023-12-20,S001,P0002,1,0.9998599959012406,1
2023-12-21,S001,P0002,0,0.060277028468723175,0
2023-12-22,S001,P0002,0,0.00023742327333545866,0
2023-12-23,S001,P0002,1,0.9861853628814836,1
2023-12-24,S001,P0002,0,0.07467566362970361,0
2023-12-25,S001,P0002,0,0.007506925883657311,0
2023-12-26,S001,P0002,1,0.9995741402460909,1
2023-12-27,S001,P0002,0,0.0028157039313153882,0
2023-12-28,S001,P0002,1,0.9991956620826674,1
2023-12-29,S001,P0002,1,0.9639334638206989,1
2023-12-30,S001,P0002,0,0.00034166664548710037,0
2023-12-31,S001,P0002,1,0.993985130031986,1
2024-01-01,S001,P0002,0,0.04081140282171809,0
2024-01-02,S001,P0002,1,0.9602606962540347,1
2024-01-03,S001,P0002,0,0.030102517914041168,0
2024-01-04,S001,P0002,0,0.023293052660248476,0
2024-01-05,S001,P0002,0,0.0041489986008733295,0
2024-01-06,S001,P0002,1,0.9935129646440608,1
2024-01-07,S001,P0002,0,0.06655731084634561,0
2024-01-08,S001,P0002,1,0.9964364815828466,1
2024-01-09,S001,P0002,0,0.005626980005952937,0
2024-01-10,S001,P0002,1,0.9997063384530973,1
2024-01-11,S001,P0002,0,0.003486891883941455,0
2024-01-12,S001,P0002,0,0.005856136677606241,0
2024-01-13,S001,P0002,0,0.00011269224445902287,0
2024-01-14,S001,P0002,1,0.9889234270909771,1
2024-01-15,S001,P0002,1,0.9804479773668436,1
2024-01-16,S001,P0002,1,0.9998617076279881,1
2024-01-17,S001,P0002,0,0.00010409317222601922,0
2024-01-18,S001,P0002,0,0.014988811675099616,0
2024-01-19,S001,P0002,0,8.674000935154948e-05,0
2024-01-20,S001,P0002,0,0.07322779124487772,0
2024-01-21,S001,P0002,0,0.00520409714810819,0
2024-01-22,S001,P0002,0,0.0053682403406281574,0
2024-01-23,S001,P0002,0,8.674000935154948e-05,0
2024-01-24,S001,P0002,1,0.9940907659192318,1
2024-01-25,S001,P0002,0,0.0023448046352926304,0
2024-01-26,S001,P0002,1,0.9999298059878757,1
2024-01-27,S001,P0002,0,0.008987748873899205,0
2024-01-28,S001,P0002,0,0.00011269224445902287,0
2024-01-29,S001,P0002,0,0.005726489672576281,0
2024-01-30,S001,P0002,0,0.005843483349276186,0
2023-10-13,S001,P0003,0,0.0004861125700428362,0
2023-10-14,S001,P0003,0,1.6767282727573657e-05,0
2023-10-15,S001,P0003,0,4.0665778180178686e-05,0
2023-10-16,S001,P0003,0,1.6767282727573657e-05,0
2023-10-17,S001,P0003,0,0.005082436239170519,0
2023-10-18,S001,P0003,0,5.3899723596192384e-05,0
2023-10-19,S001,P0003,0,5.3899723596192384e-05,0
2023-10-20,S001,P0003,1,0.9825379969315403,1
2023-10-21,S001,P0003,0,0.0,0
2023-10-22,S001,P0003,0,0.0,0
2023-10-23,S001,P0003,0,0.00838110356957144,0
2023-10-24,S001,P0003,0,0.0,0
2023-10-25,S001,P0003,0,0.00020293445151777656,0
2023-10-26,S001,P0003,0,0.0025593000629825407,0
2023-10-27,S001,P0003,0,5.122548784720817e-06,0
2023-10-28,S001,P0003,0,1.6767282727573657e-05,0
2023-10-29,S001,P0003,0,2.8536515574327032e-05,0
2023-10-30,S001,P0003,0,0.0,0
2023-10-31,S001,P0003,0,5.122548784720817e-06,0
2023-11-01,S001,P0003,0,1.3151999304208986e-05,0
2023-11-02,S001,P0003,0,3.910423441168238e-05,0
2023-11-03,S001,P0003,0,3.910423441168238e-05,0
2023-11-04,S001,P0003,0,1.6767282727573657e-05,0
2023-11-05,S001,P0003,0,2.902104423732585e-05,0
2023-11-06,S001,P0003,0,0.00017826292401949977,0
2023-11-07,S001,P0003,0,3.910423441168238e-05,0
2023-11-08,S001,P0003,0,0.027370420858097055,0
2023-11-09,S001,P0003,1,0.9998489372561287,1
2023-11-10,S001,P0003,0,5.122548784720817e-06,0
2023-11-11,S001,P0003,0,8.993526577988445e-05,0
2023-11-12,S001,P0003,0,1.5244624585137928e-05,0
2023-11-13,S001,P0003,0,0.0,0
2023-11-14,S001,P0003,0,1.5244624585137928e-05,0
2023-11-15,S001,P0003,0,1.3151999304208986e-05,0
2023-11-16,S001,P0003,0,1.3151999304208986e-05,0
2023-11-17,S001,P0003,0,1.3151999304208986e-05,0
2023-11-18,S001,P0003,0,0.00014222738183580772,0
2023-11-19,S001,P0003,0,4.9187541487901056e-05,0
2023-11-20,S001,P0003,0,1.3151999304208986e-05,0
2023-11-21,S001,P0003,1,0.998475908017445,1
2023-11-22,S001,P0003,0,1.3151999304208986e-05,0
2023-11-23,S001,P0003,0,0.00014222738183580772,0
2023-11-24,S001,P0003,0,1.3151999304208986e-05,0
2023-11-25,S001,P0003,0,0.0,0
2023-11-26,S001,P0003,0,0.07336408989204363,0
2023-11-27,S001,P0003,0,2.8396623889346913e-05,0
2023-11-28,S001,P0003,0,7.546835029968916e-05,0
2023-11-29,S001,P0003,0,5.122548784720817e-06,0
2023-11-30,S001,P0003,0,5.122548784720817e-06,0
2023-12-01,S001,P0003,0,0.0001961271054320001,0
2023-12-02,S001,P0003,0,8.993526577988445e-05,0
2023-12-03,S001,P0003,0,0.0,0
2023-12-04,S001,P0003,0,0.0,0
2023-12-05,S001,P0003,0,0.0,0
2023-12-06,S001,P0003,0,5.3899723596192384e-05,0
2023-12-07,S001,P0003,0,0.0,0
2023-12-08,S001,P0003,0,0.0,0
2023-12-09,S001,P0003,0,0.0001935075486046377,0
2023-12-10,S001,P0003,0,2.8396623889346913e-05,0
2023-12-11,S001,P0003,1,0.9594281113502336,1
2023-12-12,S001,P0003,1,0.9949005189618682,1
2023-12-13,S001,P0003,0,0.0,0
2023-12-14,S001,P0003,0,0.0,0
2023-12-15,S001,P0003,0,0.0,0
2023-12-16,S001,P0003,0,0.00024671209931355185,0
2023-12-17,S001,P0003,0,0.0,0
2023-12-18,S001,P0003,0,5.3899723596192384e-05,0
2023-12-19,S001,P0003,0,0.0,0
2023-12-20,S001,P0003,0,2.8536515574327032e-05,0
2023-12-21,S001,P0003,0,0.0,0
2023-12-22,S001,P0003,0,0.0,0
2023-12-23,S001,P0003,0,0.009015943811256161,0
2023-12-24,S001,P0003,0,7.546835029968916e-05,0
2023-12-25,S001,P0003,0,3.910423441168238e-05,0
2023-12-26,S001,P0003,0,2.5952235107473395e-05,0
2023-12-27,S001,P0003,0,2.0367173369858746e-05,0
2023-12-28,S001,P0003,0,0.00014222738183580772,0
2023-12-29,S001,P0003,0,1.3151999304208986e-05,0
2023-12-30,S001,P0003,0,1.3151999304208986e-05,0
2023-12-31,S001,P0003,0,4.0665778180178686e-05,0
2024-01-01,S001,P0003,0,5.122548784720817e-06,0
2024-01-02,S001,P0003,0,5.122548784720817e-06,0
2024-01-03,S001,P0003,0,0.0,0
2024-01-04,S001,P0003,0,0.0,0
2024-01-05,S001,P0003,0,0.00021067655712985977,0
2024-01-06,S001,P0003,0,5.3899723596192384e-05,0
2024-01-07,S001,P0003,0,0.0,0
2024-01-08,S001,P0003,0,0.0,0
2024-01-09,S001,P0003,0,0.0,0
2024-01-10,S001,P0003,0,4.377764779577528e-05,0
2024-01-11,S001,P0003,0,0.0001961271054320001,0
2024-01-12,S001,P0003,0,0.0,0
2024-01-13,S001,P0003,0,5.122548784720817e-06,0
2024-01-14,S001,P0003,0,8.674000935154948e-05,0
2024-01-15,S001,P0003,0,1.6767282727573657e-05,0
2024-01-16,S001,P0003,0,0.0,0
2024-01-17,S001,P0003,0,0.00011269224445902287,0
2024-01-18,S001,P0003,0,5.122548784720817e-06,0
2024-01-19,S001,P0003,0,0.00014222738183580772,0
2024-01-20,S001,P0003,0,0.00011269224445902287,0
2024-01-21,S001,P0003,0,0.00011269224445902287,0
2024-01-22,S001,P0003,0,0.028544244953675406,0
2024-01-23,S001,P0003,0,8.674000935154948e-05,0
2024-01-24,S001,P0003,0,2.5952235107473395e-05,0
2024-01-25,S001,P0003,0,0.0006332776679911722,0
2024-01-26,S001,P0003,0,0.0,0
2024-01-27,S001,P0003,0,5.122548784720817e-06,0
2024-01-28,S001,P0003,0,0.00011369086626148068,0
2024-01-29,S001,P0003,0,0.0,0
2024-01-30,S001,P0003,0,0.0,0
2023-10-13,S001,P0004,0,0.00015677683353366737,0
2023-10-14,S001,P0004,0,1.3454263660232394e-05,0
2023-10-15,S001,P0004,0,0.0,0
2023-10-16,S001,P0004,0,0.0,0
2023-10-17,S001,P0004,0,0.0030407869134906067,0
2023-10-18,S001,P0004,1,0.9994359906508365,1
2023-10-19,S001,P0004,0,0.0,0
2023-10-20,S001,P0004,0,3.910423441168238e-05,0
2023-10-21,S001,P0004,0,2.5952235107473395e-05,0
2023-10-22,S001,P0004,0,0.0006596212780151652,0
2023-10-23,S001,P0004,0,0.0,0
2023-10-24,S001,P0004,0,1.3454263660232394e-05,0
2023-10-25,S001,P0004,0,0.05654069869091618,0
2023-10-26,S001,P0004,1,0.9997826786850603,1
2023-10-27,S001,P0004,0,0.00032207165224965966,0
2023-10-28,S001,P0004,1,0.9900438528944658,1
2023-10-29,S001,P0004,0,0.0,0
2023-10-30,S001,P0004,0,5.122548784720817e-06,0
2023-10-31,S001,P0004,0,1.3454263660232394e-05,0
2023-11-01,S001,P0004,1,0.9998055131216124,1
2023-11-02,S001,P0004,0,0.0004169170514488227,0
2023-11-03,S001,P0004,0,0.0006596212780151652,0
2023-11-04,S001,P0004,0,3.92012889557018e-05,0
2023-11-05,S001,P0004,0,0.000644270745489422,0
2023-11-06,S001,P0004,0,3.910423441168238e-05,0
2023-11-07,S001,P0004,0,0.0,0
2023-11-08,S001,P0004,0,0.005460842120376077,0
2023-11-09,S001,P0004,0,0.0020731541508328256,0
2023-11-10,S001,P0004,0,0.036885269340768786,0
2023-11-11,S001,P0004,0,0.0,0
2023-11-12,S001,P0004,0,0.00033638766080642033,0
2023-11-13,S001,P0004,0,3.910423441168238e-05,0
2023-11-14,S001,P0004,0,0.0013976520385666552,0
2023-11-15,S001,P0004,1,0.9993532673019234,1
2023-11-16,S001,P0004,0,0.0010302710966457948,0
2023-11-17,S001,P0004,0,0.0006479765440723125,0
2023-11-18,S001,P0004,0,0.0006479765440723125,0
2023-11-19,S001,P0004,0,0.028178047477302313,0
2023-11-20,S001,P0004,1,0.9997912212915403,1
2023-11-21,S001,P0004,0,1.6767282727573657e-05,0
2023-11-22,S001,P0004,0,5.122548784720817e-06,0
2023-11-23,S001,P0004,0,3.865509901105446e-05,0
2023-11-24,S001,P0004,0,0.0003251026639461961,0
2023-11-25,S001,P0004,0,0.0010890346499772279,0
2023-11-26,S001,P0004,0,0.03203802376116495,0
2023-11-27,S001,P0004,0,6.0042010313652403e-05,0
2023-11-28,S001,P0004,1,0.986114195841575,1
2023-11-29,S001,P0004,0,0.0,0
2023-11-30,S001,P0004,0,0.026882378059970936,0
2023-12-01,S001,P0004,0,1.3151999304208986e-05,0
2023-12-02,S001,P0004,0,2.8536515574327032e-05,0
2023-12-03,S001,P0004,0,0.006540244042163152,0
2023-12-04,S001,P0004,0,5.122548784720817e-06,0
2023-12-05,S001,P0004,0,0.0,0
2023-12-06,S001,P0004,1,0.9973253795317373,1
2023-12-07,S001,P0004,0,0.0,0
2023-12-08,S001,P0004,0,5.122548784720817e-06,0
2023-12-09,S001,P0004,0,5.122548784720817e-06,0
2023-12-10,S001,P0004,0,4.0665778180178686e-05,0
2023-12-11,S001,P0004,0,0.008401029675917725,0
2023-12-12,S001,P0004,1,0.9997805916506115,1
2023-12-13,S001,P0004,0,1.3151999304208986e-05,0
2023-12-14,S001,P0004,0,2.5952235107473395e-05,0
2023-12-15,S001,P0004,0,3.7596969050326233e-05,0
2023-12-16,S001,P0004,0,0.0002550472277052071,0
2023-12-17,S001,P0004,0,3.910423441168238e-05,0
2023-12-18,S001,P0004,0,2.8536515574327032e-05,0
2023-12-19,S001,P0004,0,4.951611519221577e-05,0
2023-12-20,S001,P0004,0,3.910423441168238e-05,0
2023-12-21,S001,P0004,0,0.0006959853939031721,0
2023-12-22,S001,P0004,0,2.8396623889346913e-05,0
2023-12-23,S001,P0004,0,0.0023041076188722322,0
2023-12-24,S001,P0004,1,0.9974142922290948,1
2023-12-25,S001,P0004,1,0.9998757298355099,1
2023-12-26,S001,P0004,0,0.0,0
2023-12-27,S001,P0004,0,0.0,0
2023-12-28,S001,P0004,0,4.377764779577528e-05,0
2023-12-29,S001,P0004,0,1.6767282727573657e-05,0
2023-12-30,S001,P0004,0,5.122548784720817e-06,0
2023-12-31,S001,P0004,0,2.902104423732585e-05,0
2024-01-01,S001,P0004,0,5.122548784720817e-06,0
2024-01-02,S001,P0004,0,0.0006977949236205516,0
2024-01-03,S001,P0004,0,0.0,0
2024-01-04,S001,P0004,0,0.0,0
2024-01-05,S001,P0004,0,0.002165804597402986,0
2024-01-06,S001,P0004,0,0.010408669278758529,0
2024-01-07,S001,P0004,0,0.00030381542644402124,0
2024-01-08,S001,P0004,0,0.01,0
2024-01-09,S001,P0004,1,0.9997701460173418,1
2024-01-10,S001,P0004,0,0.008309784398435115,0
2024-01-11,S001,P0004,0,0.0003390459023894234,0
2024-01-12,S001,P0004,1,0.9478462029189924,1
2024-01-13,S001,P0004,0,0.0,0
2024-01-14,S001,P0004,0,0.05949296592604898,0
2024-01-15,S001,P0004,0,0.00011269224445902287,0
2024-01-16,S001,P0004,0,0.00015434284542522502,0
2024-01-17,S001,P0004,0,0.0010890346499772279,0
2024-01-18,S001,P0004,1,0.9933705065930667,1
2024-01-19,S001,P0004,0,0.00039535739794097676,0
2024-01-20,S001,P0004,0,0.0,0
2024-01-21,S001,P0004,0,0.0001814286707915095,0
2024-01-22,S001,P0004,0,0.01121427942794139,0
2024-01-23,S001,P0004,0,5.122548784720817e-06,0
2024-01-24,S001,P0004,0,2.8536515574327032e-05,0
2024-01-25,S001,P0004,0,0.0,0
2024-01-26,S001,P0004,0,2.0367173369858746e-05,0
2024-01-27,S001,P0004,0,1.6767282727573657e-05,0
2024-01-28,S001,P0004,0,6.0042010313652403e-05,0
2024-01-29,S001,P0004,0,0.004686459828700845,0
2024-01-30,S001,P0004,0,0.0006596212780151652,0
2023-10-13,S001,P0005,0,0.0,0
2023-10-14,S001,P0005,0,0.0002398026031200692,0
2023-10-15,S001,P0005,0,0.001298424172464899,0
2023-10-16,S001,P0005,0,6.482748495385612e-05,0
2023-10-17,S001,P0005,0,0.0,0
2023-10-18,S001,P0005,0,1.6767282727573657e-05,0
2023-10-19,S001,P0005,0,5.122548784720817e-06,0
2023-10-20,S001,P0005,0,0.0,0
2023-10-21,S001,P0005,0,1.6767282727573657e-05,0
2023-10-22,S001,P0005,0,0.00015165428474894657,0
2023-10-23,S001,P0005,0,7.285693547334429e-05,0
2023-10-24,S001,P0005,0,1.164473394285284e-05,0
2023-10-25,S001,P0005,0,5.122548784720817e-06,0
2023-10-26,S001,P0005,0,0.0,0
2023-10-27,S001,P0005,0,0.0,0
2023-10-28,S001,P0005,0,0.004915379102058427,0
2023-10-29,S001,P0005,1,0.9994024692634698,1
2023-10-30,S001,P0005,0,0.0,0
2023-10-31,S001,P0005,0,0.0,0
2023-11-01,S001,P0005,0,0.00015003790477133305,0
2023-11-02,S001,P0005,0,1.3151999304208986e-05,0
2023-11-03,S001,P0005,0,2.8536515574327032e-05,0
2023-11-04,S001,P0005,0,6.75979128450487e-05,0
2023-11-05,S001,P0005,0,4.0665778180178686e-05,0
2023-11-06,S001,P0005,0,0.0,0
2023-11-07,S001,P0005,0,5.122548784720817e-06,0
2023-11-08,S001,P0005,0,5.122548784720817e-06,0
2023-11-09,S001,P0005,0,0.0,0
2023-11-10,S001,P0005,0,1.6767282727573657e-05,0
2023-11-11,S001,P0005,0,3.910423441168238e-05,0
2023-11-12,S001,P0005,0,2.8536515574327032e-05,0
2023-11-13,S001,P0005,0,2.8396623889346913e-05,0
2023-11-14,S001,P0005,0,0.00019667329537664742,0
2023-11-15,S001,P0005,0,0.00040568172248544123,0
2023-11-16,S001,P0005,0,1.6767282727573657e-05,0
2023-11-17,S001,P0005,0,0.0,0
2023-11-18,S001,P0005,0,5.122548784720817e-06,0
2023-11-19,S001,P0005,0,0.00025536597018101893,0
2023-11-20,S001,P0005,0,0.0,0
2023-11-21,S001,P0005,0,0.0,0
2023-11-22,S001,P0005,0,2.8536515574327032e-05,0
2023-11-23,S001,P0005,0,0.0001835704549976667,0
2023-11-24,S001,P0005,0,0.0,0
2023-11-25,S001,P0005,0,0.00024671209931355185,0
2023-11-26,S001,P0005,0,0.0,0
2023-11-27,S001,P0005,0,5.122548784720817e-06,0
2023-11-28,S001,P0005,0,0.0,0
2023-11-29,S001,P0005,0,0.0,0
2023-11-30,S001,P0005,0,2.8536515574327032e-05,0
2023-12-01,S001,P0005,0,1.5244624585137928e-05,0
2023-12-02,S001,P0005,0,1.3151999304208986e-05,0
2023-12-03,S001,P0005,0,0.0014514377626163367,0
2023-12-04,S001,P0005,0,3.910423441168238e-05,0
2023-12-05,S001,P0005,0,0.00015747200642094564,0
2023-12-06,S001,P0005,0,3.910423441168238e-05,0
2023-12-07,S001,P0005,0,1.3151999304208986e-05,0
2023-12-08,S001,P0005,0,0.005013151999304209,0
2023-12-09,S001,P0005,0,0.0,0
2023-12-10,S001,P0005,0,1.164473394285284e-05,0
2023-12-11,S001,P0005,0,0.0,0
2023-12-12,S001,P0005,0,0.00014222738183580772,0
2023-12-13,S001,P0005,0,0.0,0
2023-12-14,S001,P0005,0,0.005547767692595156,0
2023-12-15,S001,P0005,1,0.999769864325161,1
2023-12-16,S001,P0005,0,5.3899723596192384e-05,0
2023-12-17,S001,P0005,0,2.902104423732585e-05,0
2023-12-18,S001,P0005,0,0.0,0
2023-12-19,S001,P0005,0,0.00023216264761569217,0
2023-12-20,S001,P0005,0,1.3151999304208986e-05,0
2023-12-21,S001,P0005,0,1.6767282727573657e-05,0
2023-12-22,S001,P0005,0,2.5952235107473395e-05,0
2023-12-23,S001,P0005,0,1.3151999304208986e-05,0
2023-12-24,S001,P0005,0,2.902104423732585e-05,0
2023-12-25,S001,P0005,0,0.0,0
2023-12-26,S001,P0005,0,2.8536515574327032e-05,0
2023-12-27,S001,P0005,0,0.0,0
2023-12-28,S001,P0005,0,1.6767282727573657e-05,0
2023-12-29,S001,P0005,0,5.122548784720817e-06,0
2023-12-30,S001,P0005,0,0.000664743826799886,0
2023-12-31,S001,P0005,0,4.8008849830859627e-05,0
2024-01-01,S001,P0005,0,0.0006479765440723125,0
2024-01-02,S001,P0005,0,0.0,0
2024-01-03,S001,P0005,0,8.674000935154948e-05,0
2024-01-04,S001,P0005,0,0.0006959853939031721,0
2024-01-05,S001,P0005,0,4.8008849830859627e-05,0
2024-01-06,S001,P0005,0,0.0,0
2024-01-07,S001,P0005,0,0.0,0
2024-01-08,S001,P0005,0,1.6767282727573657e-05,0
2024-01-09,S001,P0005,1,0.9347628945357982,1
2024-01-10,S001,P0005,0,0.0,0
2024-01-11,S001,P0005,0,0.0,0
2024-01-12,S001,P0005,0,5.122548784720817e-06,0
2024-01-13,S001,P0005,0,5.122548784720817e-06,0
2024-01-14,S001,P0005,0,0.00011269224445902287,0
2024-01-15,S001,P0005,0,0.00011269224445902287,0
2024-01-16,S001,P0005,0,3.6035542183692063e-05,0
2024-01-17,S001,P0005,0,0.00011269224445902287,0
2024-01-18,S001,P0005,0,2.8536515574327032e-05,0
2024-01-19,S001,P0005,0,0.012957004734602352,0
2024-01-20,S001,P0005,0,5.640271555355081e-05,0
2024-01-21,S001,P0005,0,0.00032579783683347443,0
2024-01-22,S001,P0005,0,0.0,0
2024-01-23,S001,P0005,0,1.6767282727573657e-05,0
2024-01-24,S001,P0005,0,0.00021067655712985977,0
2024-01-25,S001,P0005,0,0.0,0
2024-01-26,S001,P0005,0,5.3899723596192384e-05,0
2024-01-27,S001,P0005,0,8.993526577988445e-05,0
2024-01-28,S001,P0005,0,0.0,0
2024-01-29,S001,P0005,0,1.6767282727573657e-05,0
2024-01-30,S001,P0005,0,0.0,0
2023-10-13,S001,P0006,0,0.0006479765440723125,0
2023-10-14,S001,P0006,0,0.00029036116278378883,0
2023-10-15,S001,P0006,0,0.0,0
2023-10-16,S001,P0006,0,0.0,0
2023-10-17,S001,P0006,0,7.69948015300162e-05,0
2023-10-18,S001,P0006,0,0.0,0
2023-10-19,S001,P0006,0,0.0046366826761401365,0
2023-10-20,S001,P0006,0,0.0162921247913062,0
2023-10-21,S001,P0006,0,9.04134321610054e-05,0
2023-10-22,S001,P0006,0,0.0,0
2023-10-23,S001,P0006,0,9.04134321610054e-05,0
2023-10-24,S001,P0006,0,0.0001038676958212378,0
2023-10-25,S001,P0006,0,0.006259932613001793,0
2023-10-26,S001,P0006,1,0.9634641418775096,1
2023-10-27,S001,P0006,1,0.9947003755415343,1
2023-10-28,S001,P0006,0,0.0,0
2023-10-29,S001,P0006,0,0.0,0
2023-10-30,S001,P0006,0,0.0,0
2023-10-31,S001,P0006,0,5.122548784720817e-06,0
2023-11-01,S001,P0006,0,1.164473394285284e-05,0
2023-11-02,S001,P0006,0,1.3151999304208986e-05,0
2023-11-03,S001,P0006,0,5.122548784720817e-06,0
2023-11-04,S001,P0006,0,1.6767282727573657e-05,0
2023-11-05,S001,P0006,0,0.00036865939890307964,0
2023-11-06,S001,P0006,1,0.9853828359797346,1
2023-11-07,S001,P0006,1,0.9992170128918128,1
2023-11-08,S001,P0006,0,1.164473394285284e-05,0
2023-11-09,S001,P0006,0,0.000279003892075771,0
2023-11-10,S001,P0006,0,0.00010809445304739143,0
2023-11-11,S001,P0006,0,0.034954182594432004,0
2023-11-12,S001,P0006,0,0.00015165428474894657,0
2023-11-13,S001,P0006,0,0.005071349670111988,0
2023-11-14,S001,P0006,0,0.0,0
2023-11-15,S001,P0006,0,0.00091468569533157,0
2023-11-16,S001,P0006,1,0.9935287474900695,1
2023-11-17,S001,P0006,1,0.9993783568287153,1
2023-11-18,S001,P0006,0,3.910423441168238e-05,0
2023-11-19,S001,P0006,0,2.902104423732585e-05,0
2023-11-20,S001,P0006,0,5.122548784720817e-06,0
2023-11-21,S001,P0006,0,0.0,0
2023-11-22,S001,P0006,0,0.00927048638907972,0
2023-11-23,S001,P0006,1,0.9998666550725236,1
2023-11-24,S001,P0006,0,1.6767282727573657e-05,0
2023-11-25,S001,P0006,0,5.122548784720817e-06,0
2023-11-26,S001,P0006,0,0.0,0
2023-11-27,S001,P0006,0,2.0367173369858746e-05,0
2023-11-28,S001,P0006,0,0.0035997668341487344,0
2023-11-29,S001,P0006,0,1.6767282727573657e-05,0
2023-11-30,S001,P0006,0,2.5952235107473395e-05,0
2023-12-01,S001,P0006,0,0.0,0
2023-12-02,S001,P0006,0,0.03686409951483478,0
2023-12-03,S001,P0006,1,0.9999373785879223,1
2023-12-04,S001,P0006,0,7.546835029968916e-05,0
2023-12-05,S001,P0006,0,6.231635099548019e-05,0
2023-12-06,S001,P0006,0,5.128016676882999e-05,0
2023-12-07,S001,P0006,0,0.0,0
2023-12-08,S001,P0006,0,0.05598895052843001,0
2023-12-09,S001,P0006,0,1.5244624585137928e-05,0
2023-12-10,S001,P0006,0,0.0,0
2023-12-11,S001,P0006,0,0.0,0
2023-12-12,S001,P0006,0,0.0001961271054320001,0
2023-12-13,S001,P0006,0,0.0,0
2023-12-14,S001,P0006,0,0.00025047045014159954,0
2023-12-15,S001,P0006,0,2.8396623889346913e-05,0
2023-12-16,S001,P0006,0,4.951611519221577e-05,0
2023-12-17,S001,P0006,0,0.00014222738183580772,0
2023-12-18,S001,P0006,0,0.00012026410525424403,0
2023-12-19,S001,P0006,0,0.025484201618747395,0
2023-12-20,S001,P0006,0,2.8536515574327032e-05,0
2023-12-21,S001,P0006,0,0.006891803935890784,0
2023-12-22,S001,P0006,1,0.9992458444871657,1
2023-12-23,S001,P0006,0,2.5952235107473395e-05,0
2023-12-24,S001,P0006,0,0.0,0
2023-12-25,S001,P0006,0,0.0007202342974659567,0
2023-12-26,S001,P0006,0,0.009724490319948329,0
2023-12-27,S001,P0006,0,0.0006479765440723125,0
2023-12-28,S001,P0006,0,5.122548784720817e-06,0
2023-12-29,S001,P0006,0,3.6364115888006784e-05,0
2023-12-30,S001,P0006,0,0.0006479765440723125,0
2023-12-31,S001,P0006,0,0.0006479765440723125,0
2024-01-01,S001,P0006,0,0.0006479765440723125,0
2024-01-02,S001,P0006,0,0.0,0
2024-01-03,S001,P0006,0,0.00015165428474894657,0
2024-01-04,S001,P0006,0,0.0,0
2024-01-05,S001,P0006,0,0.0006479765440723125,0
2024-01-06,S001,P0006,0,0.0,0
2024-01-07,S001,P0006,0,0.0006479765440723125,0
2024-01-08,S001,P0006,0,0.0007076814802414477,0
2024-01-09,S001,P0006,0,1.3454263660232394e-05,0
2024-01-10,S001,P0006,0,0.008367468493931593,0
2024-01-11,S001,P0006,1,0.998598449797788,1
2024-01-12,S001,P0006,0,0.00036945815078361614,0
2024-01-13,S001,P0006,0,0.0005973195469939008,0
2024-01-14,S001,P0006,0,1.164473394285284e-05,0
2024-01-15,S001,P0006,0,1.164473394285284e-05,0
2024-01-16,S001,P0006,0,1.164473394285284e-05,0
2024-01-17,S001,P0006,0,1.3454263660232394e-05,0
2024-01-18,S001,P0006,0,0.0011959171860332102,0
2024-01-19,S001,P0006,0,0.029702806421103137,0
2024-01-20,S001,P0006,0,0.002945636673728448,0
2024-01-21,S001,P0006,1,0.9360229598064752,1
2024-01-22,S001,P0006,1,0.9994289983259725,1
2024-01-23,S001,P0006,0,0.00012594129830725126,0
2024-01-24,S001,P0006,0,0.0035519812756497266,0
2024-01-25,S001,P0006,0,3.92012889557018e-05,0
2024-01-26,S001,P0006,0,0.0,0
2024-01-27,S001,P0006,0,0.0012053536995233858,0
2024-01-28,S001,P0006,0,4.0665778180178686e-05,0
2024-01-29,S001,P0006,0,0.0,0
2024-01-30,S001,P0006,0,0.0,0
2023-10-13,S001,P0007,0,1.6767282727573657e-05,0
2023-10-14,S001,P0007,0,3.910423441168238e-05,0
2023-10-15,S001,P0007,0,3.910423441168238e-05,0
2023-10-16,S001,P0007,0,1.164473394285284e-05,0
2023-10-17,S001,P0007,0,1.164473394285284e-05,0
2023-10-18,S001,P0007,0,0.0001668989093340845,0
2023-10-19,S001,P0007,0,2.8536515574327032e-05,0
2023-10-20,S001,P0007,0,0.0,0
2023-10-21,S001,P0007,0,1.3151999304208986e-05,0
2023-10-22,S001,P0007,0,0.012182976961965629,0
2023-10-23,S001,P0007,0,0.0,0
2023-10-24,S001,P0007,0,0.0,0
2023-10-25,S001,P0007,0,0.0,0
2023-10-26,S001,P0007,0,0.001077104472173035,0
2023-10-27,S001,P0007,0,0.07852373181757843,0
2023-10-28,S001,P0007,0,0.0,0
2023-10-29,S001,P0007,0,3.910423441168238e-05,0
2023-10-30,S001,P0007,0,0.030267902782569835,0
2023-10-31,S001,P0007,1,0.9995603294033454,1
2023-11-01,S001,P0007,0,1.6767282727573657e-05,0
2023-11-02,S001,P0007,0,2.8536515574327032e-05,0
2023-11-03,S001,P0007,0,0.0,0
2023-11-04,S001,P0007,0,5.122548784720817e-06,0
2023-11-05,S001,P0007,0,0.0001189563100172103,0
2023-11-06,S001,P0007,0,0.0,0
2023-11-07,S001,P0007,0,0.00014222738183580772,0
2023-11-08,S001,P0007,0,0.0,0
2023-11-09,S001,P0007,0,0.0,0
2023-11-10,S001,P0007,0,0.0006297380741416562,0
2023-11-11,S001,P0007,0,0.0,0
2023-11-12,S001,P0007,0,0.0,0
2023-11-13,S001,P0007,0,5.9022272380913206e-05,0
2023-11-14,S001,P0007,0,0.0,0
2023-11-15,S001,P0007,0,5.122548784720817e-06,0
2023-11-16,S001,P0007,0,0.00015747200642094564,0
2023-11-17,S001,P0007,0,5.128016676882999e-05,0
2023-11-18,S001,P0007,0,1.5244624585137928e-05,0
2023-11-19,S001,P0007,0,0.0,0
2023-11-20,S001,P0007,0,0.0,0
2023-11-21,S001,P0007,0,2.0367173369858746e-05,0
2023-11-22,S001,P0007,0,5.640271555355081e-05,0
2023-11-23,S001,P0007,0,2.8396623889346913e-05,0
2023-11-24,S001,P0007,0,2.8536515574327032e-05,0
2023-11-25,S001,P0007,0,3.910423441168238e-05,0
2023-11-26,S001,P0007,0,3.910423441168238e-05,0
2023-11-27,S001,P0007,0,2.5952235107473395e-05,0
2023-11-28,S001,P0007,0,1.164473394285284e-05,0
2023-11-29,S001,P0007,0,3.910423441168238e-05,0
2023-11-30,S001,P0007,0,3.910423441168238e-05,0
2023-12-01,S001,P0007,0,0.00014222738183580772,0
2023-12-02,S001,P0007,0,2.8396623889346913e-05,0
2023-12-03,S001,P0007,0,0.0020764025867703122,0
2023-12-04,S001,P0007,1,0.9995292805122945,1
2023-12-05,S001,P0007,0,5.122548784720817e-06,0
2023-12-06,S001,P0007,0,0.00021691802303055424,0
2023-12-07,S001,P0007,0,8.993526577988445e-05,0
2023-12-08,S001,P0007,0,0.0,0
2023-12-09,S001,P0007,0,0.0713491690475026,0
2023-12-10,S001,P0007,0,2.8396623889346913e-05,0
2023-12-11,S001,P0007,0,0.0001668989093340845,0
2023-12-12,S001,P0007,0,0.0006596212780151652,0
2023-12-13,S001,P0007,0,0.00014222738183580772,0
2023-12-14,S001,P0007,0,0.0,0
2023-12-15,S001,P0007,0,0.004202476247442109,0
2023-12-16,S001,P0007,1,0.9999313064173551,1
2023-12-17,S001,P0007,0,0.0,0
2023-12-18,S001,P0007,0,0.0,0
2023-12-19,S001,P0007,0,0.0,0
2023-12-20,S001,P0007,0,0.0,0
2023-12-21,S001,P0007,0,1.6767282727573657e-05,0
2023-12-22,S001,P0007,0,0.0,0
2023-12-23,S001,P0007,0,5.3899723596192384e-05,0
2023-12-24,S001,P0007,0,0.00016759058985767308,0
2023-12-25,S001,P0007,0,0.0,0
2023-12-26,S001,P0007,0,5.122548784720817e-06,0
2023-12-27,S001,P0007,0,0.0,0
2023-12-28,S001,P0007,0,5.122548784720817e-06,0
2023-12-29,S001,P0007,0,5.122548784720817e-06,0
2023-12-30,S001,P0007,0,5.122548784720817e-06,0
2023-12-31,S001,P0007,0,4.0665778180178686e-05,0
2024-01-01,S001,P0007,0,0.00021648176970280266,0
2024-01-02,S001,P0007,0,5.122548784720817e-06,0
2024-01-03,S001,P0007,0,0.00015165428474894657,0
2024-01-04,S001,P0007,0,0.00015165428474894657,0
2024-01-05,S001,P0007,0,0.0,0
2024-01-06,S001,P0007,0,1.164473394285284e-05,0
2024-01-07,S001,P0007,0,0.0,0
2024-01-08,S001,P0007,0,0.0,0
2024-01-09,S001,P0007,0,2.5952235107473395e-05,0
2024-01-10,S001,P0007,0,6.0042010313652403e-05,0
2024-01-11,S001,P0007,0,0.005510666056863647,0
2024-01-12,S001,P0007,0,0.0006596212780151652,0
2024-01-13,S001,P0007,0,0.0010504982092085936,0
2024-01-14,S001,P0007,0,0.0,0
2024-01-15,S001,P0007,0,0.0,0
2024-01-16,S001,P0007,0,0.0003403472885313341,0
2024-01-17,S001,P0007,0,0.0001835704549976667,0
2024-01-18,S001,P0007,0,0.0,0
2024-01-19,S001,P0007,0,1.6767282727573657e-05,0
2024-01-20,S001,P0007,0,5.122548784720817e-06,0
2024-01-21,S001,P0007,0,2.902104423732585e-05,0
2024-01-22,S001,P0007,0,5.122548784720817e-06,0
2024-01-23,S001,P0007,0,0.0,0
2024-01-24,S001,P0007,0,5.122548784720817e-06,0
2024-01-25,S001,P0007,0,5.122548784720817e-06,0
2024-01-26,S001,P0007,0,0.0,0
2024-01-27,S001,P0007,0,0.0014973413546322716,0
2024-01-28,S001,P0007,0,0.0,0
2024-01-29,S001,P0007,1,0.9831071839776375,1
2024-01-30,S001,P0007,0,0.0,0
2023-10-13,S001,P0008,0,0.000573997214071133,0
2023-10-14,S001,P0008,0,0.0009383377068561013,0
2023-10-15,S001,P0008,0,0.022305370467439762,0
2023-10-16,S001,P0008,0,0.0026810245491160844,0
2023-10-17,S001,P0008,0,0.0033378161999421314,0
2023-10-18,S001,P0008,0,0.001438399183392217,0
2023-10-19,S001,P0008,1,0.8900182624272054,1
2023-10-20,S001,P0008,0,0.0003297676615514946,0
2023-10-21,S001,P0008,1,0.9979318493395488,1
2023-10-22,S001,P0008,0,0.018767214364494886,0
2023-10-23,S001,P0008,1,0.9805126637625324,1
2023-10-24,S001,P0008,0,0.0523093227791083,0
2023-10-25,S001,P0008,1,0.9850956294413709,1
2023-10-26,S001,P0008,1,0.9995076580905983,1
2023-10-27,S001,P0008,0,0.0034283308997498686,0
2023-10-28,S001,P0008,0,0.006479756163658867,0
2023-10-29,S001,P0008,1,0.9996559258557498,1
2023-10-30,S001,P0008,0,0.018318646968303702,0
2023-10-31,S001,P0008,0,0.000594730414207317,0
2023-11-01,S001,P0008,0,0.02941343256250605,0
2023-11-02,S001,P0008,1,0.9995423008435218,1
2023-11-03,S001,P0008,1,0.9643287828842273,1
2023-11-04,S001,P0008,0,0.0008734370281571016,0
2023-11-05,S001,P0008,0,0.041345314394567845,0
2023-11-06,S001,P0008,1,0.9933975306626053,1
2023-11-07,S001,P0008,0,0.000998630887429173,0
2023-11-08,S001,P0008,1,0.999599668290822,1
2023-11-09,S001,P0008,0,0.0667155126938057,0
2023-11-10,S001,P0008,0,0.05561490416487917,0
2023-11-11,S001,P0008,1,0.9998784193493525,1
2023-11-12,S001,P0008,0,0.007674791591713418,0
2023-11-13,S001,P0008,0,0.0176844362328006,0
2023-11-14,S001,P0008,0,0.0003477216230011097,0
2023-11-15,S001,P0008,1,0.9894802016758923,1
2023-11-16,S001,P0008,0,0.06235905531102953,0
2023-11-17,S001,P0008,0,0.042528550054721344,0
2023-11-18,S001,P0008,1,0.8925245259813555,1
2023-11-19,S001,P0008,1,0.9964671264730361,1
2023-11-20,S001,P0008,0,0.05248870582721028,0
2023-11-21,S001,P0008,0,0.0040986452507180225,0
2023-11-22,S001,P0008,0,0.006529805602012746,0
2023-11-23,S001,P0008,0,0.009112047129464607,0
2023-11-24,S001,P0008,1,0.9981551841101503,1
2023-11-25,S001,P0008,0,0.0,0
2023-11-26,S001,P0008,0,0.0006839503860293188,0
2023-11-27,S001,P0008,1,0.99757954496158,1
2023-11-28,S001,P0008,1,0.9961668939491733,1
2023-11-29,S001,P0008,0,0.001174567088975804,0
2023-11-30,S001,P0008,1,0.9997652237964645,1
2023-12-01,S001,P0008,0,0.0055493123580780315,0
2023-12-02,S001,P0008,1,0.9895959680575228,1
2023-12-03,S001,P0008,1,0.9632589997424662,1
2023-12-04,S001,P0008,0,0.01067190023867219,0
2023-12-05,S001,P0008,1,0.9842946863070735,1
2023-12-06,S001,P0008,0,0.00029021286438355364,0
2023-12-07,S001,P0008,1,0.9994522531961145,1
2023-12-08,S001,P0008,0,0.02530880832828015,0
2023-12-09,S001,P0008,0,0.0007202342974659567,0
2023-12-10,S001,P0008,0,0.0004169170514488227,0
2023-12-11,S001,P0008,1,0.9497947324122166,1
2023-12-12,S001,P0008,1,0.9979669671753523,1
2023-12-13,S001,P0008,0,0.0003217693878936362,0
2023-12-14,S001,P0008,0,0.061587791036102305,0
2023-12-15,S001,P0008,1,0.9984611221454283,1
2023-12-16,S001,P0008,0,0.00555144833454009,0
2023-12-17,S001,P0008,1,0.9996759559689297,1
2023-12-18,S001,P0008,0,0.0041347314020494606,0
2023-12-19,S001,P0008,1,0.9816762575285618,1
2023-12-20,S001,P0008,1,0.9965262629730895,1
2023-12-21,S001,P0008,0,0.0017420724592742862,0
2023-12-22,S001,P0008,1,0.9996336423138171,1
2023-12-23,S001,P0008,1,0.9986943125474103,1
2023-12-24,S001,P0008,0,0.04187243887867291,0
2023-12-25,S001,P0008,0,0.0,0
2023-12-26,S001,P0008,1,0.9414186687456801,1
2023-12-27,S001,P0008,0,0.0020754441865923887,0
2023-12-28,S001,P0008,0,0.00017210598346184831,0
2023-12-29,S001,P0008,0,0.07229103198269023,0
2023-12-30,S001,P0008,0,0.0199074641649547,0
2023-12-31,S001,P0008,1,0.9921146165702435,1
2024-01-01,S001,P0008,0,0.00017210598346184831,0
2024-01-02,S001,P0008,0,0.000930892333549342,0
2024-01-03,S001,P0008,0,0.013121572195660635,0
2024-01-04,S001,P0008,1,0.9811092216246415,1
2024-01-05,S001,P0008,0,0.03070103484492132,0
2024-01-06,S001,P0008,0,0.007623807339835302,0
2024-01-07,S001,P0008,0,0.00433919736830827,0
2024-01-08,S001,P0008,0,1.164473394285284e-05,0
2024-01-09,S001,P0008,1,0.9981621366032091,1
2024-01-10,S001,P0008,0,0.010865054357517927,0
2024-01-11,S001,P0008,1,0.9973506016403436,1
2024-01-12,S001,P0008,0,0.07409075624123712,0
2024-01-13,S001,P0008,0,0.0020555379487183544,0
2024-01-14,S001,P0008,0,0.045272711753143235,0
2024-01-15,S001,P0008,1,0.9536494600927238,1
2024-01-16,S001,P0008,1,0.985476361256716,1
2024-01-17,S001,P0008,0,0.019289444337427214,0
2024-01-18,S001,P0008,1,0.9998034591856272,1
2024-01-19,S001,P0008,0,0.0013166395117429472,0
2024-01-20,S001,P0008,1,0.9996215204553306,1
2024-01-21,S001,P0008,0,0.01573482090120543,0
2024-01-22,S001,P0008,0,0.0026944214903533627,0
2024-01-23,S001,P0008,1,0.9992144861453284,1
2024-01-24,S001,P0008,1,0.9994752490558677,1
2024-01-25,S001,P0008,0,0.06238188645219683,0
2024-01-26,S001,P0008,0,0.013510582676104261,0
2024-01-27,S001,P0008,0,0.03294379031944784,0
2024-01-28,S001,P0008,1,0.9998266287957788,1
2024-01-29,S001,P0008,0,0.056398428248137907,0
2024-01-30,S001,P0008,0,0.0005792890652968627,0
2023-10-13,S001,P0009,0,2.5952235107473395e-05,0
2023-10-14,S001,P0009,1,0.9941597782728014,1
2023-10-15,S001,P0009,0,0.01611428712902779,0
2023-10-16,S001,P0009,0,0.008177196104545216,0
2023-10-17,S001,P0009,1,0.9737189687902315,1
2023-10-18,S001,P0009,0,0.02074002505939159,0
2023-10-19,S001,P0009,0,3.910423441168238e-05,0
2023-10-20,S001,P0009,0,0.11244650520786462,0
2023-10-21,S001,P0009,1,0.9841741831518671,1
2023-10-22,S001,P0009,0,0.026274884467921002,0
2023-10-23,S001,P0009,1,0.9871757826327862,1
2023-10-24,S001,P0009,0,0.0,0
2023-10-25,S001,P0009,0,0.0,0
2023-10-26,S001,P0009,1,0.9998469398430081,1
2023-10-27,S001,P0009,0,0.10511917990677178,0
2023-10-28,S001,P0009,1,0.9969398197668012,1
2023-10-29,S001,P0009,0,0.0020764025867703122,0
2023-10-30,S001,P0009,1,0.998467838059381,1
2023-10-31,S001,P0009,1,0.9974031287518166,1
2023-11-01,S001,P0009,0,0.00016126603665106407,0
2023-11-02,S001,P0009,1,0.9763259466938998,1
2023-11-03,S001,P0009,0,0.05301697528684339,0
2023-11-04,S001,P0009,0,0.0008308515357272552,0
2023-11-05,S001,P0009,0,0.0035566462861717097,0
2023-11-06,S001,P0009,1,0.9963115969475796,1
2023-11-07,S001,P0009,0,0.0006187586152723332,0
2023-11-08,S001,P0009,0,0.0001589192042652985,0
2023-11-09,S001,P0009,0,0.0034631678994569526,0
2023-11-10,S001,P0009,0,0.003139975481481786,0
2023-11-11,S001,P0009,0,0.03454469546835831,0
2023-11-12,S001,P0009,0,0.05160015296026707,0
2023-11-13,S001,P0009,0,0.07695973639500614,0
2023-11-14,S001,P0009,1,0.9969742336929873,1
2023-11-15,S001,P0009,0,0.0,0
2023-11-16,S001,P0009,0,0.002212946643393861,0
2023-11-17,S001,P0009,0,0.012627850973214151,0
2023-11-18,S001,P0009,1,0.9815497541380382,1
2023-11-19,S001,P0009,0,0.004503142373499825,0
2023-11-20,S001,P0009,1,0.9968901191600681,1
2023-11-21,S001,P0009,0,0.040709930405915175,0
2023-11-22,S001,P0009,1,0.9911375901121889,1
2023-11-23,S001,P0009,0,0.01782845607578193,0
2023-11-24,S001,P0009,0,0.0003086173885894273,0
2023-11-25,S001,P0009,0,2.8536515574327032e-05,0
2023-11-26,S001,P0009,0,0.0,0
2023-11-27,S001,P0009,1,0.9921950815898525,1
2023-11-28,S001,P0009,0,0.002700011860286114,0
2023-11-29,S001,P0009,0,1.3151999304208986e-05,0
2023-11-30,S001,P0009,0,0.024449788712816,0
2023-12-01,S001,P0009,0,0.011909724783065782,0
2023-12-02,S001,P0009,1,0.9497660201041108,1
2023-12-03,S001,P0009,0,3.865509901105446e-05,0
2023-12-04,S001,P0009,1,0.9918476579212547,1
2023-12-05,S001,P0009,0,0.026018130558787704,0
2023-12-06,S001,P0009,0,0.0011449749633268243,0
2023-12-07,S001,P0009,1,0.9517396633052811,1
2023-12-08,S001,P0009,1,0.9573252615417283,1
2023-12-09,S001,P0009,0,0.0,0
2023-12-10,S001,P0009,0,0.025344292142074697,0
2023-12-11,S001,P0009,0,0.0,0
2023-12-12,S001,P0009,1,0.9262614137835845,1
2023-12-13,S001,P0009,0,0.009876309092609694,0
2023-12-14,S001,P0009,0,0.0,0
2023-12-15,S001,P0009,0,5.122548784720817e-06,0
2023-12-16,S001,P0009,1,0.9586340416646063,1
2023-12-17,S001,P0009,0,0.003848035997836513,0
2023-12-18,S001,P0009,0,0.06013153650147309,0
2023-12-19,S001,P0009,1,0.9896361157207558,1
2023-12-20,S001,P0009,0,0.01571858582118711,0
2023-12-21,S001,P0009,0,0.023872235588919884,0
2023-12-22,S001,P0009,0,0.017563046918877657,0
2023-12-23,S001,P0009,0,0.00016126603665106407,0
2023-12-24,S001,P0009,1,0.9945077447858733,1
2023-12-25,S001,P0009,0,0.0002706557940614073,0
2023-12-26,S001,P0009,1,0.9973947152850475,1
2023-12-27,S001,P0009,0,0.0003682881651307321,0
2023-12-28,S001,P0009,0,5.122548784720817e-06,0
2023-12-29,S001,P0009,1,0.9960055482585785,1
2023-12-30,S001,P0009,0,0.004268941670853681,0
2023-12-31,S001,P0009,0,0.037120391714021705,0
2024-01-01,S001,P0009,0,0.00042402932991821273,0
2024-01-02,S001,P0009,1,0.9990854147622489,1
2024-01-03,S001,P0009,0,0.0,0
2024-01-04,S001,P0009,0,0.03199222840473919,0
2024-01-05,S001,P0009,0,0.0011037663309335683,0
2024-01-06,S001,P0009,0,0.0741326655047766,0
2024-01-07,S001,P0009,0,0.05098030262559093,0
2024-01-08,S001,P0009,0,0.0006908720047609308,0
2024-01-09,S001,P0009,0,0.00015379665548057766,0
2024-01-10,S001,P0009,0,0.0151127808284369,0
2024-01-11,S001,P0009,1,0.9971276303120316,1
2024-01-12,S001,P0009,0,0.0,0
2024-01-13,S001,P0009,1,0.9997362347301629,1
2024-01-14,S001,P0009,0,0.017486020012991706,0
2024-01-15,S001,P0009,0,0.012976198403280521,0
2024-01-16,S001,P0009,1,0.9995415949171125,1
2024-01-17,S001,P0009,0,0.010355940693358911,0
2024-01-18,S001,P0009,1,0.9998079583092361,1
2024-01-19,S001,P0009,0,0.03640857136051105,0
2024-01-20,S001,P0009,1,0.9913413063995307,1
2024-01-21,S001,P0009,0,0.0763624736039993,0
2024-01-22,S001,P0009,0,0.005,0
2024-01-23,S001,P0009,0,0.0,0
2024-01-24,S001,P0009,0,5.122548784720817e-06,0
2024-01-25,S001,P0009,1,0.9995512969144531,1
2024-01-26,S001,P0009,0,0.00034850885806039637,0
2024-01-27,S001,P0009,0,0.03947578546444903,0
2024-01-28,S001,P0009,0,0.002309912768292431,0
2024-01-29,S001,P0009,1,0.9995948672445714,1
2024-01-30,S001,P0009,0,0.02594698834569355,0
2023-10-13,S001,P0010,0,0.0006596212780151652,0
2023-10-14,S001,P0010,0,0.00029036116278378883,0
2023-10-15,S001,P0010,0,0.0003790006982566579,0
2023-10-16,S001,P0010,0,0.0,0
2023-10-17,S001,P0010,0,0.0,0
2023-10-18,S001,P0010,0,0.0006479765440723125,0
2023-10-19,S001,P0010,0,0.0,0
2023-10-20,S001,P0010,0,0.0,0
2023-10-21,S001,P0010,0,6.0042010313652403e-05,0
2023-10-22,S001,P0010,0,0.00043391934783714814,0
2023-10-23,S001,P0010,0,9.04134321610054e-05,0
2023-10-24,S001,P0010,0,7.69948015300162e-05,0
2023-10-25,S001,P0010,0,0.0,0
2023-10-26,S001,P0010,0,0.00034350591567614274,0
2023-10-27,S001,P0010,0,1.3454263660232394e-05,0
2023-10-28,S001,P0010,1,0.9964760341879122,1
2023-10-29,S001,P0010,0,2.5952235107473395e-05,0
2023-10-30,S001,P0010,0,0.011163418613706589,0
2023-10-31,S001,P0010,0,2.5952235107473395e-05,0
2023-11-01,S001,P0010,0,0.0,0
2023-11-02,S001,P0010,0,0.00019085557370464835,0
2023-11-03,S001,P0010,0,0.0028335195733447255,0
2023-11-04,S001,P0010,1,0.999783617040128,1
2023-11-05,S001,P0010,0,0.0,0
2023-11-06,S001,P0010,0,1.164473394285284e-05,0
2023-11-07,S001,P0010,0,0.00019085557370464835,0
2023-11-08,S001,P0010,0,0.0,0
2023-11-09,S001,P0010,0,5.2353288259910785e-05,0
2023-11-10,S001,P0010,0,2.5952235107473395e-05,0
2023-11-11,S001,P0010,0,0.0006843406599603192,0
2023-11-12,S001,P0010,0,3.92012889557018e-05,0
2023-11-13,S001,P0010,0,2.5952235107473395e-05,0
2023-11-14,S001,P0010,0,0.0,0
2023-11-15,S001,P0010,0,0.00019085557370464835,0
2023-11-16,S001,P0010,0,3.910423441168238e-05,0
2023-11-17,S001,P0010,0,0.0006596212780151652,0
2023-11-18,S001,P0010,0,0.0006596212780151652,0
2023-11-19,S001,P0010,0,3.92012889557018e-05,0
2023-11-20,S001,P0010,0,7.546835029968916e-05,0
2023-11-21,S001,P0010,0,0.000981692930264825,0
2023-11-22,S001,P0010,1,0.981470144510172,1
2023-11-23,S001,P0010,0,1.3151999304208986e-05,0
2023-11-24,S001,P0010,0,0.0,0
2023-11-25,S001,P0010,0,2.5952235107473395e-05,0
2023-11-26,S001,P0010,0,0.0006479765440723125,0
2023-11-27,S001,P0010,0,3.7596969050326233e-05,0
2023-11-28,S001,P0010,0,3.910423441168238e-05,0
2023-11-29,S001,P0010,0,0.0,0
2023-11-30,S001,P0010,0,3.910423441168238e-05,0
2023-12-01,S001,P0010,0,0.0006596212780151652,0
2023-12-02,S001,P0010,0,2.5952235107473395e-05,0
2023-12-03,S001,P0010,0,1.3151999304208986e-05,0
2023-12-04,S001,P0010,0,0.0,0
2023-12-05,S001,P0010,0,1.3151999304208986e-05,0
2023-12-06,S001,P0010,0,0.0,0
2023-12-07,S001,P0010,0,0.010644228696510796,0
2023-12-08,S001,P0010,0,0.0,0
2023-12-09,S001,P0010,0,0.0,0
2023-12-10,S001,P0010,0,0.00015165428474894657,0
2023-12-11,S001,P0010,0,0.0050026237416007265,0
2023-12-12,S001,P0010,0,6.231635099548019e-05,0
2023-12-13,S001,P0010,0,6.231635099548019e-05,0
2023-12-14,S001,P0010,0,2.5952235107473395e-05,0
2023-12-15,S001,P0010,0,0.0,0
2023-12-16,S001,P0010,0,1.3151999304208986e-05,0
2023-12-17,S001,P0010,0,0.0,0
2023-12-18,S001,P0010,0,0.005627761811139548,0
2023-12-19,S001,P0010,0,0.0006596212780151652,0
2023-12-20,S001,P0010,0,3.7596969050326233e-05,0
2023-12-21,S001,P0010,0,0.0,0
2023-12-22,S001,P0010,0,2.5952235107473395e-05,0
2023-12-23,S001,P0010,0,1.164473394285284e-05,0
2023-12-24,S001,P0010,0,0.00015165428474894657,0
2023-12-25,S001,P0010,0,0.00021135922091808186,0
2023-12-26,S001,P0010,0,1.164473394285284e-05,0
2023-12-27,S001,P0010,0,0.00015165428474894657,0
2023-12-28,S001,P0010,0,0.0,0
2023-12-29,S001,P0010,0,0.0006479765440723125,0
2023-12-30,S001,P0010,0,0.0,0
2023-12-31,S001,P0010,0,0.0,0
2024-01-01,S001,P0010,0,0.0027285939502494977,0
2024-01-02,S001,P0010,0,0.005608713441975872,0
2024-01-03,S001,P0010,0,0.006267704928549831,0
2024-01-04,S001,P0010,0,0.0,0
2024-01-05,S001,P0010,0,6.0042010313652403e-05,0
2024-01-06,S001,P0010,0,0.00030200589672664166,0
2024-01-07,S001,P0010,0,0.00029036116278378883,0
2024-01-08,S001,P0010,0,0.001156227012443215,0
2024-01-09,S001,P0010,0,0.0,0
2024-01-10,S001,P0010,0,0.00019085557370464835,0
2024-01-11,S001,P0010,0,0.0003569601793363751,0
2024-01-12,S001,P0010,0,0.0,0
2024-01-13,S001,P0010,0,1.164473394285284e-05,0
2024-01-14,S001,P0010,0,2.5952235107473395e-05,0
2024-01-15,S001,P0010,0,0.0006479765440723125,0
2024-01-16,S001,P0010,0,0.00019085557370464835,0
2024-01-17,S001,P0010,0,3.92012889557018e-05,0
2024-01-18,S001,P0010,0,2.5952235107473395e-05,0
2024-01-19,S001,P0010,0,1.164473394285284e-05,0
2024-01-20,S001,P0010,0,0.0029321824100682157,0
2024-01-21,S001,P0010,0,3.92012889557018e-05,0
2024-01-22,S001,P0010,0,1.164473394285284e-05,0
2024-01-23,S001,P0010,0,2.5952235107473395e-05,0
2024-01-24,S001,P0010,0,3.92012889557018e-05,0
2024-01-25,S001,P0010,0,8.674000935154948e-05,0
2024-01-26,S001,P0010,0,0.003961109563452063,0
2024-01-27,S001,P0010,1,0.9997171531797926,1
2024-01-28,S001,P0010,0,4.8008849830859627e-05,0
2024-01-29,S001,P0010,0,0.0006596212780151652,0
2024-01-30,S001,P0010,0,0.0006959853939031721,0
2023-10-13,S001,P0011,0,0.0009517919705163335,0
2023-10-14,S001,P0011,0,0.00029036116278378883,0
2023-10-15,S001,P0011,0,0.00029036116278378883,0
2023-10-16,S001,P0011,0,0.005076994801530016,0
2023-10-17,S001,P0011,0,0.022124168921527958,0
2023-10-18,S001,P0011,0,1.164473394285284e-05,0
2023-10-19,S001,P0011,0,0.0006479765440723125,0
2023-10-20,S001,P0011,0,0.0006479765440723125,0
2023-10-21,S001,P0011,0,9.04134321610054e-05,0
2023-10-22,S001,P0011,0,0.0026853872544857996,0
2023-10-23,S001,P0011,0,0.00034350591567614274,0
2023-10-24,S001,P0011,0,0.0,0
2023-10-25,S001,P0011,0,6.0042010313652403e-05,0
2023-10-26,S001,P0011,0,0.09475178870430771,0
2023-10-27,S001,P0011,0,0.0012093984607287921,0
2023-10-28,S001,P0011,0,0.0074431028613045225,0
2023-10-29,S001,P0011,0,1.3151999304208986e-05,0
2023-10-30,S001,P0011,0,1.3454263660232394e-05,0
2023-10-31,S001,P0011,0,0.008933942160767155,0
2023-11-01,S001,P0011,0,0.0,0
2023-11-02,S001,P0011,0,0.0029321824100682157,0
2023-11-03,S001,P0011,0,0.0008319429856079328,0
2023-11-04,S001,P0011,0,1.164473394285284e-05,0
2023-11-05,S001,P0011,0,6.0042010313652403e-05,0
2023-11-06,S001,P0011,0,0.00019085557370464835,0
2023-11-07,S001,P0011,0,0.0,0
2023-11-08,S001,P0011,0,1.164473394285284e-05,0
2023-11-09,S001,P0011,0,1.164473394285284e-05,0
2023-11-10,S001,P0011,0,1.164473394285284e-05,0
2023-11-11,S001,P0011,0,6.0042010313652403e-05,0
2023-11-12,S001,P0011,0,0.011377149154271371,0
2023-11-13,S001,P0011,0,0.0,0
2023-11-14,S001,P0011,0,0.00034802388735713307,0
2023-11-15,S001,P0011,0,3.92012889557018e-05,0
2023-11-16,S001,P0011,0,0.0,0
2023-11-17,S001,P0011,0,0.025955792171983013,0
2023-11-18,S001,P0011,0,0.00010809445304739143,0
2023-11-19,S001,P0011,0,3.910423441168238e-05,0
2023-11-20,S001,P0011,0,0.0006596212780151652,0
2023-11-21,S001,P0011,0,9.92432992693542e-05,0
2023-11-22,S001,P0011,0,0.0007090218054565009,0
2023-11-23,S001,P0011,0,0.0006479765440723125,0
2023-11-24,S001,P0011,0,6.0042010313652403e-05,0
2023-11-25,S001,P0011,0,0.0447197037837985,0
2023-11-26,S001,P0011,0,0.000279003892075771,0
2023-11-27,S001,P0011,0,0.0006596212780151652,0
2023-11-28,S001,P0011,0,6.231635099548019e-05,0
2023-11-29,S001,P0011,0,0.0,0
2023-11-30,S001,P0011,0,0.015863146762754732,0
2023-12-01,S001,P0011,0,0.00831251952475922,0
2023-12-02,S001,P0011,1,0.998638801391399,1
2023-12-03,S001,P0011,0,0.0006596212780151652,0
2023-12-04,S001,P0011,0,0.0,0
2023-12-05,S001,P0011,0,0.006666042551541287,0
2023-12-06,S001,P0011,0,0.0,0
2023-12-07,S001,P0011,0,1.3151999304208986e-05,0
2023-12-08,S001,P0011,0,1.3151999304208986e-05,0
2023-12-09,S001,P0011,0,5.122548784720817e-06,0
2023-12-10,S001,P0011,0,4.0665778180178686e-05,0
2023-12-11,S001,P0011,0,0.00011974694648278771,0
2023-12-12,S001,P0011,0,0.018950717101522293,0
2023-12-13,S001,P0011,0,7.396108493833302e-05,0
2023-12-14,S001,P0011,0,0.0003337163861925125,0
2023-12-15,S001,P0011,0,0.00011917621626317662,0
2023-12-16,S001,P0011,0,0.0,0
2023-12-17,S001,P0011,0,0.0011621299754914305,0
2023-12-18,S001,P0011,0,0.0003345696236969007,0
2023-12-19,S001,P0011,0,3.7596969050326233e-05,0
2023-12-20,S001,P0011,0,0.0,0
2023-12-21,S001,P0011,0,0.0006730755416753977,0
2023-12-22,S001,P0011,0,0.0002398026031200692,0
2023-12-23,S001,P0011,0,0.000681325979125138,0
2023-12-24,S001,P0011,0,1.164473394285284e-05,0
2023-12-25,S001,P0011,0,1.164473394285284e-05,0
2023-12-26,S001,P0011,0,6.0042010313652403e-05,0
2023-12-27,S001,P0011,0,0.00013082095020602947,0
2023-12-28,S001,P0011,0,0.0,0
2023-12-29,S001,P0011,0,6.0042010313652403e-05,0
2023-12-30,S001,P0011,0,0.000315460160386874,0
2023-12-31,S001,P0011,0,0.0006479765440723125,0
2024-01-01,S001,P0011,0,0.0007076814802414477,0
2024-01-02,S001,P0011,0,0.0006479765440723125,0
2024-01-03,S001,P0011,0,0.0,0
2024-01-04,S001,P0011,0,0.0,0
2024-01-05,S001,P0011,0,0.008228930855375747,0
2024-01-06,S001,P0011,0,0.00044201544753273535,0
2024-01-07,S001,P0011,0,0.0,0
2024-01-08,S001,P0011,0,6.0042010313652403e-05,0
2024-01-09,S001,P0011,0,0.0003569601793363751,0
2024-01-10,S001,P0011,0,0.00034350591567614274,0
2024-01-11,S001,P0011,0,9.92432992693542e-05,0
2024-01-12,S001,P0011,0,0.001957536470225223,0
2024-01-13,S001,P0011,0,3.92012889557018e-05,0
2024-01-14,S001,P0011,0,0.0,0
2024-01-15,S001,P0011,0,0.00031998011516147534,0
2024-01-16,S001,P0011,0,1.6767282727573657e-05,0
2024-01-17,S001,P0011,0,0.00016832583041252874,0
2024-01-18,S001,P0011,0,5.122548784720817e-06,0
2024-01-19,S001,P0011,0,5.122548784720817e-06,0
2024-01-20,S001,P0011,0,0.0001296707314014743,0
2024-01-21,S001,P0011,0,0.00011269224445902287,0
2024-01-22,S001,P0011,0,0.0006596212780151652,0
2024-01-23,S001,P0011,0,0.0,0
2024-01-24,S001,P0011,0,0.001485262105917276,0
2024-01-25,S001,P0011,0,5.122548784720817e-06,0
2024-01-26,S001,P0011,0,5.122548784720817e-06,0
2024-01-27,S001,P0011,0,0.0003530075192905845,0
2024-01-28,S001,P0011,0,0.0009972597108419182,0
2024-01-29,S001,P0011,0,2.5952235107473395e-05,0
2024-01-30,S001,P0011,0,1.6767282727573657e-05,0
2023-10-13,S001,P0012,0,0.0,0
2023-10-14,S001,P0012,0,0.0014492010638488615,0
2023-10-15,S001,P0012,0,0.0002607261990595698,0
2023-10-16,S001,P0012,0,3.6364115888006784e-05,0
2023-10-17,S001,P0012,0,6.0042010313652403e-05,0
2023-10-18,S001,P0012,0,0.0012018220444249103,0
2023-10-19,S001,P0012,0,6.0042010313652403e-05,0
2023-10-20,S001,P0012,0,0.004239414302589907,0
2023-10-21,S001,P0012,0,0.000488278742441441,0
2023-10-22,S001,P0012,0,0.01533286123588582,0
2023-10-23,S001,P0012,0,0.0006596212780151652,0
2023-10-24,S001,P0012,0,0.0,0
2023-10-25,S001,P0012,0,0.0013835100423421891,0
2023-10-26,S001,P0012,0,0.0,0
2023-10-27,S001,P0012,0,0.002590676504236137,0
2023-10-28,S001,P0012,0,6.231635099548019e-05,0
2023-10-29,S001,P0012,0,0.005680665824383028,0
2023-10-30,S001,P0012,1,0.9993934214788112,1
2023-10-31,S001,P0012,0,1.3151999304208986e-05,0
2023-11-01,S001,P0012,0,0.00015820724697580133,0
2023-11-02,S001,P0012,0,0.0009621931842039968,0
2023-11-03,S001,P0012,0,0.00014491535598661222,0
2023-11-04,S001,P0012,0,2.8536515574327032e-05,0
2023-11-05,S001,P0012,0,0.026034283070660944,0
2023-11-06,S001,P0012,0,3.910423441168238e-05,0
2023-11-07,S001,P0012,0,2.8536515574327032e-05,0
2023-11-08,S001,P0012,0,0.03754416701191015,0
2023-11-09,S001,P0012,0,0.00014222738183580772,0
2023-11-10,S001,P0012,1,0.9291119238319702,1
2023-11-11,S001,P0012,0,1.3151999304208986e-05,0
2023-11-12,S001,P0012,0,0.0,0
2023-11-13,S001,P0012,0,0.004001254409085536,0
2023-11-14,S001,P0012,0,0.00020610019828978628,0
2023-11-15,S001,P0012,0,2.8536515574327032e-05,0
2023-11-16,S001,P0012,1,0.992767640425058,1
2023-11-17,S001,P0012,0,0.0,0
2023-11-18,S001,P0012,0,2.8396623889346913e-05,0
2023-11-19,S001,P0012,0,0.00014222738183580772,0
2023-11-20,S001,P0012,1,0.9880147902330294,1
2023-11-21,S001,P0012,0,1.3151999304208986e-05,0
2023-11-22,S001,P0012,0,2.5952235107473395e-05,0
2023-11-23,S001,P0012,0,0.00018088248084686219,0
2023-11-24,S001,P0012,0,0.0,0
2023-11-25,S001,P0012,0,0.00014222738183580772,0
2023-11-26,S001,P0012,0,0.0,0
2023-11-27,S001,P0012,0,0.0,0
2023-11-28,S001,P0012,0,5.122548784720817e-06,0
2023-11-29,S001,P0012,0,0.0,0
2023-11-30,S001,P0012,0,0.00039816264521629703,0
2023-12-01,S001,P0012,0,0.002904460354429357,0
2023-12-02,S001,P0012,0,0.00014222738183580772,0
2023-12-03,S001,P0012,0,1.3151999304208986e-05,0
2023-12-04,S001,P0012,0,1.3151999304208986e-05,0
2023-12-05,S001,P0012,0,3.910423441168238e-05,0
2023-12-06,S001,P0012,0,0.00219758350298076,0
2023-12-07,S001,P0012,1,0.9999384497916759,1
2023-12-08,S001,P0012,0,0.0,0
2023-12-09,S001,P0012,0,0.0,0
2023-12-10,S001,P0012,0,0.00014222738183580772,0
2023-12-11,S001,P0012,0,0.005717236860169457,0
2023-12-12,S001,P0012,0,0.0,0
2023-12-13,S001,P0012,0,0.0,0
2023-12-14,S001,P0012,0,0.003431812971912299,0
2023-12-15,S001,P0012,0,0.00015747200642094564,0
2023-12-16,S001,P0012,0,3.910423441168238e-05,0
2023-12-17,S001,P0012,0,0.00014222738183580772,0
2023-12-18,S001,P0012,0,0.0013217585826128006,0
2023-12-19,S001,P0012,0,0.00014222738183580772,0
2023-12-20,S001,P0012,0,0.0,0
2023-12-21,S001,P0012,0,5.122548784720817e-06,0
2023-12-22,S001,P0012,0,5.122548784720817e-06,0
2023-12-23,S001,P0012,0,0.0,0
2023-12-24,S001,P0012,0,4.0665778180178686e-05,0
2023-12-25,S001,P0012,0,0.0,0
2023-12-26,S001,P0012,0,0.004419069304681128,0
2023-12-27,S001,P0012,0,0.002940032667501818,0
2023-12-28,S001,P0012,0,2.8536515574327032e-05,0
2023-12-29,S001,P0012,0,3.910423441168238e-05,0
2023-12-30,S001,P0012,0,6.231635099548019e-05,0
2023-12-31,S001,P0012,0,2.902104423732585e-05,0
2024-01-01,S001,P0012,0,5.122548784720817e-06,0
2024-01-02,S001,P0012,0,5.122548784720817e-06,0
2024-01-03,S001,P0012,0,0.05497223642149977,0
2024-01-04,S001,P0012,1,0.9991753397585904,1
2024-01-05,S001,P0012,0,5.122548784720817e-06,0
2024-01-06,S001,P0012,0,0.0,0
2024-01-07,S001,P0012,0,0.024923865627847354,0
2024-01-08,S001,P0012,0,0.0,0
2024-01-09,S001,P0012,0,0.010384851336355836,0
2024-01-10,S001,P0012,1,0.9998353905174892,1
2024-01-11,S001,P0012,0,3.865509901105446e-05,0
2024-01-12,S001,P0012,1,0.8191802909458739,1
2024-01-13,S001,P0012,0,0.0001835704549976667,0
2024-01-14,S001,P0012,0,0.0,0
2024-01-15,S001,P0012,0,0.0007366881413614093,0
2024-01-16,S001,P0012,0,5.122548784720817e-06,0
2024-01-17,S001,P0012,0,0.03705650789440012,0
2024-01-18,S001,P0012,1,0.9999261636273531,1
2024-01-19,S001,P0012,0,1.6767282727573657e-05,0
2024-01-20,S001,P0012,0,0.0003086173885894273,0
2024-01-21,S001,P0012,1,0.9998060599597756,1
2024-01-22,S001,P0012,0,0.0001411859228923892,0
2024-01-23,S001,P0012,0,0.0001720214581188053,0
2024-01-24,S001,P0012,0,0.00011269224445902287,0
2024-01-25,S001,P0012,0,0.00014222738183580772,0
2024-01-26,S001,P0012,0,0.00011269224445902287,0
2024-01-27,S001,P0012,0,2.8536515574327032e-05,0
2024-01-28,S001,P0012,0,0.0004317215138289836,0
2024-01-29,S001,P0012,0,1.6767282727573657e-05,0
2024-01-30,S001,P0012,0,8.674000935154948e-05,0
2023-10-13,S001,P0013,0,0.0035133856641999645,0
2023-10-14,S001,P0013,0,0.00029036116278378883,0
2023-10-15,S001,P0013,0,0.00029036116278378883,0
2023-10-16,S001,P0013,0,0.0,0
2023-10-17,S001,P0013,0,0.0,0
2023-10-18,S001,P0013,0,0.009462033477317968,0
2023-10-19,S001,P0013,0,0.030583810043430013,0
2023-10-20,S001,P0013,0,0.00015165428474894657,0
2023-10-21,S001,P0013,0,9.04134321610054e-05,0
2023-10-22,S001,P0013,0,0.042342877542618805,0
2023-10-23,S001,P0013,0,0.00034350591567614274,0
2023-10-24,S001,P0013,0,7.69948015300162e-05,0
2023-10-25,S001,P0013,1,0.9820432399010254,1
2023-10-26,S001,P0013,1,0.9386591411241156,1
2023-10-27,S001,P0013,0,0.016089778993732803,0
2023-10-28,S001,P0013,0,0.00029036116278378883,0
2023-10-29,S001,P0013,0,0.00033102694096396755,0
2023-10-30,S001,P0013,1,0.9913837229255819,1
2023-10-31,S001,P0013,0,0.0,0
2023-11-01,S001,P0013,0,0.007541170055979097,0
2023-11-02,S001,P0013,0,0.0007326467185076401,0
2023-11-03,S001,P0013,1,0.9910709557682753,1
2023-11-04,S001,P0013,0,0.07956726999982053,0
2023-11-05,S001,P0013,0,0.002656053690857908,0
2023-11-06,S001,P0013,0,0.0006299866364666518,0
2023-11-07,S001,P0013,1,0.9881440294912628,1
2023-11-08,S001,P0013,1,0.9981626368480727,1
2023-11-09,S001,P0013,0,0.0009660796345267833,0
2023-11-10,S001,P0013,0,0.03168020398430147,0
2023-11-11,S001,P0013,1,0.9975215044220392,1
2023-11-12,S001,P0013,0,0.0026030353560018717,0
2023-11-13,S001,P0013,0,0.0028675997044078916,0
2023-11-14,S001,P0013,0,0.05683895742309979,0
2023-11-15,S001,P0013,0,0.04527292310044127,0
2023-11-16,S001,P0013,1,0.9974372104618016,1
2023-11-17,S001,P0013,0,0.0036599579516779367,0
2023-11-18,S001,P0013,0,0.007842930146763662,0
2023-11-19,S001,P0013,0,0.0014278995954265317,0
2023-11-20,S001,P0013,1,0.9791959940158962,1
2023-11-21,S001,P0013,0,0.009552653010043348,0
2023-11-22,S001,P0013,0,0.05844452066915304,0
2023-11-23,S001,P0013,0,0.04032442337365902,0
2023-11-24,S001,P0013,0,0.00031631339789126223,0
2023-11-25,S001,P0013,0,0.004978134299888414,0
2023-11-26,S001,P0013,0,0.022438968307838966,0
2023-11-27,S001,P0013,1,0.9770019007610194,1
2023-11-28,S001,P0013,1,0.9425672345831312,1
2023-11-29,S001,P0013,0,0.0007202342974659567,0
2023-11-30,S001,P0013,0,0.0006600518905767138,0
2023-12-01,S001,P0013,0,0.047939195314888765,0
2023-12-02,S001,P0013,1,0.9997812379413012,1
2023-12-03,S001,P0013,0,0.0015314701129784517,0
2023-12-04,S001,P0013,0,0.003615269244705267,0
2023-12-05,S001,P0013,0,0.0003825674813324891,0
2023-12-06,S001,P0013,1,0.8946209997479921,1
2023-12-07,S001,P0013,0,5.5741164787480645e-05,0
2023-12-08,S001,P0013,1,0.9976392675769042,1
2023-12-09,S001,P0013,0,0.006539420785265379,0
2023-12-10,S001,P0013,1,0.9874224738144161,1
2023-12-11,S001,P0013,0,0.07535201508980202,0
2023-12-12,S001,P0013,0,0.004415288976381717,0
2023-12-13,S001,P0013,0,0.021290484171363838,0
2023-12-14,S001,P0013,0,0.0077670951842023495,0
2023-12-15,S001,P0013,0,0.010863382679190086,0
2023-12-16,S001,P0013,0,0.0006352695261970296,0
2023-12-17,S001,P0013,1,0.9987099390898793,1
2023-12-18,S001,P0013,0,0.0034223968870691623,0
2023-12-19,S001,P0013,1,0.9483405638280977,1
2023-12-20,S001,P0013,1,0.9551660235014495,1
2023-12-21,S001,P0013,0,0.024266958883167048,0
2023-12-22,S001,P0013,0,0.041412638280166385,0
2023-12-23,S001,P0013,0,0.0012271255870477187,0
2023-12-24,S001,P0013,1,0.9922263514711882,1
2023-12-25,S001,P0013,0,0.0003217693878936362,0
2023-12-26,S001,P0013,0,0.033127853530751,0
2023-12-27,S001,P0013,0,0.0019796293128863766,0
2023-12-28,S001,P0013,0,0.009249571425047245,0
2023-12-29,S001,P0013,0,0.00355716916971841,0
2023-12-30,S001,P0013,0,0.0014038558113980554,0
2023-12-31,S001,P0013,0,0.00026342612413252954,0
2024-01-01,S001,P0013,0,5.122548784720817e-06,0
2024-01-02,S001,P0013,0,0.0,0
2024-01-03,S001,P0013,0,0.0,0
2024-01-04,S001,P0013,0,0.0,0
2024-01-05,S001,P0013,0,0.00029036116278378883,0
2024-01-06,S001,P0013,0,0.00029036116278378883,0
2024-01-07,S001,P0013,0,0.00029036116278378883,0
2024-01-08,S001,P0013,0,0.0,0
2024-01-09,S001,P0013,1,0.9277523284686161,1
2024-01-10,S001,P0013,1,0.9857548942859136,1
2024-01-11,S001,P0013,0,0.0058394612040053775,0
2024-01-12,S001,P0013,0,0.0054488864158115415,0
2024-01-13,S001,P0013,1,0.9735358485178801,1
2024-01-14,S001,P0013,0,0.005006053616655768,0
2024-01-15,S001,P0013,0,0.00033402155641924726,0
2024-01-16,S001,P0013,1,0.9998209586645929,1
2024-01-17,S001,P0013,0,0.01938805528299981,0
2024-01-18,S001,P0013,0,0.0016401060746311896,0
2024-01-19,S001,P0013,0,0.0014235681406231401,0
2024-01-20,S001,P0013,0,0.054491286858805596,0
2024-01-21,S001,P0013,0,0.04507812711646828,0
2024-01-22,S001,P0013,0,0.00011269224445902287,0
2024-01-23,S001,P0013,0,0.012798557121529943,0
2024-01-24,S001,P0013,0,0.0012636700465765407,0
2024-01-25,S001,P0013,1,0.9997845857265178,1
2024-01-26,S001,P0013,0,0.00039535739794097676,0
2024-01-27,S001,P0013,0,0.04105004637185842,0
2024-01-28,S001,P0013,0,0.0036725010973071466,0
2024-01-29,S001,P0013,1,0.9984314605205894,1
2024-01-30,S001,P0013,1,0.9981306690666295,1
2023-10-13,S001,P0014,0,1.6767282727573657e-05,0
2023-10-14,S001,P0014,0,0.00021067655712985977,0
2023-10-15,S001,P0014,0,5.3899723596192384e-05,0
2023-10-16,S001,P0014,0,5.122548784720817e-06,0
2023-10-17,S001,P0014,0,1.6767282727573657e-05,0
2023-10-18,S001,P0014,0,0.0,0
2023-10-19,S001,P0014,0,0.0,0
2023-10-20,S001,P0014,0,7.546835029968916e-05,0
2023-10-21,S001,P0014,0,0.0002970903149475766,0
2023-10-22,S001,P0014,0,1.5244624585137928e-05,0
2023-10-23,S001,P0014,0,4.8008849830859627e-05,0
2023-10-24,S001,P0014,0,1.164473394285284e-05,0
2023-10-25,S001,P0014,0,5.122548784720817e-06,0
2023-10-26,S001,P0014,0,0.0,0
2023-10-27,S001,P0014,0,0.0016070415610543263,0
2023-10-28,S001,P0014,1,0.9514486683865847,1
2023-10-29,S001,P0014,0,0.0,0
2023-10-30,S001,P0014,0,0.0,0
2023-10-31,S001,P0014,0,0.0,0
2023-11-01,S001,P0014,0,0.0,0
2023-11-02,S001,P0014,0,8.243623917051943e-05,0
2023-11-03,S001,P0014,0,0.0,0
2023-11-04,S001,P0014,0,0.007099977518850505,0
2023-11-05,S001,P0014,0,0.00023512124252711216,0
2023-11-06,S001,P0014,0,1.6767282727573657e-05,0
2023-11-07,S001,P0014,0,0.0,0
2023-11-08,S001,P0014,0,5.122548784720817e-06,0
2023-11-09,S001,P0014,0,5.122548784720817e-06,0
2023-11-10,S001,P0014,0,6.773780453002884e-05,0
2023-11-11,S001,P0014,1,0.9419054507425703,1
2023-11-12,S001,P0014,1,0.9998596106165598,1
2023-11-13,S001,P0014,0,3.910423441168238e-05,0
2023-11-14,S001,P0014,0,2.8396623889346913e-05,0
2023-11-15,S001,P0014,0,2.8396623889346913e-05,0
2023-11-16,S001,P0014,0,3.910423441168238e-05,0
2023-11-17,S001,P0014,0,6.231635099548019e-05,0
2023-11-18,S001,P0014,0,2.8536515574327032e-05,0
2023-11-19,S001,P0014,0,3.910423441168238e-05,0
2023-11-20,S001,P0014,0,0.03465942499457361,0
2023-11-21,S001,P0014,0,7.546835029968916e-05,0
2023-11-22,S001,P0014,0,2.5952235107473395e-05,0
2023-11-23,S001,P0014,0,2.8536515574327032e-05,0
2023-11-24,S001,P0014,0,0.017021717965420752,0
2023-11-25,S001,P0014,1,0.9999545224910287,1
2023-11-26,S001,P0014,0,1.3151999304208986e-05,0
2023-11-27,S001,P0014,0,1.3151999304208986e-05,0
2023-11-28,S001,P0014,0,0.0,0
2023-11-29,S001,P0014,0,1.6767282727573657e-05,0
2023-11-30,S001,P0014,0,1.6767282727573657e-05,0
2023-12-01,S001,P0014,0,0.0,0
2023-12-02,S001,P0014,0,5.122548784720817e-06,0
2023-12-03,S001,P0014,0,0.00015747200642094564,0
2023-12-04,S001,P0014,0,1.3151999304208986e-05,0
2023-12-05,S001,P0014,0,0.00031373993737414814,0
2023-12-06,S001,P0014,0,1.6767282727573657e-05,0
2023-12-07,S001,P0014,0,1.6767282727573657e-05,0
2023-12-08,S001,P0014,0,0.0,0
2023-12-09,S001,P0014,0,0.0,0
2023-12-10,S001,P0014,1,0.9884087050247763,1
2023-12-11,S001,P0014,0,0.0,0
2023-12-12,S001,P0014,0,5.122548784720817e-06,0
2023-12-13,S001,P0014,0,1.6767282727573657e-05,0
2023-12-14,S001,P0014,0,5.3899723596192384e-05,0
2023-12-15,S001,P0014,0,0.0,0
2023-12-16,S001,P0014,0,5.122548784720817e-06,0
2023-12-17,S001,P0014,0,0.0,0
2023-12-18,S001,P0014,0,2.8536515574327032e-05,0
2023-12-19,S001,P0014,0,0.0008777925499244503,0
2023-12-20,S001,P0014,1,0.9972951291076483,1
2023-12-21,S001,P0014,0,0.00015747200642094564,0
2023-12-22,S001,P0014,0,1.3151999304208986e-05,0
2023-12-23,S001,P0014,0,0.000897044551350624,0
2023-12-24,S001,P0014,0,3.910423441168238e-05,0
2023-12-25,S001,P0014,0,3.910423441168238e-05,0
2023-12-26,S001,P0014,0,1.6767282727573657e-05,0
2023-12-27,S001,P0014,0,1.3151999304208986e-05,0
2023-12-28,S001,P0014,0,5.122548784720817e-06,0
2023-12-29,S001,P0014,0,2.8536515574327032e-05,0
2023-12-30,S001,P0014,0,0.017250362245028034,0
2023-12-31,S001,P0014,1,0.9902915639424864,1
2024-01-01,S001,P0014,0,0.0007193262141843006,0
2024-01-02,S001,P0014,0,2.8536515574327032e-05,0
2024-01-03,S001,P0014,0,6.231635099548019e-05,0
2024-01-04,S001,P0014,0,2.5098997603085232e-05,0
2024-01-05,S001,P0014,0,0.0,0
2024-01-06,S001,P0014,0,0.00011269224445902287,0
2024-01-07,S001,P0014,0,0.0,0
2024-01-08,S001,P0014,0,0.00014905636034702964,0
2024-01-09,S001,P0014,0,0.004929766806127382,0
2024-01-10,S001,P0014,0,0.0,0
2024-01-11,S001,P0014,0,0.00011269224445902287,0
2024-01-12,S001,P0014,0,0.0008355232523515966,0
2024-01-13,S001,P0014,0,0.0,0
2024-01-14,S001,P0014,0,2.902104423732585e-05,0
2024-01-15,S001,P0014,0,8.674000935154948e-05,0
2024-01-16,S001,P0014,0,2.0367173369858746e-05,0
2024-01-17,S001,P0014,0,1.6767282727573657e-05,0
2024-01-18,S001,P0014,0,0.0001296707314014743,0
2024-01-19,S001,P0014,0,5.3899723596192384e-05,0
2024-01-20,S001,P0014,0,0.027427145672410665,0
2024-01-21,S001,P0014,0,5.3899723596192384e-05,0
2024-01-22,S001,P0014,0,0.00014222738183580772,0
2024-01-23,S001,P0014,0,0.0,0
2024-01-24,S001,P0014,0,5.122548784720817e-06,0
2024-01-25,S001,P0014,0,0.0,0
2024-01-26,S001,P0014,0,1.6767282727573657e-05,0
2024-01-27,S001,P0014,0,0.0001961271054320001,0
2024-01-28,S001,P0014,0,0.0,0
2024-01-29,S001,P0014,0,1.6767282727573657e-05,0
2024-01-30,S001,P0014,0,1.6767282727573657e-05,0
2023-10-13,S001,P0015,0,0.00029036116278378883,0
2023-10-14,S001,P0015,0,0.0011596574071479654,0
2023-10-15,S001,P0015,0,0.00029036116278378883,0
2023-10-16,S001,P0015,0,0.0006479765440723125,0
2023-10-17,S001,P0015,0,0.0,0
2023-10-18,S001,P0015,0,1.164473394285284e-05,0
2023-10-19,S001,P0015,0,7.69948015300162e-05,0
2023-10-20,S001,P0015,0,0.00029036116278378883,0
2023-10-21,S001,P0015,0,7.69948015300162e-05,0
2023-10-22,S001,P0015,0,0.0,0
2023-10-23,S001,P0015,0,0.0006479765440723125,0
2023-10-24,S001,P0015,0,0.0,0
2023-10-25,S001,P0015,0,0.0,0
2023-10-26,S001,P0015,1,0.96452079456405,1
2023-10-27,S001,P0015,0,0.0004711730388746456,0
2023-10-28,S001,P0015,1,0.9850158032530216,1
2023-10-29,S001,P0015,0,0.0018342182484264906,0
2023-10-30,S001,P0015,1,0.9997850094285557,1
2023-10-31,S001,P0015,0,0.0062018557399305925,0
2023-11-01,S001,P0015,0,0.002168301101630671,0
2023-11-02,S001,P0015,0,0.028187923574076533,0
2023-11-03,S001,P0015,0,0.0017222584579758046,0
2023-11-04,S001,P0015,1,0.9937226054646437,1
2023-11-05,S001,P0015,0,0.03297147634972177,0
2023-11-06,S001,P0015,0,0.004962365654375176,0
2023-11-07,S001,P0015,1,0.9552736343746612,1
2023-11-08,S001,P0015,1,0.9572159021029546,1
2023-11-09,S001,P0015,0,0.02726094216073316,0
2023-11-10,S001,P0015,0,0.0006560350229146653,0
2023-11-11,S001,P0015,1,0.998010269065237,1
2023-11-12,S001,P0015,0,0.01331264261593931,0
2023-11-13,S001,P0015,0,0.007870772073553762,0
2023-11-14,S001,P0015,0,0.0038033683255356125,0
2023-11-15,S001,P0015,0,0.0004307832948881334,0
2023-11-16,S001,P0015,1,0.9995933020322815,1
2023-11-17,S001,P0015,0,0.029575276008268276,0
2023-11-18,S001,P0015,1,0.999396243347964,1
2023-11-19,S001,P0015,1,0.9964392461821499,1
2023-11-20,S001,P0015,0,0.00037810648331383846,0
2023-11-21,S001,P0015,0,0.0996173689497362,0
2023-11-22,S001,P0015,0,0.0017736261662842634,0
2023-11-23,S001,P0015,1,0.996566989655761,1
2023-11-24,S001,P0015,0,0.04154475401521516,0
2023-11-25,S001,P0015,0,0.0018213606970509744,0
2023-11-26,S001,P0015,1,0.9998070212691046,1
2023-11-27,S001,P0015,0,0.042478746826674574,0
2023-11-28,S001,P0015,0,0.001988377145233591,0
2023-11-29,S001,P0015,1,0.9893532096772023,1
2023-11-30,S001,P0015,0,0.0016000409967591104,0
2023-12-01,S001,P0015,0,0.00386712144593642,0
2023-12-02,S001,P0015,1,0.9918759873103798,1
2023-12-03,S001,P0015,0,0.0016200478169787669,0
2023-12-04,S001,P0015,1,0.9948676409711757,1
2023-12-05,S001,P0015,0,0.006386949256501784,0
2023-12-06,S001,P0015,0,0.06252115810321895,0
2023-12-07,S001,P0015,0,0.043013474484215004,0
2023-12-08,S001,P0015,1,0.9909087480917989,1
2023-12-09,S001,P0015,0,0.029670480789724802,0
2023-12-10,S001,P0015,0,0.048689555402183976,0
2023-12-11,S001,P0015,0,0.0374749235378282,0
2023-12-12,S001,P0015,0,0.06627298346034499,0
2023-12-13,S001,P0015,0,0.0054168009195185015,0
2023-12-14,S001,P0015,1,0.951265415732594,1
2023-12-15,S001,P0015,0,0.0016109746619306945,0
2023-12-16,S001,P0015,1,0.9508810277013001,1
2023-12-17,S001,P0015,0,0.0037687544283861734,0
2023-12-18,S001,P0015,0,0.002036490197648474,0
2023-12-19,S001,P0015,0,0.0038202845127151275,0
2023-12-20,S001,P0015,0,0.0,0
2023-12-21,S001,P0015,0,0.003756697433431361,0
2023-12-22,S001,P0015,0,0.00968447913393134,0
2023-12-23,S001,P0015,0,0.0,0
2023-12-24,S001,P0015,0,0.028399788097017296,0
2023-12-25,S001,P0015,0,0.04923920968691501,0
2023-12-26,S001,P0015,1,0.9500068909670926,1
2023-12-27,S001,P0015,0,0.002789375949991528,0
2023-12-28,S001,P0015,0,0.00047863524241728247,0
2023-12-29,S001,P0015,0,0.003479106705768095,0
2023-12-30,S001,P0015,0,0.005900251734471142,0
2023-12-31,S001,P0015,0,0.004658960133789153,0
2024-01-01,S001,P0015,0,0.00025271140693347696,0
2024-01-02,S001,P0015,0,3.6364115888006784e-05,0
2024-01-03,S001,P0015,0,0.0,0
2024-01-04,S001,P0015,0,0.00221855944021322,0
2024-01-05,S001,P0015,0,0.00029036116278378883,0
2024-01-06,S001,P0015,0,0.0041088361457815355,0
2024-01-07,S001,P0015,0,0.00029036116278378883,0
2024-01-08,S001,P0015,0,0.0006479765440723125,0
2024-01-09,S001,P0015,1,0.9623972298454043,1
2024-01-10,S001,P0015,0,0.0,0
2024-01-11,S001,P0015,0,0.0003682881651307321,0
2024-01-12,S001,P0015,1,0.9771070234973358,1
2024-01-13,S001,P0015,1,0.9591199637155836,1
2024-01-14,S001,P0015,0,0.0003682881651307321,0
2024-01-15,S001,P0015,0,0.0,0
2024-01-16,S001,P0015,1,0.9728879117904583,1
2024-01-17,S001,P0015,1,0.9856359971657627,1
2024-01-18,S001,P0015,0,0.008965990154611444,0
2024-01-19,S001,P0015,0,0.009153813573271913,0
2024-01-20,S001,P0015,1,0.9988344479186231,1
2024-01-21,S001,P0015,0,0.03544838833780413,0
2024-01-22,S001,P0015,0,0.0008878291963385073,0
2024-01-23,S001,P0015,1,0.9970304198822497,1
2024-01-24,S001,P0015,0,0.030070671064938805,0
2024-01-25,S001,P0015,1,0.9942465681927932,1
2024-01-26,S001,P0015,0,0.11438951467844725,0
2024-01-27,S001,P0015,0,0.06233404793165254,0
2024-01-28,S001,P0015,0,0.008797311681340842,0
2024-01-29,S001,P0015,1,0.9886537022855965,1
2024-01-30,S001,P0015,1,0.9948047371127322,1
2023-10-13,S001,P0016,0,0.0033424484705603854,0
2023-10-14,S001,P0016,0,0.0008943952419672617,0
2023-10-15,S001,P0016,0,0.009721123687914333,0
2023-10-16,S001,P0016,0,2.8536515574327032e-05,0
2023-10-17,S001,P0016,0,1.164473394285284e-05,0
2023-10-18,S001,P0016,0,0.0,0
2023-10-19,S001,P0016,0,0.0,0
2023-10-20,S001,P0016,0,3.910423441168238e-05,0
2023-10-21,S001,P0016,1,0.9766384247624039,1
2023-10-22,S001,P0016,0,2.5952235107473395e-05,0
2023-10-23,S001,P0016,0,0.0002995075392892045,0
2023-10-24,S001,P0016,0,0.0006596212780151652,0
2023-10-25,S001,P0016,1,0.9820335853397728,1
2023-10-26,S001,P0016,0,1.3151999304208986e-05,0
2023-10-27,S001,P0016,1,0.9994867079436166,1
2023-10-28,S001,P0016,0,0.0,0
2023-10-29,S001,P0016,0,0.0,0
2023-10-30,S001,P0016,0,1.6767282727573657e-05,0
2023-10-31,S001,P0016,0,1.164473394285284e-05,0
2023-11-01,S001,P0016,0,5.956846232556054e-05,0
2023-11-02,S001,P0016,0,1.3151999304208986e-05,0
2023-11-03,S001,P0016,0,0.00014222738183580772,0
2023-11-04,S001,P0016,0,3.910423441168238e-05,0
2023-11-05,S001,P0016,1,0.9998881153910689,1
2023-11-06,S001,P0016,0,4.951611519221577e-05,0
2023-11-07,S001,P0016,0,0.0006959853939031721,0
2023-11-08,S001,P0016,0,3.910423441168238e-05,0
2023-11-09,S001,P0016,0,1.5244624585137928e-05,0
2023-11-10,S001,P0016,0,2.5952235107473395e-05,0
2023-11-11,S001,P0016,0,1.6767282727573657e-05,0
2023-11-12,S001,P0016,0,0.0002198766179419742,0
2023-11-13,S001,P0016,0,0.00025637823154578274,0
2023-11-14,S001,P0016,0,3.910423441168238e-05,0
2023-11-15,S001,P0016,0,0.016325751964206766,0
2023-11-16,S001,P0016,0,2.5952235107473395e-05,0
2023-11-17,S001,P0016,0,2.8536515574327032e-05,0
2023-11-18,S001,P0016,0,0.009933821121455159,0
2023-11-19,S001,P0016,1,0.9996754143017234,1
2023-11-20,S001,P0016,0,0.0,0
2023-11-21,S001,P0016,0,2.8536515574327032e-05,0
2023-11-22,S001,P0016,0,0.0,0
2023-11-23,S001,P0016,0,0.00021067655712985977,0
2023-11-24,S001,P0016,0,0.0,0
2023-11-25,S001,P0016,0,5.122548784720817e-06,0
2023-11-26,S001,P0016,0,0.0,0
2023-11-27,S001,P0016,0,5.122548784720817e-06,0
2023-11-28,S001,P0016,0,0.0,0
2023-11-29,S001,P0016,0,2.8536515574327032e-05,0
2023-11-30,S001,P0016,0,1.3151999304208986e-05,0
2023-12-01,S001,P0016,0,0.0015430218506635254,0
2023-12-02,S001,P0016,0,3.910423441168238e-05,0
2023-12-03,S001,P0016,0,0.00030224483318624386,0
2023-12-04,S001,P0016,0,0.07271359494249896,0
2023-12-05,S001,P0016,1,0.9999425947191121,1
2023-12-06,S001,P0016,0,0.0,0
2023-12-07,S001,P0016,0,5.9022272380913206e-05,0
2023-12-08,S001,P0016,0,5.3899723596192384e-05,0
2023-12-09,S001,P0016,0,5.122548784720817e-06,0
2023-12-10,S001,P0016,0,0.0,0
2023-12-11,S001,P0016,0,1.6767282727573657e-05,0
2023-12-12,S001,P0016,0,5.122548784720817e-06,0
2023-12-13,S001,P0016,0,0.0,0
2023-12-14,S001,P0016,0,2.8536515574327032e-05,0
2023-12-15,S001,P0016,0,1.3151999304208986e-05,0
2023-12-16,S001,P0016,0,0.00047446783609998337,0
2023-12-17,S001,P0016,0,2.902104423732585e-05,0
2023-12-18,S001,P0016,0,1.5244624585137928e-05,0
2023-12-19,S001,P0016,0,0.0,0
2023-12-20,S001,P0016,0,0.0,0
2023-12-21,S001,P0016,0,0.00014222738183580772,0
2023-12-22,S001,P0016,0,0.018190962173147432,0
2023-12-23,S001,P0016,1,0.9998390873626779,1
2023-12-24,S001,P0016,0,0.0003217693878936362,0
2023-12-25,S001,P0016,0,1.3151999304208986e-05,0
2023-12-26,S001,P0016,0,1.6767282727573657e-05,0
2023-12-27,S001,P0016,0,0.0,0
2023-12-28,S001,P0016,0,2.8536515574327032e-05,0
2023-12-29,S001,P0016,0,5.122548784720817e-06,0
2023-12-30,S001,P0016,0,5.122548784720817e-06,0
2023-12-31,S001,P0016,0,0.0006959853939031721,0
2024-01-01,S001,P0016,0,0.0006596212780151652,0
2024-01-02,S001,P0016,0,0.0006596212780151652,0
2024-01-03,S001,P0016,0,0.0,0
2024-01-04,S001,P0016,0,0.0015419616332621759,0
2024-01-05,S001,P0016,0,0.09189038273812766,0
2024-01-06,S001,P0016,0,0.0,0
2024-01-07,S001,P0016,0,0.0,0
2024-01-08,S001,P0016,0,0.057276079275307736,0
2024-01-09,S001,P0016,0,0.0002398026031200692,0
2024-01-10,S001,P0016,0,0.0012318557575932427,0
2024-01-11,S001,P0016,1,0.9981124082472309,1
2024-01-12,S001,P0016,0,0.0,0
2024-01-13,S001,P0016,0,0.000279003892075771,0
2024-01-14,S001,P0016,1,0.9973619222770351,1
2024-01-15,S001,P0016,1,0.9999085116905619,1
2024-01-16,S001,P0016,0,0.0001835704549976667,0
2024-01-17,S001,P0016,0,0.0,0
2024-01-18,S001,P0016,0,0.0,0
2024-01-19,S001,P0016,0,0.0,0
2024-01-20,S001,P0016,0,0.0,0
2024-01-21,S001,P0016,0,0.0,0
2024-01-22,S001,P0016,0,2.8536515574327032e-05,0
2024-01-23,S001,P0016,0,0.0011232608245816383,0
2024-01-24,S001,P0016,1,0.9936550397309771,1
2024-01-25,S001,P0016,0,0.00014905636034702964,0
2024-01-26,S001,P0016,0,0.00019083318157756872,0
2024-01-27,S001,P0016,0,0.00011269224445902287,0
2024-01-28,S001,P0016,0,2.8536515574327032e-05,0
2024-01-29,S001,P0016,0,8.674000935154948e-05,0
2024-01-30,S001,P0016,0,2.5952235107473395e-05,0
2023-10-13,S001,P0017,0,0.0069428434811312015,0
2023-10-14,S001,P0017,0,0.000367355964313805,0
2023-10-15,S001,P0017,0,0.003590380465729981,0
2023-10-16,S001,P0017,0,0.0,0
2023-10-17,S001,P0017,0,0.0,0
2023-10-18,S001,P0017,0,0.0,0
2023-10-19,S001,P0017,0,0.0,0
2023-10-20,S001,P0017,0,0.0,0
2023-10-21,S001,P0017,1,0.9120045238410577,1
2023-10-22,S001,P0017,1,0.9258453153477809,1
2023-10-23,S001,P0017,0,0.010829812284625118,0
2023-10-24,S001,P0017,0,0.017167151817745637,0
2023-10-25,S001,P0017,1,0.9684853060701569,1
2023-10-26,S001,P0017,1,0.9688011796092006,1
2023-10-27,S001,P0017,1,0.97011639136637,1
2023-10-28,S001,P0017,0,0.019265903857572417,0
2023-10-29,S001,P0017,0,0.0006065262622748158,0
2023-10-30,S001,P0017,1,0.9688795040460303,1
2023-10-31,S001,P0017,1,0.9915970716174839,1
2023-11-01,S001,P0017,0,0.003519963084754477,0
2023-11-02,S001,P0017,1,0.9940744720870288,1
2023-11-03,S001,P0017,0,0.006203681586181761,0
2023-11-04,S001,P0017,1,0.9942688699664102,1
2023-11-05,S001,P0017,0,0.07028873934250629,0
2023-11-06,S001,P0017,0,0.0040994904724694,0
2023-11-07,S001,P0017,0,0.0013443087533864873,0
2023-11-08,S001,P0017,1,0.9996942509403652,1
2023-11-09,S001,P0017,0,0.0005498336225598173,0
2023-11-10,S001,P0017,0,0.0017318228999234151,0
2023-11-11,S001,P0017,1,0.9994909950188108,1
2023-11-12,S001,P0017,1,0.9748873742645721,1
2023-11-13,S001,P0017,0,0.06260052110780677,0
2023-11-14,S001,P0017,1,0.9913026867300636,1
2023-11-15,S001,P0017,1,0.998257188417154,1
2023-11-16,S001,P0017,0,0.0006521173278652376,0
2023-11-17,S001,P0017,0,0.00032749937126111525,0
2023-11-18,S001,P0017,1,0.9932884519171091,1
2023-11-19,S001,P0017,1,0.9973529585278875,1
2023-11-20,S001,P0017,0,0.0012953244935640887,0
2023-11-21,S001,P0017,1,0.993625478623893,1
2023-11-22,S001,P0017,0,0.0015604451766108097,0
2023-11-23,S001,P0017,0,0.07591586548770947,0
2023-11-24,S001,P0017,1,0.9996790149179456,1
2023-11-25,S001,P0017,0,0.0011394208231685153,0
2023-11-26,S001,P0017,1,0.9997901345711397,1
2023-11-27,S001,P0017,0,0.001062530268410388,0
2023-11-28,S001,P0017,1,0.9916087857692837,1
2023-11-29,S001,P0017,0,8.234742775192202e-05,0
2023-11-30,S001,P0017,1,0.9831710391911165,1
2023-12-01,S001,P0017,0,8.234742775192202e-05,0
2023-12-02,S001,P0017,0,0.005084538217379763,0
2023-12-03,S001,P0017,1,0.9995217945589395,1
2023-12-04,S001,P0017,0,0.0005744392750715663,0
2023-12-05,S001,P0017,0,0.0012953244935640887,0
2023-12-06,S001,P0017,1,0.9984595417867905,1
2023-12-07,S001,P0017,0,0.00042402932991821273,0
2023-12-08,S001,P0017,1,0.9975871553562794,1
2023-12-09,S001,P0017,0,0.001968524786404682,0
2023-12-10,S001,P0017,1,0.9998926691799188,1
2023-12-11,S001,P0017,0,0.024505124200316152,0
2023-12-12,S001,P0017,0,0.0008511560155964441,0
2023-12-13,S001,P0017,0,0.0,0
2023-12-14,S001,P0017,0,5.122548784720817e-06,0
2023-12-15,S001,P0017,0,0.07207276478633044,0
2023-12-16,S001,P0017,0,0.12332122456437736,0
2023-12-17,S001,P0017,0,0.032583963547407294,0
2023-12-18,S001,P0017,1,0.9938467416679133,1
2023-12-19,S001,P0017,1,0.9999735043960019,1
2023-12-20,S001,P0017,0,0.017525198344773146,0
2023-12-21,S001,P0017,0,3.910423441168238e-05,0
2023-12-22,S001,P0017,1,0.9996884821768002,1
2023-12-23,S001,P0017,0,0.003576009361898906,0
2023-12-24,S001,P0017,1,0.9999186116668217,1
2023-12-25,S001,P0017,0,0.0025063310742662027,0
2023-12-26,S001,P0017,1,0.9998245425097714,1
2023-12-27,S001,P0017,0,0.0019927813121905858,0
2023-12-28,S001,P0017,0,0.0004823723314434548,0
2023-12-29,S001,P0017,0,0.022346608155991383,0
2023-12-30,S001,P0017,0,0.009725708675441562,0
2023-12-31,S001,P0017,0,0.022992913220639632,0
2024-01-01,S001,P0017,0,0.0018700284542369544,0
2024-01-02,S001,P0017,0,0.010586530362096398,0
2024-01-03,S001,P0017,0,0.0,0
2024-01-04,S001,P0017,0,0.002068053435069036,0
2024-01-05,S001,P0017,0,0.0035133856641999645,0
2024-01-06,S001,P0017,0,0.003590380465729981,0
2024-01-07,S001,P0017,0,0.00029036116278378883,0
2024-01-08,S001,P0017,0,0.005,0
2024-01-09,S001,P0017,1,0.8980175189276555,1
2024-01-10,S001,P0017,0,0.005,0
2024-01-11,S001,P0017,0,0.04467197891782776,0
2024-01-12,S001,P0017,1,0.9536316611295576,1
2024-01-13,S001,P0017,1,0.9765063987252622,1
2024-01-14,S001,P0017,0,0.0018342182484264906,0
2024-01-15,S001,P0017,0,0.02943566894610428,0
2024-01-16,S001,P0017,0,0.005364884788492873,0
2024-01-17,S001,P0017,1,0.9997261254912457,1
2024-01-18,S001,P0017,1,0.9914965020494587,1
2024-01-19,S001,P0017,0,0.0008734370281571016,0
2024-01-20,S001,P0017,1,0.9798534776911468,1
2024-01-21,S001,P0017,0,0.00016832583041252874,0
2024-01-22,S001,P0017,1,0.9763501312738854,1
2024-01-23,S001,P0017,0,0.00040568172248544123,0
2024-01-24,S001,P0017,0,0.0027475670365014228,0
2024-01-25,S001,P0017,0,0.024571238995100598,0
2024-01-26,S001,P0017,1,0.9992352663772874,1
2024-01-27,S001,P0017,1,0.9990694826731428,1
2024-01-28,S001,P0017,1,0.9946021011859233,1
2024-01-29,S001,P0017,0,0.012575546246514056,0
2024-01-30,S001,P0017,0,0.00011269224445902287,0
2023-10-13,S001,P0018,1,0.9969670498479375,1
2023-10-14,S001,P0018,0,0.008941029133263795,0
2023-10-15,S001,P0018,0,0.0032860335863239697,0
2023-10-16,S001,P0018,0,0.0007664508103470291,0
2023-10-17,S001,P0018,0,0.0004035479259897952,0
2023-10-18,S001,P0018,0,3.910423441168238e-05,0
2023-10-19,S001,P0018,1,0.9967628336429445,1
2023-10-20,S001,P0018,0,0.09360520126134297,0
2023-10-21,S001,P0018,0,0.0009017127145298354,0
2023-10-22,S001,P0018,0,0.0013116018283513208,0
2023-10-23,S001,P0018,0,0.00023461534350018097,0
2023-10-24,S001,P0018,0,0.032707653237341275,0
2023-10-25,S001,P0018,0,0.019922953654290886,0
2023-10-26,S001,P0018,0,0.00042402932991821273,0
2023-10-27,S001,P0018,0,0.00045037692422770256,0
2023-10-28,S001,P0018,0,0.019897981110713912,0
2023-10-29,S001,P0018,0,0.0003086173885894273,0
2023-10-30,S001,P0018,0,0.06378144929860718,0
2023-10-31,S001,P0018,0,0.07669945584908835,0
2023-11-01,S001,P0018,0,0.02511585349756792,0
2023-11-02,S001,P0018,1,0.998592058763082,1
2023-11-03,S001,P0018,0,0.06623100761141215,0
2023-11-04,S001,P0018,0,0.005132054890210014,0
2023-11-05,S001,P0018,0,0.01905757731907132,0
2023-11-06,S001,P0018,0,0.0014055558560968377,0
2023-11-07,S001,P0018,0,0.03896473957243794,0
2023-11-08,S001,P0018,1,0.9963158079878336,1
2023-11-09,S001,P0018,0,0.003526329595383304,0
2023-11-10,S001,P0018,0,0.0,0
2023-11-11,S001,P0018,0,1.6767282727573657e-05,0
2023-11-12,S001,P0018,1,0.9926876636013827,1
2023-11-13,S001,P0018,0,0.00016126603665106407,0
2023-11-14,S001,P0018,0,0.03857596031431167,0
2023-11-15,S001,P0018,1,0.9997905899801032,1
2023-11-16,S001,P0018,0,0.0035928337888346765,0
2023-11-17,S001,P0018,0,0.00047446783609998337,0
2023-11-18,S001,P0018,0,0.026576566424284076,0
2023-11-19,S001,P0018,0,0.029914473436642493,0
2023-11-20,S001,P0018,1,0.9592400804685274,1
2023-11-21,S001,P0018,0,0.012174881514471731,0
2023-11-22,S001,P0018,1,0.9903297745903388,1
2023-11-23,S001,P0018,0,0.0,0
2023-11-24,S001,P0018,1,0.9734378815628476,1
2023-11-25,S001,P0018,1,0.9998472873189977,1
2023-11-26,S001,P0018,0,0.00010409317222601922,0
2023-11-27,S001,P0018,0,3.107478389219421e-05,0
2023-11-28,S001,P0018,0,0.00039816264521629703,0
2023-11-29,S001,P0018,0,0.0,0
2023-11-30,S001,P0018,0,0.016347829408765068,0
2023-12-01,S001,P0018,1,0.9948556862482598,1
2023-12-02,S001,P0018,0,0.05828582721841565,0
2023-12-03,S001,P0018,1,0.9879752673208906,1
2023-12-04,S001,P0018,0,0.019343005544199977,0
2023-12-05,S001,P0018,1,0.9909224816596744,1
2023-12-06,S001,P0018,0,0.004759398092658142,0
2023-12-07,S001,P0018,0,0.021359649039899207,0
2023-12-08,S001,P0018,0,0.0034048871105577384,0
2023-12-09,S001,P0018,0,0.028549433964354606,0
2023-12-10,S001,P0018,1,0.9839471517823167,1
2023-12-11,S001,P0018,0,0.005059541135443693,0
2023-12-12,S001,P0018,1,0.9997980756984611,1
2023-12-13,S001,P0018,0,0.04815468729556478,0
2023-12-14,S001,P0018,0,0.03878295801483841,0
2023-12-15,S001,P0018,0,0.09542651821079795,0
2023-12-16,S001,P0018,0,0.0014290133789058332,0
2023-12-17,S001,P0018,0,0.006870299271671825,0
2023-12-18,S001,P0018,0,0.0010304909981307974,0
2023-12-19,S001,P0018,1,0.9945860497899424,1
2023-12-20,S001,P0018,0,0.004149679928679572,0
2023-12-21,S001,P0018,0,0.023278105011830426,0
2023-12-22,S001,P0018,1,0.9596965929122194,1
2023-12-23,S001,P0018,0,0.04527527193704953,0
2023-12-24,S001,P0018,0,0.001998226257855406,0
2023-12-25,S001,P0018,0,0.0012971589855544346,0
2023-12-26,S001,P0018,0,0.02987934397554485,0
2023-12-27,S001,P0018,0,0.003172797024982685,0
2023-12-28,S001,P0018,1,0.9995271961366554,1
2023-12-29,S001,P0018,0,0.021658483367259368,0
2023-12-30,S001,P0018,0,0.0007270438651184033,0
2023-12-31,S001,P0018,0,0.000959140753583668,0
2024-01-01,S001,P0018,0,0.07324705919309159,0
2024-01-02,S001,P0018,0,0.022090683082540447,0
2024-01-03,S001,P0018,0,0.013781670562195614,0
2024-01-04,S001,P0018,0,0.002097501223686332,0
2024-01-05,S001,P0018,0,0.02221713336924967,0
2024-01-06,S001,P0018,0,3.940649876770579e-05,0
2024-01-07,S001,P0018,0,0.0006730755416753977,0
2024-01-08,S001,P0018,0,0.0011959171860332102,0
2024-01-09,S001,P0018,0,0.004600716478541247,0
2024-01-10,S001,P0018,0,0.00034802388735713307,0
2024-01-11,S001,P0018,1,0.9869992376164727,1
2024-01-12,S001,P0018,0,0.0,0
2024-01-13,S001,P0018,0,0.00032207165224965966,0
2024-01-14,S001,P0018,0,0.0003345696236969007,0
2024-01-15,S001,P0018,0,0.00032207165224965966,0
2024-01-16,S001,P0018,0,0.00036865939890307964,0
2024-01-17,S001,P0018,0,0.024100498661883466,0
2024-01-18,S001,P0018,0,0.0034162878299150794,0
2024-01-19,S001,P0018,0,0.00013802017612037947,0
2024-01-20,S001,P0018,1,0.9993846214822852,1
2024-01-21,S001,P0018,0,0.004417441269266955,0
2024-01-22,S001,P0018,0,0.03376277755944464,0
2024-01-23,S001,P0018,0,0.01937289434313194,0
2024-01-24,S001,P0018,0,0.01674244014807772,0
2024-01-25,S001,P0018,1,0.9885968451457019,1
2024-01-26,S001,P0018,0,0.0003136743172407995,0
2024-01-27,S001,P0018,0,0.0016048048944266216,0
2024-01-28,S001,P0018,0,0.06738912514281474,0
2024-01-29,S001,P0018,0,0.00040568172248544123,0
2024-01-30,S001,P0018,0,0.004649119858969872,0
2023-10-13,S001,P0019,0,0.00029036116278378883,0
2023-10-14,S001,P0019,0,0.000367355964313805,0
2023-10-15,S001,P0019,0,0.00029036116278378883,0
2023-10-16,S001,P0019,0,7.69948015300162e-05,0
2023-10-17,S001,P0019,0,0.00041680091951850235,0
2023-10-18,S001,P0019,0,0.0008871610141954454,0
2023-10-19,S001,P0019,0,0.0,0
2023-10-20,S001,P0019,0,0.0007108618799899477,0
2023-10-21,S001,P0019,0,0.0,0
2023-10-22,S001,P0019,0,0.0,0
2023-10-23,S001,P0019,0,7.69948015300162e-05,0
2023-10-24,S001,P0019,0,9.04134321610054e-05,0
2023-10-25,S001,P0019,1,0.8954348265015468,1
2023-10-26,S001,P0019,1,0.9710608834255777,1
2023-10-27,S001,P0019,0,0.04171379912874868,0
2023-10-28,S001,P0019,1,0.982573011441706,1
2023-10-29,S001,P0019,0,0.0019776109463714112,0
2023-10-30,S001,P0019,1,0.9885240732575096,1
2023-10-31,S001,P0019,0,0.027732031727302077,0
2023-11-01,S001,P0019,1,0.9895672855105224,1
2023-11-02,S001,P0019,1,0.9982980108833126,1
2023-11-03,S001,P0019,0,0.0017805881755513482,0
2023-11-04,S001,P0019,0,0.012700971512245949,0
2023-11-05,S001,P0019,0,0.002137654129385348,0
2023-11-06,S001,P0019,0,0.0005485139013262446,0
2023-11-07,S001,P0019,0,0.06280463517207799,0
2023-11-08,S001,P0019,0,0.002237203157239373,0
2023-11-09,S001,P0019,0,0.0005885592674471588,0
2023-11-10,S001,P0019,0,0.04487878340994899,0
2023-11-11,S001,P0019,0,0.0048383864637030986,0
2023-11-12,S001,P0019,0,0.01006926076051193,0
2023-11-13,S001,P0019,1,0.9947725212666012,1
2023-11-14,S001,P0019,0,0.0003086173885894273,0
2023-11-15,S001,P0019,0,0.00015165428474894657,0
2023-11-16,S001,P0019,0,0.005696882148826806,0
2023-11-17,S001,P0019,0,0.025401368253239177,0
2023-11-18,S001,P0019,0,0.026565725705868397,0
2023-11-19,S001,P0019,0,0.006271077990833385,0
2023-11-20,S001,P0019,0,0.0007067800338057242,0
2023-11-21,S001,P0019,0,3.92012889557018e-05,0
2023-11-22,S001,P0019,1,0.9975350739766787,1
2023-11-23,S001,P0019,0,0.0017398082816595375,0
2023-11-24,S001,P0019,0,0.002310665984788159,0
2023-11-25,S001,P0019,0,0.0005829310940254023,0
2023-11-26,S001,P0019,1,0.9862385311554395,1
2023-11-27,S001,P0019,1,0.9866129323908536,1
2023-11-28,S001,P0019,0,0.0,0
2023-11-29,S001,P0019,0,0.02157507431934589,0
2023-11-30,S001,P0019,0,0.00042402932991821273,0
2023-12-01,S001,P0019,0,0.013245044784016429,0
2023-12-02,S001,P0019,0,0.062156689662551425,0
2023-12-03,S001,P0019,1,0.999739550603183,1
2023-12-04,S001,P0019,0,5.5741164787480645e-05,0
2023-12-05,S001,P0019,0,0.028077039515831993,0
2023-12-06,S001,P0019,0,0.06776927416044883,0
2023-12-07,S001,P0019,0,0.03578510836108801,0
2023-12-08,S001,P0019,0,0.007976252269645993,0
2023-12-09,S001,P0019,0,0.0005392786603821406,0
2023-12-10,S001,P0019,1,0.9943584371156653,1
2023-12-11,S001,P0019,0,0.008759036804543619,0
2023-12-12,S001,P0019,1,0.994705668341614,1
2023-12-13,S001,P0019,1,0.9970033750992087,1
2023-12-14,S001,P0019,0,0.0012718179095004578,0
2023-12-15,S001,P0019,0,0.05818930483449855,0
2023-12-16,S001,P0019,0,0.0010043449066971608,0
2023-12-17,S001,P0019,0,0.07307661432037009,0
2023-12-18,S001,P0019,1,0.9998325479173666,1
2023-12-19,S001,P0019,0,0.05363765719732581,0
2023-12-20,S001,P0019,0,0.0014758328023204176,0
2023-12-21,S001,P0019,0,0.022440529657492183,0
2023-12-22,S001,P0019,0,0.0007072782142326115,0
2023-12-23,S001,P0019,0,0.029437558949254226,0
2023-12-24,S001,P0019,0,0.04507356621869198,0
2023-12-25,S001,P0019,0,0.04315689715382364,0
2023-12-26,S001,P0019,0,0.005228688589665786,0
2023-12-27,S001,P0019,0,0.012119147647695052,0
2023-12-28,S001,P0019,0,0.004614307616152805,0
2023-12-29,S001,P0019,0,0.005322224233977127,0
2023-12-30,S001,P0019,0,0.00029036116278378883,0
2023-12-31,S001,P0019,0,0.00029036116278378883,0
2024-01-01,S001,P0019,0,7.69948015300162e-05,0
2024-01-02,S001,P0019,0,0.0,0
2024-01-03,S001,P0019,0,7.69948015300162e-05,0
2024-01-04,S001,P0019,0,0.0,0
2024-01-05,S001,P0019,0,0.00038077459494479423,0
2024-01-06,S001,P0019,0,0.000367355964313805,0
2024-01-07,S001,P0019,0,0.0,0
2024-01-08,S001,P0019,0,0.0,0
2024-01-09,S001,P0019,0,0.0,0
2024-01-10,S001,P0019,0,0.0,0
2024-01-11,S001,P0019,0,0.010243068536329787,0
2024-01-12,S001,P0019,1,0.9801005923991873,1
2024-01-13,S001,P0019,0,0.10848878544240854,0
2024-01-14,S001,P0019,0,0.0009828539019502986,0
2024-01-15,S001,P0019,0,0.005175361968808997,0
2024-01-16,S001,P0019,0,0.04374686343678064,0
2024-01-17,S001,P0019,1,0.9994168653431782,1
2024-01-18,S001,P0019,0,0.0628478337414067,0
2024-01-19,S001,P0019,0,0.020234052077042933,0
2024-01-20,S001,P0019,0,0.05845246641250004,0
2024-01-21,S001,P0019,0,0.06823693937501686,0
2024-01-22,S001,P0019,0,0.05331839074220354,0
2024-01-23,S001,P0019,0,0.008409555413058503,0
2024-01-24,S001,P0019,1,0.9984016487804843,1
2024-01-25,S001,P0019,0,0.018414165603921125,0
2024-01-26,S001,P0019,1,0.9730763613216671,1
2024-01-27,S001,P0019,0,0.016094180051395988,0
2024-01-28,S001,P0019,0,0.029187518344165518,0
2024-01-29,S001,P0019,1,0.9863661998211731,1
2024-01-30,S001,P0019,0,0.007762671418423839,0
2023-10-13,S001,P0020,0,5.122548784720817e-06,0
2023-10-14,S001,P0020,0,0.0,0
2023-10-15,S001,P0020,0,0.0,0
2023-10-16,S001,P0020,0,5.97049361691353e-05,0
2023-10-17,S001,P0020,0,0.0,0
2023-10-18,S001,P0020,0,0.0,0
2023-10-19,S001,P0020,0,0.0,0
2023-10-20,S001,P0020,0,0.0,0
2023-10-21,S001,P0020,0,0.0,0
2023-10-22,S001,P0020,0,9.04134321610054e-05,0
2023-10-23,S001,P0020,0,5.97049361691353e-05,0
2023-10-24,S001,P0020,0,0.00043391934783714814,0
2023-10-25,S001,P0020,0,0.00012961472111670718,0
2023-10-26,S001,P0020,0,3.92012889557018e-05,0
2023-10-27,S001,P0020,0,0.0014922188058475508,0
2023-10-28,S001,P0020,0,0.00037993289907358493,0
2023-10-29,S001,P0020,0,0.0005233255970185056,0
2023-10-30,S001,P0020,0,0.0,0
2023-10-31,S001,P0020,0,1.6767282727573657e-05,0
2023-11-01,S001,P0020,0,1.164473394285284e-05,0
2023-11-02,S001,P0020,0,1.164473394285284e-05,0
2023-11-03,S001,P0020,0,3.92012889557018e-05,0
2023-11-04,S001,P0020,0,3.910423441168238e-05,0
2023-11-05,S001,P0020,0,1.164473394285284e-05,0
2023-11-06,S001,P0020,0,0.0003337163861925125,0
2023-11-07,S001,P0020,0,1.164473394285284e-05,0
2023-11-08,S001,P0020,0,1.164473394285284e-05,0
2023-11-09,S001,P0020,0,0.0006479765440723125,0
2023-11-10,S001,P0020,0,3.92012889557018e-05,0
2023-11-11,S001,P0020,0,2.5952235107473395e-05,0
2023-11-12,S001,P0020,0,1.164473394285284e-05,0
2023-11-13,S001,P0020,0,0.0009682386666045927,0
2023-11-14,S001,P0020,0,0.0,0
2023-11-15,S001,P0020,0,3.92012889557018e-05,0
2023-11-16,S001,P0020,0,1.3151999304208986e-05,0
2023-11-17,S001,P0020,0,0.00015165428474894657,0
2023-11-18,S001,P0020,0,0.0,0
2023-11-19,S001,P0020,0,0.0006479765440723125,0
2023-11-20,S001,P0020,0,2.5952235107473395e-05,0
2023-11-21,S001,P0020,0,4.4323837740422614e-05,0
2023-11-22,S001,P0020,0,1.164473394285284e-05,0
2023-11-23,S001,P0020,0,3.7596969050326233e-05,0
2023-11-24,S001,P0020,0,0.0006479765440723125,0
2023-11-25,S001,P0020,0,0.0,0
2023-11-26,S001,P0020,0,0.0,0
2023-11-27,S001,P0020,0,0.0004843250381788546,0
2023-11-28,S001,P0020,1,0.9752781674799533,1
2023-11-29,S001,P0020,0,0.0006596212780151652,0
2023-11-30,S001,P0020,0,2.5952235107473395e-05,0
2023-12-01,S001,P0020,0,1.164473394285284e-05,0
2023-12-02,S001,P0020,0,0.0,0
2023-12-03,S001,P0020,0,3.910423441168238e-05,0
2023-12-04,S001,P0020,0,0.00021135922091808186,0
2023-12-05,S001,P0020,0,0.00015165428474894657,0
2023-12-06,S001,P0020,0,7.546835029968916e-05,0
2023-12-07,S001,P0020,0,4.8008849830859627e-05,0
2023-12-08,S001,P0020,0,0.00015165428474894657,0
2023-12-09,S001,P0020,0,0.00015165428474894657,0
2023-12-10,S001,P0020,0,1.164473394285284e-05,0
2023-12-11,S001,P0020,0,5.97049361691353e-05,0
2023-12-12,S001,P0020,0,2.5952235107473395e-05,0
2023-12-13,S001,P0020,0,1.164473394285284e-05,0
2023-12-14,S001,P0020,0,0.0014116740958699356,0
2023-12-15,S001,P0020,0,0.0006596212780151652,0
2023-12-16,S001,P0020,0,0.0,0
2023-12-17,S001,P0020,0,3.910423441168238e-05,0
2023-12-18,S001,P0020,0,0.00021135922091808186,0
2023-12-19,S001,P0020,0,0.0006596212780151652,0
2023-12-20,S001,P0020,0,2.5952235107473395e-05,0
2023-12-21,S001,P0020,0,0.0006596212780151652,0
2023-12-22,S001,P0020,0,0.0006596212780151652,0
2023-12-23,S001,P0020,0,0.0,0
2023-12-24,S001,P0020,0,0.0,0
2023-12-25,S001,P0020,0,1.164473394285284e-05,0
2023-12-26,S001,P0020,0,0.00032207165224965966,0
2023-12-27,S001,P0020,0,1.164473394285284e-05,0
2023-12-28,S001,P0020,0,0.0006479765440723125,0
2023-12-29,S001,P0020,0,0.0006843406599603192,0
2023-12-30,S001,P0020,0,0.0006479765440723125,0
2023-12-31,S001,P0020,0,0.0006479765440723125,0
2024-01-01,S001,P0020,0,0.0006479765440723125,0
2024-01-02,S001,P0020,0,0.0,0
2024-01-03,S001,P0020,0,0.0,0
2024-01-04,S001,P0020,0,0.0,0
2024-01-05,S001,P0020,0,0.0,0
2024-01-06,S001,P0020,0,1.164473394285284e-05,0
2024-01-07,S001,P0020,0,0.0,0
2024-01-08,S001,P0020,0,5.97049361691353e-05,0
2024-01-09,S001,P0020,0,0.0,0
2024-01-10,S001,P0020,0,0.00034350591567614274,0
2024-01-11,S001,P0020,0,9.04134321610054e-05,0
2024-01-12,S001,P0020,0,0.0003345696236969007,0
2024-01-13,S001,P0020,0,0.001121855447978196,0
2024-01-14,S001,P0020,0,0.04934002800934138,0
2024-01-15,S001,P0020,0,1.164473394285284e-05,0
2024-01-16,S001,P0020,0,1.164473394285284e-05,0
2024-01-17,S001,P0020,0,1.164473394285284e-05,0
2024-01-18,S001,P0020,0,3.92012889557018e-05,0
2024-01-19,S001,P0020,0,0.000780866224279952,0
2024-01-20,S001,P0020,0,0.055229498768306816,0
2024-01-21,S001,P0020,1,0.9999457511247569,1
2024-01-22,S001,P0020,0,8.56571712766087e-05,0
2024-01-23,S001,P0020,0,0.0,0
2024-01-24,S001,P0020,0,0.0006596212780151652,0
2024-01-25,S001,P0020,0,0.0006596212780151652,0
2024-01-26,S001,P0020,0,0.0,0
2024-01-27,S001,P0020,0,1.164473394285284e-05,0
2024-01-28,S001,P0020,0,0.00019085557370464835,0
2024-01-29,S001,P0020,0,0.0,0
2024-01-30,S001,P0020,0,0.0,0
2023-10-13,S002,P0001,0,0.0,0
2023-10-14,S002,P0001,0,0.0006596212780151652,0
2023-10-15,S002,P0001,0,2.5952235107473395e-05,0
2023-10-16,S002,P0001,0,0.0,0
2023-10-17,S002,P0001,0,0.009585153600302288,0
2023-10-18,S002,P0001,0,0.0732026598873049,0
2023-10-19,S002,P0001,0,0.0,0
2023-10-20,S002,P0001,0,2.8396623889346913e-05,0
2023-10-21,S002,P0001,0,2.5098997603085232e-05,0
2023-10-22,S002,P0001,0,2.5952235107473395e-05,0
2023-10-23,S002,P0001,0,5.97049361691353e-05,0
2023-10-24,S002,P0001,0,1.3151999304208986e-05,0
2023-10-25,S002,P0001,0,0.00019085557370464835,0
2023-10-26,S002,P0001,0,0.0,0
2023-10-27,S002,P0001,0,0.0,0
2023-10-28,S002,P0001,0,0.0,0
2023-10-29,S002,P0001,0,0.0,0
2023-10-30,S002,P0001,0,2.8536515574327032e-05,0
2023-10-31,S002,P0001,0,0.0,0
2023-11-01,S002,P0001,1,0.9862379233494954,1
2023-11-02,S002,P0001,0,1.3151999304208986e-05,0
2023-11-03,S002,P0001,0,0.014156890997464195,0
2023-11-04,S002,P0001,0,0.0,0
2023-11-05,S002,P0001,0,2.8536515574327032e-05,0
2023-11-06,S002,P0001,0,3.910423441168238e-05,0
2023-11-07,S002,P0001,0,0.0025768431685022717,0
2023-11-08,S002,P0001,0,0.0001835704549976667,0
2023-11-09,S002,P0001,0,0.00014222738183580772,0
2023-11-10,S002,P0001,0,0.0,0
2023-11-11,S002,P0001,0,0.0024966073091154777,0
2023-11-12,S002,P0001,0,4.0665778180178686e-05,0
2023-11-13,S002,P0001,0,5.3899723596192384e-05,0
2023-11-14,S002,P0001,0,0.0,0
2023-11-15,S002,P0001,0,0.0,0
2023-11-16,S002,P0001,0,1.6767282727573657e-05,0
2023-11-17,S002,P0001,0,0.0,0
2023-11-18,S002,P0001,0,8.993526577988445e-05,0
2023-11-19,S002,P0001,0,0.00014222738183580772,0
2023-11-20,S002,P0001,0,0.0206467347497288,0
2023-11-21,S002,P0001,1,0.9996941902638086,1
2023-11-22,S002,P0001,0,5.122548784720817e-06,0
2023-11-23,S002,P0001,0,1.3151999304208986e-05,0
2023-11-24,S002,P0001,0,1.3151999304208986e-05,0
2023-11-25,S002,P0001,0,1.6767282727573657e-05,0
2023-11-26,S002,P0001,0,0.00023195549575510239,0
2023-11-27,S002,P0001,0,5.122548784720817e-06,0
2023-11-28,S002,P0001,0,1.6767282727573657e-05,0
2023-11-29,S002,P0001,0,0.0,0
2023-11-30,S002,P0001,0,0.0,0
2023-12-01,S002,P0001,0,0.0030986183337622796,0
2023-12-02,S002,P0001,0,0.0,0
2023-12-03,S002,P0001,0,0.0,0
2023-12-04,S002,P0001,0,0.00011304893118859426,0
2023-12-05,S002,P0001,0,1.3151999304208986e-05,0
2023-12-06,S002,P0001,0,1.3151999304208986e-05,0
2023-12-07,S002,P0001,0,2.8536515574327032e-05,0
2023-12-08,S002,P0001,0,1.3151999304208986e-05,0
2023-12-09,S002,P0001,0,0.0007835160502955189,0
2023-12-10,S002,P0001,0,2.8536515574327032e-05,0
2023-12-11,S002,P0001,0,1.3151999304208986e-05,0
2023-12-12,S002,P0001,0,1.6767282727573657e-05,0
2023-12-13,S002,P0001,0,5.122548784720817e-06,0
2023-12-14,S002,P0001,0,0.0,0
2023-12-15,S002,P0001,0,0.0,0
2023-12-16,S002,P0001,0,0.0,0
2023-12-17,S002,P0001,0,4.0665778180178686e-05,0
2023-12-18,S002,P0001,0,2.8536515574327032e-05,0
2023-12-19,S002,P0001,0,0.0011386522161220421,0
2023-12-20,S002,P0001,1,0.9963816638166795,1
2023-12-21,S002,P0001,0,0.0,0
2023-12-22,S002,P0001,0,0.0,0
2023-12-23,S002,P0001,0,0.0,0
2023-12-24,S002,P0001,0,4.0665778180178686e-05,0
2023-12-25,S002,P0001,0,0.00014222738183580772,0
2023-12-26,S002,P0001,0,5.3899723596192384e-05,0
2023-12-27,S002,P0001,0,0.0059363879356957834,0
2023-12-28,S002,P0001,0,1.6767282727573657e-05,0
2023-12-29,S002,P0001,0,0.0,0
2023-12-30,S002,P0001,0,1.6767282727573657e-05,0
2023-12-31,S002,P0001,0,4.0665778180178686e-05,0
2024-01-01,S002,P0001,0,0.0,0
2024-01-02,S002,P0001,0,5.122548784720817e-06,0
2024-01-03,S002,P0001,0,0.00026833911869439625,0
2024-01-04,S002,P0001,0,8.674000935154948e-05,0
2024-01-05,S002,P0001,0,0.0008809409783070293,0
2024-01-06,S002,P0001,0,5.122548784720817e-06,0
2024-01-07,S002,P0001,0,2.902104423732585e-05,0
2024-01-08,S002,P0001,0,0.0002995075392892045,0
2024-01-09,S002,P0001,0,0.0029709413833537085,0
2024-01-10,S002,P0001,1,0.9999115008470948,1
2024-01-11,S002,P0001,0,0.0,0
2024-01-12,S002,P0001,0,0.00011269224445902287,0
2024-01-13,S002,P0001,0,4.8008849830859627e-05,0
2024-01-14,S002,P0001,0,0.0,0
2024-01-15,S002,P0001,0,1.6767282727573657e-05,0
2024-01-16,S002,P0001,0,0.0,0
2024-01-17,S002,P0001,0,0.0,0
2024-01-18,S002,P0001,0,0.030684551020365332,0
2024-01-19,S002,P0001,0,0.0001968623459868558,0
2024-01-20,S002,P0001,0,0.008468084241234684,0
2024-01-21,S002,P0001,1,0.9998642916318862,1
2024-01-22,S002,P0001,0,5.122548784720817e-06,0
2024-01-23,S002,P0001,0,5.122548784720817e-06,0
2024-01-24,S002,P0001,0,0.00018869300378238752,0
2024-01-25,S002,P0001,0,5.122548784720817e-06,0
2024-01-26,S002,P0001,0,5.122548784720817e-06,0
2024-01-27,S002,P0001,0,2.8536515574327032e-05,0
2024-01-28,S002,P0001,0,8.674000935154948e-05,0
2024-01-29,S002,P0001,0,0.0008394612040053777,0
2024-01-30,S002,P0001,0,1.6767282727573657e-05,0
2023-10-13,S002,P0002,0,0.0,0
2023-10-14,S002,P0002,0,0.0,0
2023-10-15,S002,P0002,0,0.0,0
2023-10-16,S002,P0002,0,0.0,0
2023-10-17,S002,P0002,0,0.00015165428474894657,0
2023-10-18,S002,P0002,0,0.0,0
2023-10-19,S002,P0002,0,0.0,0
2023-10-20,S002,P0002,0,1.3454263660232394e-05,0
2023-10-21,S002,P0002,0,0.0003756763839132746,0
2023-10-22,S002,P0002,0,0.0003756763839132746,0
2023-10-23,S002,P0002,0,0.005090413432161005,0
2023-10-24,S002,P0002,0,0.00043391934783714814,0
2023-10-25,S002,P0002,0,0.00012961472111670718,0
2023-10-26,S002,P0002,0,0.032869350021410504,0
2023-10-27,S002,P0002,0,0.0,0
2023-10-28,S002,P0002,0,0.0,0
2023-10-29,S002,P0002,0,0.0011926544686375407,0
2023-10-30,S002,P0002,0,0.0,0
2023-10-31,S002,P0002,0,0.0,0
2023-11-01,S002,P0002,0,0.00015361562025644518,0
2023-11-02,S002,P0002,0,0.0,0
2023-11-03,S002,P0002,0,0.03771603366364751,0
2023-11-04,S002,P0002,0,0.0005114564805919896,0
2023-11-05,S002,P0002,0,0.0003775105526811169,0
2023-11-06,S002,P0002,0,1.164473394285284e-05,0
2023-11-07,S002,P0002,0,0.001652613212921414,0
2023-11-08,S002,P0002,0,0.06029443209152923,0
2023-11-09,S002,P0002,0,3.910423441168238e-05,0
2023-11-10,S002,P0002,0,0.009388415125940457,0
2023-11-11,S002,P0002,1,0.9854775580350666,1
2023-11-12,S002,P0002,0,4.3781140159464967e-05,0
2023-11-13,S002,P0002,0,1.3151999304208986e-05,0
2023-11-14,S002,P0002,0,3.7596969050326233e-05,0
2023-11-15,S002,P0002,0,4.3781140159464967e-05,0
2023-11-16,S002,P0002,0,7.546835029968916e-05,0
2023-11-17,S002,P0002,0,5.122548784720817e-06,0
2023-11-18,S002,P0002,0,5.122548784720817e-06,0
2023-11-19,S002,P0002,0,1.3151999304208986e-05,0
2023-11-20,S002,P0002,0,0.0002995075392892045,0
2023-11-21,S002,P0002,0,0.005157730168206236,0
2023-11-22,S002,P0002,0,0.0,0
2023-11-23,S002,P0002,0,0.027144146598713937,0
2023-11-24,S002,P0002,0,0.00036865939890307964,0
2023-11-25,S002,P0002,0,0.04917196290037992,0
2023-11-26,S002,P0002,0,0.004677322260488695,0
2023-11-27,S002,P0002,0,0.0,0
2023-11-28,S002,P0002,0,3.910423441168238e-05,0
2023-11-29,S002,P0002,0,0.0,0
2023-11-30,S002,P0002,0,0.0003217693878936362,0
2023-12-01,S002,P0002,0,0.0001720214581188053,0
2023-12-02,S002,P0002,0,0.0,0
2023-12-03,S002,P0002,0,0.0019487234632206169,0
2023-12-04,S002,P0002,0,1.5244624585137928e-05,0
2023-12-05,S002,P0002,0,0.03567923070777293,0
2023-12-06,S002,P0002,0,5.122548784720817e-06,0
2023-12-07,S002,P0002,0,1.6767282727573657e-05,0
2023-12-08,S002,P0002,0,0.0011490766602908803,0
2023-12-09,S002,P0002,0,0.0019389525662439366,0
2023-12-10,S002,P0002,0,0.0,0
2023-12-11,S002,P0002,0,0.032665209556358654,0
2023-12-12,S002,P0002,0,1.3151999304208986e-05,0
2023-12-13,S002,P0002,0,1.164473394285284e-05,0
2023-12-14,S002,P0002,0,2.8536515574327032e-05,0
2023-12-15,S002,P0002,1,0.9761689175993156,1
2023-12-16,S002,P0002,0,1.3151999304208986e-05,0
2023-12-17,S002,P0002,0,2.8536515574327032e-05,0
2023-12-18,S002,P0002,0,0.06954285982926335,0
2023-12-19,S002,P0002,0,1.3151999304208986e-05,0
2023-12-20,S002,P0002,0,2.8396623889346913e-05,0
2023-12-21,S002,P0002,0,2.8396623889346913e-05,0
2023-12-22,S002,P0002,0,0.00021358779814586594,0
2023-12-23,S002,P0002,1,0.9974049959626836,1
2023-12-24,S002,P0002,0,2.8396623889346913e-05,0
2023-12-25,S002,P0002,0,3.910423441168238e-05,0
2023-12-26,S002,P0002,0,0.00039816264521629703,0
2023-12-27,S002,P0002,0,0.0016791049451758949,0
2023-12-28,S002,P0002,0,0.0018802042728204924,0
2023-12-29,S002,P0002,0,5.122548784720817e-06,0
2023-12-30,S002,P0002,0,0.0003682881651307321,0
2023-12-31,S002,P0002,0,0.00025034074452918987,0
2024-01-01,S002,P0002,0,5.97049361691353e-05,0
2024-01-02,S002,P0002,0,1.3454263660232394e-05,0
2024-01-03,S002,P0002,0,0.0,0
2024-01-04,S002,P0002,0,0.0,0
2024-01-05,S002,P0002,0,1.3454263660232394e-05,0
2024-01-06,S002,P0002,0,0.00029036116278378883,0
2024-01-07,S002,P0002,0,0.00029036116278378883,0
2024-01-08,S002,P0002,0,1.3454263660232394e-05,0
2024-01-09,S002,P0002,0,1.3454263660232394e-05,0
2024-01-10,S002,P0002,1,0.9866725005174023,1
2024-01-11,S002,P0002,0,0.005279756514568843,0
2024-01-12,S002,P0002,0,0.0,0
2024-01-13,S002,P0002,0,0.0,0
2024-01-14,S002,P0002,0,0.0005116808630756528,0
2024-01-15,S002,P0002,0,0.0003694733345215435,0
2024-01-16,S002,P0002,0,0.003150493370832181,0
2024-01-17,S002,P0002,0,8.674000935154948e-05,0
2024-01-18,S002,P0002,0,0.0013976520385666552,0
2024-01-19,S002,P0002,0,0.0009752013587783566,0
2024-01-20,S002,P0002,0,0.00013479328018619512,0
2024-01-21,S002,P0002,0,1.164473394285284e-05,0
2024-01-22,S002,P0002,0,0.0029321824100682157,0
2024-01-23,S002,P0002,0,0.001203012630556689,0
2024-01-24,S002,P0002,0,0.0002398026031200692,0
2024-01-25,S002,P0002,0,0.00015165428474894657,0
2024-01-26,S002,P0002,0,3.6035542183692063e-05,0
2024-01-27,S002,P0002,0,0.00029984461343372164,0
2024-01-28,S002,P0002,0,0.0,0
2024-01-29,S002,P0002,0,5.122548784720817e-06,0
2024-01-30,S002,P0002,0,1.6767282727573657e-05,0
2023-10-13,S002,P0003,0,1.6767282727573657e-05,0
2023-10-14,S002,P0003,0,1.6767282727573657e-05,0
2023-10-15,S002,P0003,0,2.902104423732585e-05,0
2023-10-16,S002,P0003,0,0.0,0
2023-10-17,S002,P0003,0,0.00015677683353366737,0
2023-10-18,S002,P0003,0,0.0006596212780151652,0
2023-10-19,S002,P0003,0,0.00015165428474894657,0
2023-10-20,S002,P0003,0,6.231635099548019e-05,0
2023-10-21,S002,P0003,0,0.0,0
2023-10-22,S002,P0003,0,9.484539919916303e-05,0
2023-10-23,S002,P0003,1,0.9666575924223955,1
2023-10-24,S002,P0003,0,0.0,0
2023-10-25,S002,P0003,0,6.75979128450487e-05,0
2023-10-26,S002,P0003,0,0.005942374499855399,0
2023-10-27,S002,P0003,0,0.0006479765440723125,0
2023-10-28,S002,P0003,0,1.164473394285284e-05,0
2023-10-29,S002,P0003,0,0.0,0
2023-10-30,S002,P0003,0,3.910423441168238e-05,0
2023-10-31,S002,P0003,0,0.0009682386666045927,0
2023-11-01,S002,P0003,0,4.8008849830859627e-05,0
2023-11-02,S002,P0003,0,2.5952235107473395e-05,0
2023-11-03,S002,P0003,0,1.164473394285284e-05,0
2023-11-04,S002,P0003,0,0.0,0
2023-11-05,S002,P0003,0,7.546835029968916e-05,0
2023-11-06,S002,P0003,0,6.482748495385612e-05,0
2023-11-07,S002,P0003,0,5.122548784720817e-06,0
2023-11-08,S002,P0003,0,0.0,0
2023-11-09,S002,P0003,0,0.0,0
2023-11-10,S002,P0003,0,1.6767282727573657e-05,0
2023-11-11,S002,P0003,0,5.122548784720817e-06,0
2023-11-12,S002,P0003,0,0.0,0
2023-11-13,S002,P0003,0,0.0,0
2023-11-14,S002,P0003,0,0.00014491535598661222,0
2023-11-15,S002,P0003,0,0.07163935834612921,0
2023-11-16,S002,P0003,1,0.9998581639896845,1
2023-11-17,S002,P0003,0,3.910423441168238e-05,0
2023-11-18,S002,P0003,0,2.8396623889346913e-05,0
2023-11-19,S002,P0003,0,3.92012889557018e-05,0
2023-11-20,S002,P0003,0,1.3151999304208986e-05,0
2023-11-21,S002,P0003,0,2.8536515574327032e-05,0
2023-11-22,S002,P0003,0,1.3151999304208986e-05,0
2023-11-23,S002,P0003,0,0.02685392847453848,0
2023-11-24,S002,P0003,0,1.3151999304208986e-05,0
2023-11-25,S002,P0003,0,0.00014222738183580772,0
2023-11-26,S002,P0003,0,0.0029715320332821126,0
2023-11-27,S002,P0003,1,0.9999573219247472,1
2023-11-28,S002,P0003,0,1.3151999304208986e-05,0
2023-11-29,S002,P0003,0,1.164473394285284e-05,0
2023-11-30,S002,P0003,0,7.546835029968916e-05,0
2023-12-01,S002,P0003,0,1.5244624585137928e-05,0
2023-12-02,S002,P0003,0,0.00014222738183580772,0
2023-12-03,S002,P0003,0,0.0,0
2023-12-04,S002,P0003,0,1.6767282727573657e-05,0
2023-12-05,S002,P0003,0,1.3151999304208986e-05,0
2023-12-06,S002,P0003,0,0.00014222738183580772,0
2023-12-07,S002,P0003,0,0.0,0
2023-12-08,S002,P0003,0,5.122548784720817e-06,0
2023-12-09,S002,P0003,0,0.0,0
2023-12-10,S002,P0003,0,0.0,0
2023-12-11,S002,P0003,0,1.3151999304208986e-05,0
2023-12-12,S002,P0003,0,2.0367173369858746e-05,0
2023-12-13,S002,P0003,0,5.122548784720817e-06,0
2023-12-14,S002,P0003,0,0.0006596212780151652,0
2023-12-15,S002,P0003,0,2.5952235107473395e-05,0
2023-12-16,S002,P0003,0,0.00014222738183580772,0
2023-12-17,S002,P0003,0,0.0003477216230011097,0
2023-12-18,S002,P0003,1,0.9388857589344154,1
2023-12-19,S002,P0003,0,2.8396623889346913e-05,0
2023-12-20,S002,P0003,0,2.8536515574327032e-05,0
2023-12-21,S002,P0003,0,3.910423441168238e-05,0
2023-12-22,S002,P0003,0,0.029946425785779836,0
2023-12-23,S002,P0003,0,2.8536515574327032e-05,0
2023-12-24,S002,P0003,0,3.910423441168238e-05,0
2023-12-25,S002,P0003,0,0.0006596212780151652,0
2023-12-26,S002,P0003,0,6.231635099548019e-05,0
2023-12-27,S002,P0003,0,5.122548784720817e-06,0
2023-12-28,S002,P0003,0,1.6767282727573657e-05,0
2023-12-29,S002,P0003,0,0.0006596212780151652,0
2023-12-30,S002,P0003,0,2.5952235107473395e-05,0
2023-12-31,S002,P0003,0,0.0006479765440723125,0
2024-01-01,S002,P0003,0,0.0,0
2024-01-02,S002,P0003,0,0.008622118323562881,0
2024-01-03,S002,P0003,1,0.9997242750302032,1
2024-01-04,S002,P0003,0,0.0,0
2024-01-05,S002,P0003,0,5.122548784720817e-06,0
2024-01-06,S002,P0003,0,5.122548784720817e-06,0
2024-01-07,S002,P0003,0,6.231635099548019e-05,0
2024-01-08,S002,P0003,0,0.00015165428474894657,0
2024-01-09,S002,P0003,0,1.164473394285284e-05,0
2024-01-10,S002,P0003,0,3.92012889557018e-05,0
2024-01-11,S002,P0003,0,0.011006320703554284,0
2024-01-12,S002,P0003,0,0.01576782990639174,0
2024-01-13,S002,P0003,0,0.0,0
2024-01-14,S002,P0003,0,4.0665778180178686e-05,0
2024-01-15,S002,P0003,0,1.6767282727573657e-05,0
2024-01-16,S002,P0003,0,0.00019543193254472184,0
2024-01-17,S002,P0003,0,5.122548784720817e-06,0
2024-01-18,S002,P0003,0,1.6767282727573657e-05,0
2024-01-19,S002,P0003,0,0.0,0
2024-01-20,S002,P0003,0,0.0,0
2024-01-21,S002,P0003,0,0.0006479765440723125,0
2024-01-22,S002,P0003,0,9.89062251248371e-05,0
2024-01-23,S002,P0003,0,0.0,0
2024-01-24,S002,P0003,0,0.0019449776108142393,0
2024-01-25,S002,P0003,0,1.6767282727573657e-05,0
2024-01-26,S002,P0003,0,0.0,0
2024-01-27,S002,P0003,0,0.0,0
2024-01-28,S002,P0003,1,0.8165781056074388,1
2024-01-29,S002,P0003,0,0.0,0
2024-01-30,S002,P0003,0,5.122548784720817e-06,0
2023-10-13,S002,P0004,0,1.164473394285284e-05,0
2023-10-14,S002,P0004,0,0.0006596212780151652,0
2023-10-15,S002,P0004,0,0.0,0
2023-10-16,S002,P0004,0,0.0,0
2023-10-17,S002,P0004,0,0.00015165428474894657,0
2023-10-18,S002,P0004,0,0.00245913820733895,0
2023-10-19,S002,P0004,0,0.0002398026031200692,0
2023-10-20,S002,P0004,0,0.00038520656198295184,0
2023-10-21,S002,P0004,1,0.9820332456578106,1
2023-10-22,S002,P0004,0,0.0,0
2023-10-23,S002,P0004,0,0.0,0
2023-10-24,S002,P0004,0,1.6767282727573657e-05,0
2023-10-25,S002,P0004,0,0.0,0
2023-10-26,S002,P0004,0,0.0,0
2023-10-27,S002,P0004,0,3.910423441168238e-05,0
2023-10-28,S002,P0004,1,0.9968549444607122,1
2023-10-29,S002,P0004,0,0.0,0
2023-10-30,S002,P0004,0,0.0,0
2023-10-31,S002,P0004,0,0.0,0
2023-11-01,S002,P0004,0,0.00016832583041252874,0
2023-11-02,S002,P0004,0,2.8536515574327032e-05,0
2023-11-03,S002,P0004,0,0.0,0
2023-11-04,S002,P0004,0,0.0003403472885313341,0
2023-11-05,S002,P0004,0,5.3899723596192384e-05,0
2023-11-06,S002,P0004,0,5.122548784720817e-06,0
2023-11-07,S002,P0004,0,2.8536515574327032e-05,0
2023-11-08,S002,P0004,0,5.956846232556054e-05,0
2023-11-09,S002,P0004,0,0.00029797858922841043,0
2023-11-10,S002,P0004,0,1.6767282727573657e-05,0
2023-11-11,S002,P0004,0,0.00015747200642094564,0
2023-11-12,S002,P0004,0,0.0003217693878936362,0
2023-11-13,S002,P0004,1,0.995571714352416,1
2023-11-14,S002,P0004,0,2.8536515574327032e-05,0
2023-11-15,S002,P0004,0,0.0,0
2023-11-16,S002,P0004,0,1.3151999304208986e-05,0
2023-11-17,S002,P0004,0,7.546835029968916e-05,0
2023-11-18,S002,P0004,0,2.8396623889346913e-05,0
2023-11-19,S002,P0004,0,6.75979128450487e-05,0
2023-11-20,S002,P0004,0,2.8536515574327032e-05,0
2023-11-21,S002,P0004,0,0.0010890346499772279,0
2023-11-22,S002,P0004,1,0.9971828723885028,1
2023-11-23,S002,P0004,0,0.000167494844729434,0
2023-11-24,S002,P0004,0,0.00014222738183580772,0
2023-11-25,S002,P0004,0,1.3151999304208986e-05,0
2023-11-26,S002,P0004,0,3.910423441168238e-05,0
2023-11-27,S002,P0004,0,0.0006959853939031721,0
2023-11-28,S002,P0004,0,2.8396623889346913e-05,0
2023-11-29,S002,P0004,0,7.546835029968916e-05,0
2023-11-30,S002,P0004,0,1.6767282727573657e-05,0
2023-12-01,S002,P0004,0,0.00014222738183580772,0
2023-12-02,S002,P0004,0,0.0,0
2023-12-03,S002,P0004,0,0.0037806746373434353,0
2023-12-04,S002,P0004,0,0.0,0
2023-12-05,S002,P0004,0,0.00014222738183580772,0
2023-12-06,S002,P0004,0,5.3899723596192384e-05,0
2023-12-07,S002,P0004,0,0.008207738660264894,0
2023-12-08,S002,P0004,0,0.0,0
2023-12-09,S002,P0004,0,1.6767282727573657e-05,0
2023-12-10,S002,P0004,0,2.8536515574327032e-05,0
2023-12-11,S002,P0004,0,5.3899723596192384e-05,0
2023-12-12,S002,P0004,0,0.0001151415564695232,0
2023-12-13,S002,P0004,0,7.546835029968916e-05,0
2023-12-14,S002,P0004,0,3.910423441168238e-05,0
2023-12-15,S002,P0004,0,0.00014222738183580772,0
2023-12-16,S002,P0004,0,2.8396623889346913e-05,0
2023-12-17,S002,P0004,1,0.9403171488078997,1
2023-12-18,S002,P0004,0,1.3151999304208986e-05,0
2023-12-19,S002,P0004,0,0.0,0
2023-12-20,S002,P0004,0,0.0006479765440723125,0
2023-12-21,S002,P0004,0,2.5952235107473395e-05,0
2023-12-22,S002,P0004,0,0.00015747200642094564,0
2023-12-23,S002,P0004,0,0.0031210072398244314,0
2023-12-24,S002,P0004,1,0.9999383795653979,1
2023-12-25,S002,P0004,0,8.993526577988445e-05,0
2023-12-26,S002,P0004,0,0.0,0
2023-12-27,S002,P0004,0,5.122548784720817e-06,0
2023-12-28,S002,P0004,0,0.00021067655712985977,0
2023-12-29,S002,P0004,0,1.6767282727573657e-05,0
2023-12-30,S002,P0004,0,1.6767282727573657e-05,0
2023-12-31,S002,P0004,0,2.902104423732585e-05,0
2024-01-01,S002,P0004,0,1.164473394285284e-05,0
2024-01-02,S002,P0004,0,1.164473394285284e-05,0
2024-01-03,S002,P0004,0,0.0,0
2024-01-04,S002,P0004,0,0.0,0
2024-01-05,S002,P0004,0,0.0,0
2024-01-06,S002,P0004,0,1.164473394285284e-05,0
2024-01-07,S002,P0004,0,0.0,0
2024-01-08,S002,P0004,0,5.97049361691353e-05,0
2024-01-09,S002,P0004,0,0.01042314054437246,0
2024-01-10,S002,P0004,0,0.005,0
2024-01-11,S002,P0004,0,0.00016832583041252874,0
2024-01-12,S002,P0004,0,0.0001835704549976667,0
2024-01-13,S002,P0004,0,5.122548784720817e-06,0
2024-01-14,S002,P0004,0,0.00023512124252711216,0
2024-01-15,S002,P0004,0,0.0,0
2024-01-16,S002,P0004,0,0.00014905636034702964,0
2024-01-17,S002,P0004,0,0.0,0
2024-01-18,S002,P0004,0,0.00021210697057199375,0
2024-01-19,S002,P0004,0,0.0,0
2024-01-20,S002,P0004,0,0.0001835704549976667,0
2024-01-21,S002,P0004,0,0.0,0
2024-01-22,S002,P0004,0,0.0,0
2024-01-23,S002,P0004,0,2.8536515574327032e-05,0
2024-01-24,S002,P0004,0,0.0,0
2024-01-25,S002,P0004,0,0.0,0
2024-01-26,S002,P0004,0,5.3899723596192384e-05,0
2024-01-27,S002,P0004,0,0.0,0
2024-01-28,S002,P0004,0,0.00015747200642094564,0
2024-01-29,S002,P0004,0,0.0,0
2024-01-30,S002,P0004,0,0.004145660493350323,0
2023-10-13,S002,P0005,0,0.0006596212780151652,0
2023-10-14,S002,P0005,0,0.00015165428474894657,0
2023-10-15,S002,P0005,0,0.00030200589672664166,0
2023-10-16,S002,P0005,0,5.97049361691353e-05,0
2023-10-17,S002,P0005,0,1.164473394285284e-05,0
2023-10-18,S002,P0005,0,0.0,0
2023-10-19,S002,P0005,0,0.0,0
2023-10-20,S002,P0005,0,0.0,0
2023-10-21,S002,P0005,0,0.0,0
2023-10-22,S002,P0005,0,0.0,0
2023-10-23,S002,P0005,0,5.97049361691353e-05,0
2023-10-24,S002,P0005,0,0.0,0
2023-10-25,S002,P0005,0,2.5952235107473395e-05,0
2023-10-26,S002,P0005,0,0.0029223027037942233,0
2023-10-27,S002,P0005,0,0.0,0
2023-10-28,S002,P0005,0,5.122548784720817e-06,0
2023-10-29,S002,P0005,0,0.010527334793603418,0
2023-10-30,S002,P0005,0,3.910423441168238e-05,0
2023-10-31,S002,P0005,0,0.0,0
2023-11-01,S002,P0005,0,3.92012889557018e-05,0
2023-11-02,S002,P0005,0,1.3151999304208986e-05,0
2023-11-03,S002,P0005,0,0.00020610019828978628,0
2023-11-04,S002,P0005,0,0.00019085557370464835,0
2023-11-05,S002,P0005,0,1.3151999304208986e-05,0
2023-11-06,S002,P0005,0,0.0,0
2023-11-07,S002,P0005,0,5.122548784720817e-06,0
2023-11-08,S002,P0005,0,5.122548784720817e-06,0
2023-11-09,S002,P0005,0,2.8536515574327032e-05,0
2023-11-10,S002,P0005,0,5.122548784720817e-06,0
2023-11-11,S002,P0005,0,5.122548784720817e-06,0
2023-11-12,S002,P0005,0,0.0,0
2023-11-13,S002,P0005,0,0.00018937566757060959,0
2023-11-14,S002,P0005,0,0.0,0
2023-11-15,S002,P0005,0,0.0,0
2023-11-16,S002,P0005,0,5.122548784720817e-06,0
2023-11-17,S002,P0005,0,0.0,0
2023-11-18,S002,P0005,0,0.0,0
2023-11-19,S002,P0005,0,2.8536515574327032e-05,0
2023-11-20,S002,P0005,0,1.5244624585137928e-05,0
2023-11-21,S002,P0005,0,0.0,0
2023-11-22,S002,P0005,0,1.6767282727573657e-05,0
2023-11-23,S002,P0005,0,1.3151999304208986e-05,0
2023-11-24,S002,P0005,0,7.546835029968916e-05,0
2023-11-25,S002,P0005,0,0.0001668989093340845,0
2023-11-26,S002,P0005,0,2.902104423732585e-05,0
2023-11-27,S002,P0005,0,2.8536515574327032e-05,0
2023-11-28,S002,P0005,0,1.3151999304208986e-05,0
2023-11-29,S002,P0005,0,5.122548784720817e-06,0
2023-11-30,S002,P0005,0,1.6767282727573657e-05,0
2023-12-01,S002,P0005,0,2.8396623889346913e-05,0
2023-12-02,S002,P0005,0,0.0,0
2023-12-03,S002,P0005,0,2.902104423732585e-05,0
2023-12-04,S002,P0005,0,1.6767282727573657e-05,0
2023-12-05,S002,P0005,0,0.0,0
2023-12-06,S002,P0005,0,1.3151999304208986e-05,0
2023-12-07,S002,P0005,0,0.0009559024933069463,0
2023-12-08,S002,P0005,0,0.004127414692965301,0
2023-12-09,S002,P0005,0,5.122548784720817e-06,0
2023-12-10,S002,P0005,0,4.0665778180178686e-05,0
2023-12-11,S002,P0005,0,5.122548784720817e-06,0
2023-12-12,S002,P0005,0,0.00015677683353366737,0
2023-12-13,S002,P0005,0,0.0,0
2023-12-14,S002,P0005,0,2.8536515574327032e-05,0
2023-12-15,S002,P0005,0,0.0003136743172407995,0
2023-12-16,S002,P0005,0,0.07596053414542299,0
2023-12-17,S002,P0005,0,0.00019591995357141033,0
2023-12-18,S002,P0005,0,1.6767282727573657e-05,0
2023-12-19,S002,P0005,0,1.5244624585137928e-05,0
2023-12-20,S002,P0005,0,5.122548784720817e-06,0
2023-12-21,S002,P0005,0,1.3151999304208986e-05,0
2023-12-22,S002,P0005,0,2.8536515574327032e-05,0
2023-12-23,S002,P0005,0,1.3151999304208986e-05,0
2023-12-24,S002,P0005,0,2.5952235107473395e-05,0
2023-12-25,S002,P0005,0,3.910423441168238e-05,0
2023-12-26,S002,P0005,0,2.5952235107473395e-05,0
2023-12-27,S002,P0005,0,0.0006596212780151652,0
2023-12-28,S002,P0005,0,5.122548784720817e-06,0
2023-12-29,S002,P0005,0,1.6767282727573657e-05,0
2023-12-30,S002,P0005,0,0.0006959853939031721,0
2023-12-31,S002,P0005,0,0.0006479765440723125,0
2024-01-01,S002,P0005,0,0.0,0
2024-01-02,S002,P0005,0,0.0,0
2024-01-03,S002,P0005,0,0.0,0
2024-01-04,S002,P0005,0,0.0,0
2024-01-05,S002,P0005,0,0.0,0
2024-01-06,S002,P0005,0,0.0006596212780151652,0
2024-01-07,S002,P0005,0,0.0006479765440723125,0
2024-01-08,S002,P0005,0,0.0,0
2024-01-09,S002,P0005,0,2.5952235107473395e-05,0
2024-01-10,S002,P0005,0,0.00011269224445902287,0
2024-01-11,S002,P0005,0,0.0006596212780151652,0
2024-01-12,S002,P0005,0,0.0006596212780151652,0
2024-01-13,S002,P0005,0,2.5952235107473395e-05,0
2024-01-14,S002,P0005,0,0.0,0
2024-01-15,S002,P0005,0,2.5952235107473395e-05,0
2024-01-16,S002,P0005,0,0.00019085557370464835,0
2024-01-17,S002,P0005,0,0.03429772315777521,0
2024-01-18,S002,P0005,0,0.00011269224445902287,0
2024-01-19,S002,P0005,0,5.122548784720817e-06,0
2024-01-20,S002,P0005,0,0.014118767950903024,0
2024-01-21,S002,P0005,0,0.0,0
2024-01-22,S002,P0005,0,5.122548784720817e-06,0
2024-01-23,S002,P0005,0,1.6767282727573657e-05,0
2024-01-24,S002,P0005,0,0.00018869300378238752,0
2024-01-25,S002,P0005,0,1.6767282727573657e-05,0
2024-01-26,S002,P0005,0,3.865509901105446e-05,0
2024-01-27,S002,P0005,0,0.0001835704549976667,0
2024-01-28,S002,P0005,0,8.674000935154948e-05,0
2024-01-29,S002,P0005,0,5.122548784720817e-06,0
2024-01-30,S002,P0005,0,2.8536515574327032e-05,0
2023-10-13,S002,P0006,0,0.000531755125990811,0
2023-10-14,S002,P0006,1,0.9912468835928232,1
2023-10-15,S002,P0006,0,0.028491300777795478,0
2023-10-16,S002,P0006,0,0.03552695052974292,0
2023-10-17,S002,P0006,0,0.00014466377874740218,0
2023-10-18,S002,P0006,0,0.08809919497502379,0
2023-10-19,S002,P0006,0,0.04561513153405722,0
2023-10-20,S002,P0006,0,0.001711162059419606,0
2023-10-21,S002,P0006,1,0.9995614651430671,1
2023-10-22,S002,P0006,0,0.03547469329827813,0
2023-10-23,S002,P0006,0,0.07444404499382523,0
2023-10-24,S002,P0006,1,0.9825805228138564,1
2023-10-25,S002,P0006,0,0.04876966850971688,0
2023-10-26,S002,P0006,0,0.009253118410237213,0
2023-10-27,S002,P0006,0,0.027608364239334503,0
2023-10-28,S002,P0006,0,0.028729041880400284,0
2023-10-29,S002,P0006,0,0.004044438600180591,0
2023-10-30,S002,P0006,0,0.01209149919389559,0
2023-10-31,S002,P0006,0,0.04536747106152725,0
2023-11-01,S002,P0006,1,0.9909601673343823,1
2023-11-02,S002,P0006,1,0.9911150022585866,1
2023-11-03,S002,P0006,0,0.0,0
2023-11-04,S002,P0006,0,0.0009263061556064337,0
2023-11-05,S002,P0006,1,0.9993015663442486,1
2023-11-06,S002,P0006,0,0.004407866651793978,0
2023-11-07,S002,P0006,1,0.9619787113844126,1
2023-11-08,S002,P0006,0,0.000856795547124561,0
2023-11-09,S002,P0006,0,0.08019184524011934,0
2023-11-10,S002,P0006,0,0.057347518499808466,0
2023-11-11,S002,P0006,0,0.0030255878995100773,0
2023-11-12,S002,P0006,1,0.9583443141598991,1
2023-11-13,S002,P0006,0,0.04891900715563041,0
2023-11-14,S002,P0006,0,0.0,0
2023-11-15,S002,P0006,0,0.002711039023271524,0
2023-11-16,S002,P0006,1,0.9839049622420807,1
2023-11-17,S002,P0006,0,0.033400468017763134,0
2023-11-18,S002,P0006,1,0.9933074456035511,1
2023-11-19,S002,P0006,1,0.9997743001410417,1
2023-11-20,S002,P0006,1,0.9859771955765834,1
2023-11-21,S002,P0006,0,0.0014972598500129315,0
2023-11-22,S002,P0006,1,0.9998996960128224,1
2023-11-23,S002,P0006,0,0.00463450881555265,0
2023-11-24,S002,P0006,1,0.9995472076567365,1
2023-11-25,S002,P0006,1,0.9997789635632102,1
2023-11-26,S002,P0006,0,0.001163222528016081,0
2023-11-27,S002,P0006,1,0.9999461380248378,1
2023-11-28,S002,P0006,0,0.00028382916273450554,0
2023-11-29,S002,P0006,0,0.04083251485758236,0
2023-11-30,S002,P0006,0,0.044325211076456296,0
2023-12-01,S002,P0006,1,0.9971641519966403,1
2023-12-02,S002,P0006,1,0.9733965837448636,1
2023-12-03,S002,P0006,0,0.015437010491173615,0
2023-12-04,S002,P0006,1,0.9993501343693808,1
2023-12-05,S002,P0006,1,0.9998095269706918,1
2023-12-06,S002,P0006,0,0.004016839340989095,0
2023-12-07,S002,P0006,1,0.999776310099528,1
2023-12-08,S002,P0006,1,0.9900815016726657,1
2023-12-09,S002,P0006,0,0.008936493506009393,0
2023-12-10,S002,P0006,1,0.9996632199364283,1
2023-12-11,S002,P0006,1,0.9988431229604621,1
2023-12-12,S002,P0006,0,0.05434608683032561,0
2023-12-13,S002,P0006,1,0.9955129507330976,1
2023-12-14,S002,P0006,1,0.984140258536678,1
2023-12-15,S002,P0006,1,0.9853864612243798,1
2023-12-16,S002,P0006,0,0.0,0
2023-12-17,S002,P0006,0,0.006652551551639766,0
2023-12-18,S002,P0006,1,0.9947844738419631,1
2023-12-19,S002,P0006,0,0.0,0
2023-12-20,S002,P0006,0,0.0006725803198812069,0
2023-12-21,S002,P0006,0,0.019352070661738687,0
2023-12-22,S002,P0006,0,0.042423735111353215,0
2023-12-23,S002,P0006,1,0.9944948329363497,1
2023-12-24,S002,P0006,0,0.027808949258168535,0
2023-12-25,S002,P0006,0,0.09955492218161455,0
2023-12-26,S002,P0006,0,0.0026712297723012115,0
2023-12-27,S002,P0006,1,0.9996456243732014,1
2023-12-28,S002,P0006,0,0.00010084417827550838,0
2023-12-29,S002,P0006,0,0.001317421488502116,0
2023-12-30,S002,P0006,1,0.9993436362567134,1
2023-12-31,S002,P0006,0,0.000310435425698947,0
2024-01-01,S002,P0006,1,0.9993623688021299,1
2024-01-02,S002,P0006,1,0.9997584354969937,1
2024-01-03,S002,P0006,0,0.0,0
2024-01-04,S002,P0006,1,0.9990458681712664,1
2024-01-05,S002,P0006,0,0.008155961141889982,0
2024-01-06,S002,P0006,0,0.004815545254219218,0
2024-01-07,S002,P0006,1,0.9994921002814846,1
2024-01-08,S002,P0006,1,0.9991132182238863,1
2024-01-09,S002,P0006,0,0.005603031633588865,0
2024-01-10,S002,P0006,1,0.999640783417073,1
2024-01-11,S002,P0006,0,0.06590771135586429,0
2024-01-12,S002,P0006,1,0.9988836008222906,1
2024-01-13,S002,P0006,0,0.005330274984594492,0
2024-01-14,S002,P0006,0,0.03458883725105996,0
2024-01-15,S002,P0006,0,0.0007897910571359576,0
2024-01-16,S002,P0006,1,0.978454796269943,1
2024-01-17,S002,P0006,0,0.0008625132442277153,0
2024-01-18,S002,P0006,0,0.026535955775338925,0
2024-01-19,S002,P0006,0,0.03802805633652528,0
2024-01-20,S002,P0006,0,0.04275311680209781,0
2024-01-21,S002,P0006,0,0.007576939665500551,0
2024-01-22,S002,P0006,1,0.9993574054942387,1
2024-01-23,S002,P0006,0,0.06797722420828423,0
2024-01-24,S002,P0006,1,0.9983418251871916,1
2024-01-25,S002,P0006,1,0.995989714880788,1
2024-01-26,S002,P0006,0,0.0,0
2024-01-27,S002,P0006,1,0.9994722723694975,1
2024-01-28,S002,P0006,0,0.10556068955641168,0
2024-01-29,S002,P0006,0,0.002975198732806097,0
2024-01-30,S002,P0006,1,0.9990433344270372,1
2023-10-13,S002,P0007,0,0.0,0
2023-10-14,S002,P0007,0,0.0,0
2023-10-15,S002,P0007,0,0.0,0
2023-10-16,S002,P0007,0,0.0,0
2023-10-17,S002,P0007,0,0.0,0
2023-10-18,S002,P0007,0,0.0,0
2023-10-19,S002,P0007,0,0.0009914824597484551,0
2023-10-20,S002,P0007,0,0.0006479765440723125,0
2023-10-21,S002,P0007,0,0.0,0
2023-10-22,S002,P0007,0,0.0,0
2023-10-23,S002,P0007,0,1.3454263660232394e-05,0
2023-10-24,S002,P0007,0,1.3454263660232394e-05,0
2023-10-25,S002,P0007,0,0.09112191391098738,0
2023-10-26,S002,P0007,1,0.9999226303052327,1
2023-10-27,S002,P0007,0,0.014038386372020928,0
2023-10-28,S002,P0007,0,0.0,0
2023-10-29,S002,P0007,0,0.0,0
2023-10-30,S002,P0007,0,1.164473394285284e-05,0
2023-10-31,S002,P0007,0,0.0,0
2023-11-01,S002,P0007,0,0.0006596212780151652,0
2023-11-02,S002,P0007,0,0.0,0
2023-11-03,S002,P0007,0,1.3151999304208986e-05,0
2023-11-04,S002,P0007,1,0.9775690030870757,1
2023-11-05,S002,P0007,0,0.00014491535598661222,0
2023-11-06,S002,P0007,0,0.0,0
2023-11-07,S002,P0007,0,0.0,0
2023-11-08,S002,P0007,0,0.0,0
2023-11-09,S002,P0007,0,1.6767282727573657e-05,0
2023-11-10,S002,P0007,0,0.0,0
2023-11-11,S002,P0007,0,5.122548784720817e-06,0
2023-11-12,S002,P0007,0,4.0665778180178686e-05,0
2023-11-13,S002,P0007,0,8.993526577988445e-05,0
2023-11-14,S002,P0007,0,0.0,0
2023-11-15,S002,P0007,0,1.3151999304208986e-05,0
2023-11-16,S002,P0007,0,5.640271555355081e-05,0
2023-11-17,S002,P0007,0,0.0006959853939031721,0
2023-11-18,S002,P0007,0,0.00015747200642094564,0
2023-11-19,S002,P0007,0,1.3151999304208986e-05,0
2023-11-20,S002,P0007,0,0.002215117306912051,0
2023-11-21,S002,P0007,0,2.8396623889346913e-05,0
2023-11-22,S002,P0007,0,6.75979128450487e-05,0
2023-11-23,S002,P0007,0,0.00015747200642094564,0
2023-11-24,S002,P0007,0,0.0014822291531908227,0
2023-11-25,S002,P0007,1,0.9982343042518776,1
2023-11-26,S002,P0007,0,0.00014222738183580772,0
2023-11-27,S002,P0007,0,1.3151999304208986e-05,0
2023-11-28,S002,P0007,0,0.0011173438760063237,0
2023-11-29,S002,P0007,0,0.0006596212780151652,0
2023-11-30,S002,P0007,0,2.5952235107473395e-05,0
2023-12-01,S002,P0007,0,0.0006596212780151652,0
2023-12-02,S002,P0007,0,6.457205775801909e-05,0
2023-12-03,S002,P0007,0,0.001187719088280013,0
2023-12-04,S002,P0007,1,0.9887833734728403,1
2023-12-05,S002,P0007,0,0.0,0
2023-12-06,S002,P0007,0,0.0,0
2023-12-07,S002,P0007,0,0.0,0
2023-12-08,S002,P0007,0,0.0,0
2023-12-09,S002,P0007,0,5.122548784720817e-06,0
2023-12-10,S002,P0007,0,0.0,0
2023-12-11,S002,P0007,0,1.5244624585137928e-05,0
2023-12-12,S002,P0007,0,1.3151999304208986e-05,0
2023-12-13,S002,P0007,0,1.6767282727573657e-05,0
2023-12-14,S002,P0007,0,3.910423441168238e-05,0
2023-12-15,S002,P0007,0,5.122548784720817e-06,0
2023-12-16,S002,P0007,0,1.5244624585137928e-05,0
2023-12-17,S002,P0007,0,2.902104423732585e-05,0
2023-12-18,S002,P0007,1,0.9771058662560236,1
2023-12-19,S002,P0007,0,5.3899723596192384e-05,0
2023-12-20,S002,P0007,0,1.6767282727573657e-05,0
2023-12-21,S002,P0007,0,1.6767282727573657e-05,0
2023-12-22,S002,P0007,0,1.6767282727573657e-05,0
2023-12-23,S002,P0007,0,5.122548784720817e-06,0
2023-12-24,S002,P0007,0,5.3899723596192384e-05,0
2023-12-25,S002,P0007,0,0.0,0
2023-12-26,S002,P0007,0,5.122548784720817e-06,0
2023-12-27,S002,P0007,0,1.6767282727573657e-05,0
2023-12-28,S002,P0007,0,5.122548784720817e-06,0
2023-12-29,S002,P0007,0,5.122548784720817e-06,0
2023-12-30,S002,P0007,0,5.122548784720817e-06,0
2023-12-31,S002,P0007,0,2.902104423732585e-05,0
2024-01-01,S002,P0007,0,6.482748495385612e-05,0
2024-01-02,S002,P0007,0,0.0006479765440723125,0
2024-01-03,S002,P0007,0,6.0042010313652403e-05,0
2024-01-04,S002,P0007,0,0.00015165428474894657,0
2024-01-05,S002,P0007,0,0.0003790006982566579,0
2024-01-06,S002,P0007,0,0.0,0
2024-01-07,S002,P0007,0,0.0006596212780151652,0
2024-01-08,S002,P0007,0,0.0006614308077325448,0
2024-01-09,S002,P0007,0,0.0006479765440723125,0
2024-01-10,S002,P0007,0,3.92012889557018e-05,0
2024-01-11,S002,P0007,0,0.0012718179095004578,0
2024-01-12,S002,P0007,0,0.0034153808632237702,0
2024-01-13,S002,P0007,0,0.0,0
2024-01-14,S002,P0007,0,1.164473394285284e-05,0
2024-01-15,S002,P0007,0,0.0,0
2024-01-16,S002,P0007,0,3.92012889557018e-05,0
2024-01-17,S002,P0007,0,0.0010657428337937315,0
2024-01-18,S002,P0007,0,5.122548784720817e-06,0
2024-01-19,S002,P0007,0,0.0,0
2024-01-20,S002,P0007,0,3.92012889557018e-05,0
2024-01-21,S002,P0007,0,2.5952235107473395e-05,0
2024-01-22,S002,P0007,0,0.0,0
2024-01-23,S002,P0007,0,0.0006596212780151652,0
2024-01-24,S002,P0007,0,0.0,0
2024-01-25,S002,P0007,0,0.022890827411489453,0
2024-01-26,S002,P0007,1,0.9998581639896845,1
2024-01-27,S002,P0007,0,0.00021122274707450713,0
2024-01-28,S002,P0007,0,0.0,0
2024-01-29,S002,P0007,0,1.6767282727573657e-05,0
2024-01-30,S002,P0007,0,0.0,0
2023-10-13,S002,P0008,0,0.00042402932991821273,0
2023-10-14,S002,P0008,0,0.043341778162351095,0
2023-10-15,S002,P0008,0,0.04144415558175432,0
2023-10-16,S002,P0008,0,0.0001404636209522362,0
2023-10-17,S002,P0008,1,0.9968309294475171,1
2023-10-18,S002,P0008,0,0.026730046791441885,0
2023-10-19,S002,P0008,0,0.024295814616563535,0
2023-10-20,S002,P0008,0,0.00011451138584476281,0
2023-10-21,S002,P0008,1,0.992734333422889,1
2023-10-22,S002,P0008,0,0.025481829811662624,0
2023-10-23,S002,P0008,1,0.9964724348144303,1
2023-10-24,S002,P0008,0,0.00034679954158695373,0
2023-10-25,S002,P0008,0,0.07516568496945034,0
2023-10-26,S002,P0008,0,0.002601018211271148,0
2023-10-27,S002,P0008,1,0.9995964451179961,1
2023-10-28,S002,P0008,1,0.9912116701605658,1
2023-10-29,S002,P0008,0,0.018548195481442473,0
2023-10-30,S002,P0008,1,0.9959769019410831,1
2023-10-31,S002,P0008,0,0.000626074675989096,0
2023-11-01,S002,P0008,0,0.00011963393462948363,0
2023-11-02,S002,P0008,0,0.05067549357634005,0
2023-11-03,S002,P0008,1,0.9996874329264643,1
2023-11-04,S002,P0008,0,0.0009902277091619763,0
2023-11-05,S002,P0008,1,0.999889885033524,1
2023-11-06,S002,P0008,0,0.023403274223705743,0
2023-11-07,S002,P0008,0,0.002597699673510122,0
2023-11-08,S002,P0008,1,0.9994072691886519,1
2023-11-09,S002,P0008,1,0.9998359234820369,1
2023-11-10,S002,P0008,0,0.02919012158402328,0
2023-11-11,S002,P0008,0,0.0005951273964424964,0
2023-11-12,S002,P0008,1,0.9997919458639895,1
2023-11-13,S002,P0008,1,0.9882512856400737,1
2023-11-14,S002,P0008,0,1.3151999304208986e-05,0
2023-11-15,S002,P0008,0,5.122548784720817e-06,0
2023-11-16,S002,P0008,1,0.9998819231730198,1
2023-11-17,S002,P0008,0,0.0015312336320127693,0
2023-11-18,S002,P0008,1,0.9996098403171265,1
2023-11-19,S002,P0008,0,0.0035689149178407824,0
2023-11-20,S002,P0008,0,0.011679630910849488,0
2023-11-21,S002,P0008,0,0.04097329015550856,0
2023-11-22,S002,P0008,0,0.052511476564840044,0
2023-11-23,S002,P0008,1,0.999301481877088,1
2023-11-24,S002,P0008,0,0.06386994974390553,0
2023-11-25,S002,P0008,1,0.9965649822123755,1
2023-11-26,S002,P0008,1,0.9490549553855753,1
2023-11-27,S002,P0008,0,0.027993474817738354,0
2023-11-28,S002,P0008,0,0.0,0
2023-11-29,S002,P0008,0,0.03767498401534944,0
2023-11-30,S002,P0008,1,0.9820997418387338,1
2023-12-01,S002,P0008,0,0.0018955775577811878,0
2023-12-02,S002,P0008,1,0.9933497750426428,1
2023-12-03,S002,P0008,1,0.9995229838801947,1
2023-12-04,S002,P0008,0,0.03733065948006814,0
2023-12-05,S002,P0008,1,0.9986062154781356,1
2023-12-06,S002,P0008,0,0.0006332776679911722,0
2023-12-07,S002,P0008,1,0.9999142328049316,1
2023-12-08,S002,P0008,0,0.0017706800243929336,0
2023-12-09,S002,P0008,0,0.07766793040795857,0
2023-12-10,S002,P0008,1,0.9993703265269225,1
2023-12-11,S002,P0008,0,0.0009621931842039968,0
2023-12-12,S002,P0008,0,0.005,0
2023-12-13,S002,P0008,1,0.9780663870567345,1
2023-12-14,S002,P0008,1,0.9374211089428046,1
2023-12-15,S002,P0008,0,0.00154610900537965,0
2023-12-16,S002,P0008,0,0.0,0
2023-12-17,S002,P0008,0,0.0001189563100172103,0
2023-12-18,S002,P0008,0,0.0033222485025455797,0
2023-12-19,S002,P0008,1,0.9994479514657599,1
2023-12-20,S002,P0008,0,0.02315735775194482,0
2023-12-21,S002,P0008,1,0.9997143279919356,1
2023-12-22,S002,P0008,1,0.9923519370770125,1
2023-12-23,S002,P0008,0,0.016336299468902173,0
2023-12-24,S002,P0008,0,0.0427692007710302,0
2023-12-25,S002,P0008,0,0.045785900451785155,0
2023-12-26,S002,P0008,1,0.9960099915504138,1
2023-12-27,S002,P0008,0,0.0,0
2023-12-28,S002,P0008,0,0.01953118783288954,0
2023-12-29,S002,P0008,1,0.9284318567565718,1
2023-12-30,S002,P0008,0,0.0012695364653487417,0
2023-12-31,S002,P0008,0,0.09381339971778463,0
2024-01-01,S002,P0008,0,0.0892660360361518,0
2024-01-02,S002,P0008,0,0.10945032917377161,0
2024-01-03,S002,P0008,1,0.9977617544230307,1
2024-01-04,S002,P0008,0,0.0006838817329115629,0
2024-01-05,S002,P0008,1,0.9780562196396267,1
2024-01-06,S002,P0008,0,0.0001684334092465035,0
2024-01-07,S002,P0008,1,0.9994884886036136,1
2024-01-08,S002,P0008,0,0.001816809841860905,0
2024-01-09,S002,P0008,1,0.9788870173461335,1
2024-01-10,S002,P0008,0,0.0017516032297966127,0
2024-01-11,S002,P0008,1,0.9997400067240264,1
2024-01-12,S002,P0008,0,0.0,0
2024-01-13,S002,P0008,0,0.019997344856002193,0
2024-01-14,S002,P0008,1,0.9897628770594297,1
2024-01-15,S002,P0008,0,0.0004533207666147926,0
2024-01-16,S002,P0008,0,0.014229417722486011,0
2024-01-17,S002,P0008,0,0.011557386159741645,0
2024-01-18,S002,P0008,1,0.9994708567146313,1
2024-01-19,S002,P0008,0,0.060026892726095744,0
2024-01-20,S002,P0008,1,0.9996588891370279,1
2024-01-21,S002,P0008,1,0.982327617982528,1
2024-01-22,S002,P0008,0,0.015419063034205911,0
2024-01-23,S002,P0008,1,0.9894901783886167,1
2024-01-24,S002,P0008,1,0.9922727796826208,1
2024-01-25,S002,P0008,0,0.05938455061477613,0
2024-01-26,S002,P0008,0,0.03762902582775072,0
2024-01-27,S002,P0008,1,0.9996850647477592,1
2024-01-28,S002,P0008,0,0.006412340039562168,0
2024-01-29,S002,P0008,0,0.001210912658588275,0
2024-01-30,S002,P0008,1,0.9960218678098737,1
2023-10-13,S002,P0009,0,0.00047437415629182964,0
2023-10-14,S002,P0009,0,6.0042010313652403e-05,0
2023-10-15,S002,P0009,0,1.164473394285284e-05,0
2023-10-16,S002,P0009,0,6.0042010313652403e-05,0
2023-10-17,S002,P0009,0,0.00010105712218453042,0
2023-10-18,S002,P0009,0,0.0002398026031200692,0
2023-10-19,S002,P0009,0,9.484539919916303e-05,0
2023-10-20,S002,P0009,0,0.0006596212780151652,0
2023-10-21,S002,P0009,0,0.0002398026031200692,0
2023-10-22,S002,P0009,0,0.000912982392523995,0
2023-10-23,S002,P0009,0,0.003183263631051015,0
2023-10-24,S002,P0009,0,0.0011030567072805083,0
2023-10-25,S002,P0009,0,0.0006596212780151652,0
2023-10-26,S002,P0009,0,0.0,0
2023-10-27,S002,P0009,0,0.0001835704549976667,0
2023-10-28,S002,P0009,0,0.00021210697057199375,0
2023-10-29,S002,P0009,0,0.0,0
2023-10-30,S002,P0009,0,0.0,0
2023-10-31,S002,P0009,0,5.122548784720817e-06,0
2023-11-01,S002,P0009,0,1.6767282727573657e-05,0
2023-11-02,S002,P0009,0,0.00021210697057199375,0
2023-11-03,S002,P0009,1,0.9676602411661491,1
2023-11-04,S002,P0009,0,0.0001961271054320001,0
2023-11-05,S002,P0009,0,0.0,0
2023-11-06,S002,P0009,0,0.0,0
2023-11-07,S002,P0009,0,1.6767282727573657e-05,0
2023-11-08,S002,P0009,0,0.0016842165628455747,0
2023-11-09,S002,P0009,0,0.016325457699945093,0
2023-11-10,S002,P0009,0,0.0,0
2023-11-11,S002,P0009,0,0.0003345696236969007,0
2023-11-12,S002,P0009,0,3.910423441168238e-05,0
2023-11-13,S002,P0009,0,0.01895818103269159,0
2023-11-14,S002,P0009,1,0.9995611277971733,1
2023-11-15,S002,P0009,0,7.546835029968916e-05,0
2023-11-16,S002,P0009,0,1.6767282727573657e-05,0
2023-11-17,S002,P0009,0,0.0409128209948922,0
2023-11-18,S002,P0009,1,0.9998602121412233,1
2023-11-19,S002,P0009,0,0.0,0
2023-11-20,S002,P0009,0,0.0,0
2023-11-21,S002,P0009,0,5.3899723596192384e-05,0
2023-11-22,S002,P0009,0,0.0,0
2023-11-23,S002,P0009,0,0.002034051522954745,0
2023-11-24,S002,P0009,0,0.0,0
2023-11-25,S002,P0009,1,0.9886011468455174,1
2023-11-26,S002,P0009,0,0.0,0
2023-11-27,S002,P0009,0,1.6767282727573657e-05,0
2023-11-28,S002,P0009,0,4.377764779577528e-05,0
2023-11-29,S002,P0009,0,0.0,0
2023-11-30,S002,P0009,0,1.6767282727573657e-05,0
2023-12-01,S002,P0009,0,0.043392646062018495,0
2023-12-02,S002,P0009,1,0.9999545224910287,1
2023-12-03,S002,P0009,0,5.3899723596192384e-05,0
2023-12-04,S002,P0009,0,0.00019543193254472184,0
2023-12-05,S002,P0009,0,0.0,0
2023-12-06,S002,P0009,0,0.00020362613204136514,0
2023-12-07,S002,P0009,1,0.9871530454289649,1
2023-12-08,S002,P0009,1,0.9184049561598862,1
2023-12-09,S002,P0009,0,0.0,0
2023-12-10,S002,P0009,0,0.0,0
2023-12-11,S002,P0009,0,0.030779763064534095,0
2023-12-12,S002,P0009,1,0.9999785717614954,1
2023-12-13,S002,P0009,0,5.3899723596192384e-05,0
2023-12-14,S002,P0009,0,0.0,0
2023-12-15,S002,P0009,0,0.0,0
2023-12-16,S002,P0009,0,0.0,0
2023-12-17,S002,P0009,0,0.0001289354908466186,0
2023-12-18,S002,P0009,1,0.9932299668695648,1
2023-12-19,S002,P0009,0,0.0,0
2023-12-20,S002,P0009,0,1.6767282727573657e-05,0
2023-12-21,S002,P0009,0,5.3899723596192384e-05,0
2023-12-22,S002,P0009,0,0.0,0
2023-12-23,S002,P0009,0,0.00014222738183580772,0
2023-12-24,S002,P0009,0,0.0,0
2023-12-25,S002,P0009,0,1.6767282727573657e-05,0
2023-12-26,S002,P0009,0,0.00015747200642094564,0
2023-12-27,S002,P0009,0,0.03606294321887088,0
2023-12-28,S002,P0009,0,5.122548784720817e-06,0
2023-12-29,S002,P0009,0,1.6767282727573657e-05,0
2023-12-30,S002,P0009,0,0.0,0
2023-12-31,S002,P0009,0,4.0665778180178686e-05,0
2024-01-01,S002,P0009,0,0.0060890346499772275,0
2024-01-02,S002,P0009,1,0.9942272586456836,1
2024-01-03,S002,P0009,0,0.00011269224445902287,0
2024-01-04,S002,P0009,0,1.164473394285284e-05,0
2024-01-05,S002,P0009,0,5.122548784720817e-06,0
2024-01-06,S002,P0009,0,6.0042010313652403e-05,0
2024-01-07,S002,P0009,0,0.015298292698619232,0
2024-01-08,S002,P0009,0,0.00011269224445902287,0
2024-01-09,S002,P0009,0,0.0,0
2024-01-10,S002,P0009,0,8.674000935154948e-05,0
2024-01-11,S002,P0009,0,0.0001411859228923892,0
2024-01-12,S002,P0009,0,0.0,0
2024-01-13,S002,P0009,0,0.001499890220747909,0
2024-01-14,S002,P0009,0,0.00039816264521629703,0
2024-01-15,S002,P0009,0,0.0065036774749872295,0
2024-01-16,S002,P0009,0,1.5244624585137928e-05,0
2024-01-17,S002,P0009,1,0.9934900459714858,1
2024-01-18,S002,P0009,0,0.0006844549694033046,0
2024-01-19,S002,P0009,0,8.674000935154948e-05,0
2024-01-20,S002,P0009,0,0.0001720214581188053,0
2024-01-21,S002,P0009,0,0.00015747200642094564,0
2024-01-22,S002,P0009,0,0.0011386522161220421,0
2024-01-23,S002,P0009,0,0.00011269224445902287,0
2024-01-24,S002,P0009,0,0.03483308455342354,0
2024-01-25,S002,P0009,1,0.9996836022066744,1
2024-01-26,S002,P0009,0,0.0,0
2024-01-27,S002,P0009,0,8.993526577988445e-05,0
2024-01-28,S002,P0009,0,0.0,0
2024-01-29,S002,P0009,0,0.0,0
2024-01-30,S002,P0009,0,0.008165346046231942,0
2023-10-13,S002,P0010,0,0.0016811111345228977,0
2023-10-14,S002,P0010,0,0.020990026578835003,0
2023-10-15,S002,P0010,0,0.09107890445077178,0
2023-10-16,S002,P0010,0,0.0076699340839445455,0
2023-10-17,S002,P0010,0,0.004315006201147672,0
2023-10-18,S002,P0010,0,0.005419993151673149,0
2023-10-19,S002,P0010,0,0.0006596212780151652,0
2023-10-20,S002,P0010,0,0.0005829310940254023,0
2023-10-21,S002,P0010,1,0.9630509233781736,1
2023-10-22,S002,P0010,0,0.00716497752955795,0
2023-10-23,S002,P0010,0,2.5952235107473395e-05,0
2023-10-24,S002,P0010,1,0.9866448458725859,1
2023-10-25,S002,P0010,1,0.989662393635848,1
2023-10-26,S002,P0010,0,0.007136932584567616,0
2023-10-27,S002,P0010,1,0.99901518570578,1
2023-10-28,S002,P0010,1,0.9989164232903249,1
2023-10-29,S002,P0010,0,0.0003217693878936362,0
2023-10-30,S002,P0010,1,0.999848219234848,1
2023-10-31,S002,P0010,0,0.004847140161116445,0
2023-11-01,S002,P0010,0,0.0003217693878936362,0
2023-11-02,S002,P0010,1,0.9997703342536154,1
2023-11-03,S002,P0010,0,0.0,0
2023-11-04,S002,P0010,0,0.006459892201506714,0
2023-11-05,S002,P0010,1,0.999892372782742,1
2023-11-06,S002,P0010,0,0.0,0
2023-11-07,S002,P0010,0,0.009439789456132637,0
2023-11-08,S002,P0010,1,0.9999532032157725,1
2023-11-09,S002,P0010,1,0.9862965486949965,1
2023-11-10,S002,P0010,0,0.0,0
2023-11-11,S002,P0010,0,0.0005229744426212336,0
2023-11-12,S002,P0010,1,0.9935456329955534,1
2023-11-13,S002,P0010,0,0.024254397160554726,0
2023-11-14,S002,P0010,0,0.0,0
2023-11-15,S002,P0010,1,0.9999542093745322,1
2023-11-16,S002,P0010,0,0.00040568172248544123,0
2023-11-17,S002,P0010,1,0.9984820722730072,1
2023-11-18,S002,P0010,0,0.0012695364653487417,0
2023-11-19,S002,P0010,1,0.9984082328433297,1
2023-11-20,S002,P0010,1,0.9998874922979016,1
2023-11-21,S002,P0010,0,0.005240622547357254,0
2023-11-22,S002,P0010,1,0.9999776350043125,1
2023-11-23,S002,P0010,1,0.9770519503954276,1
2023-11-24,S002,P0010,0,0.00034850885806039637,0
2023-11-25,S002,P0010,1,0.9998623715470836,1
2023-11-26,S002,P0010,0,0.006623800080398928,0
2023-11-27,S002,P0010,0,0.06313846707863362,0
2023-11-28,S002,P0010,1,0.9874004379454989,1
2023-11-29,S002,P0010,0,0.033053607464098266,0
2023-11-30,S002,P0010,1,0.9992681310906959,1
2023-12-01,S002,P0010,1,0.9965335631521023,1
2023-12-02,S002,P0010,1,0.9873595888144113,1
2023-12-03,S002,P0010,0,0.0029875747548940177,0
2023-12-04,S002,P0010,1,0.9520115978104758,1
2023-12-05,S002,P0010,0,0.0,0
2023-12-06,S002,P0010,0,0.0403663921430303,0
2023-12-07,S002,P0010,0,0.07691886337666747,0
2023-12-08,S002,P0010,0,0.06034122391990783,0
2023-12-09,S002,P0010,1,0.9868747444421052,1
2023-12-10,S002,P0010,0,0.06681124811057965,0
2023-12-11,S002,P0010,0,0.0,0
2023-12-12,S002,P0010,0,0.07318483016907885,0
2023-12-13,S002,P0010,1,0.9925736791809884,1
2023-12-14,S002,P0010,0,0.0028760367656435488,0
2023-12-15,S002,P0010,0,0.00017441803595527307,0
2023-12-16,S002,P0010,0,0.00030734328114474514,0
2023-12-17,S002,P0010,1,0.9944448370392854,1
2023-12-18,S002,P0010,0,0.06345035735599575,0
2023-12-19,S002,P0010,0,0.07092790240391594,0
2023-12-20,S002,P0010,1,0.9918818407658877,1
2023-12-21,S002,P0010,0,0.006746787017476489,0
2023-12-22,S002,P0010,0,0.0011386522161220421,0
2023-12-23,S002,P0010,1,0.9873548366755894,1
2023-12-24,S002,P0010,0,0.08016621924780404,0
2023-12-25,S002,P0010,0,0.04157410357606296,0
2023-12-26,S002,P0010,0,0.004241692546683205,0
2023-12-27,S002,P0010,0,0.017191104937108966,0
2023-12-28,S002,P0010,0,4.951611519221577e-05,0
2023-12-29,S002,P0010,0,0.005108893954307247,0
2023-12-30,S002,P0010,0,0.0011231064165210692,0
2023-12-31,S002,P0010,1,0.9875757257717762,1
2024-01-01,S002,P0010,1,0.9981328759614846,1
2024-01-02,S002,P0010,1,0.9987956867335087,1
2024-01-03,S002,P0010,0,0.008278423947477638,0
2024-01-04,S002,P0010,0,0.054310320005805275,0
2024-01-05,S002,P0010,1,0.998215642647189,1
2024-01-06,S002,P0010,0,0.0011766447173278487,0
2024-01-07,S002,P0010,1,0.999312174551642,1
2024-01-08,S002,P0010,0,0.0066122893733479415,0
2024-01-09,S002,P0010,0,0.024797945761634018,0
2024-01-10,S002,P0010,0,0.008875925225535729,0
2024-01-11,S002,P0010,1,0.992848358628585,1
2024-01-12,S002,P0010,1,0.9954881954750446,1
2024-01-13,S002,P0010,0,0.020413693828891515,0
2024-01-14,S002,P0010,0,0.0034712539958055367,0
2024-01-15,S002,P0010,0,0.0022895280818517627,0
2024-01-16,S002,P0010,0,0.0007573599593394709,0
2024-01-17,S002,P0010,1,0.993869361189146,1
2024-01-18,S002,P0010,0,0.0947878954666426,0
2024-01-19,S002,P0010,0,0.0011378838620652433,0
2024-01-20,S002,P0010,0,0.007226731106281763,0
2024-01-21,S002,P0010,1,0.9959755819779313,1
2024-01-22,S002,P0010,1,0.9990372926705241,1
2024-01-23,S002,P0010,0,0.001014779736825687,0
2024-01-24,S002,P0010,1,0.9997929056868969,1
2024-01-25,S002,P0010,0,0.008955044742699777,0
2024-01-26,S002,P0010,0,0.0,0
2024-01-27,S002,P0010,1,0.9998501498223722,1
2024-01-28,S002,P0010,0,0.03330260257238013,0
2024-01-29,S002,P0010,1,0.999629833161134,1
2024-01-30,S002,P0010,0,0.0041214564111572375,0
2023-10-13,S002,P0011,0,7.546835029968916e-05,0
2023-10-14,S002,P0011,0,6.231635099548019e-05,0
2023-10-15,S002,P0011,0,0.0006596212780151652,0
2023-10-16,S002,P0011,0,0.0006596212780151652,0
2023-10-17,S002,P0011,0,1.3151999304208986e-05,0
2023-10-18,S002,P0011,0,0.0,0
2023-10-19,S002,P0011,0,0.001197345223636275,0
2023-10-20,S002,P0011,0,0.019084199426864012,0
2023-10-21,S002,P0011,0,0.0,0
2023-10-22,S002,P0011,0,0.0,0
2023-10-23,S002,P0011,0,4.8008849830859627e-05,0
2023-10-24,S002,P0011,0,0.09625171574543004,0
2023-10-25,S002,P0011,0,0.0,0
2023-10-26,S002,P0011,1,0.9762272257375278,1
2023-10-27,S002,P0011,1,0.9995412890664903,1
2023-10-28,S002,P0011,0,0.0,0
2023-10-29,S002,P0011,0,1.3151999304208986e-05,0
2023-10-30,S002,P0011,0,5.122548784720817e-06,0
2023-10-31,S002,P0011,0,3.107478389219421e-05,0
2023-11-01,S002,P0011,0,1.6767282727573657e-05,0
2023-11-02,S002,P0011,0,0.0,0
2023-11-03,S002,P0011,0,3.910423441168238e-05,0
2023-11-04,S002,P0011,1,0.9659713352905015,1
2023-11-05,S002,P0011,0,1.3151999304208986e-05,0
2023-11-06,S002,P0011,0,4.377764779577528e-05,0
2023-11-07,S002,P0011,0,2.8536515574327032e-05,0
2023-11-08,S002,P0011,0,0.0,0
2023-11-09,S002,P0011,1,0.9904130978822713,1
2023-11-10,S002,P0011,0,0.0,0
2023-11-11,S002,P0011,0,0.00014222738183580772,0
2023-11-12,S002,P0011,0,1.3151999304208986e-05,0
2023-11-13,S002,P0011,0,0.0056144782211082055,0
2023-11-14,S002,P0011,0,5.122548784720817e-06,0
2023-11-15,S002,P0011,0,0.0001720214581188053,0
2023-11-16,S002,P0011,0,5.122548784720817e-06,0
2023-11-17,S002,P0011,0,0.0,0
2023-11-18,S002,P0011,1,0.9877423384094617,1
2023-11-19,S002,P0011,1,0.9995905174033074,1
2023-11-20,S002,P0011,0,0.0,0
2023-11-21,S002,P0011,0,0.00019543193254472184,0
2023-11-22,S002,P0011,0,0.0,0
2023-11-23,S002,P0011,0,5.122548784720817e-06,0
2023-11-24,S002,P0011,0,0.0,0
2023-11-25,S002,P0011,0,5.9022272380913206e-05,0
2023-11-26,S002,P0011,0,4.0665778180178686e-05,0
2023-11-27,S002,P0011,0,5.122548784720817e-06,0
2023-11-28,S002,P0011,0,1.6767282727573657e-05,0
2023-11-29,S002,P0011,0,2.8536515574327032e-05,0
2023-11-30,S002,P0011,0,3.910423441168238e-05,0
2023-12-01,S002,P0011,0,0.0006617479215980963,0
2023-12-02,S002,P0011,0,2.8536515574327032e-05,0
2023-12-03,S002,P0011,0,3.910423441168238e-05,0
2023-12-04,S002,P0011,0,0.010113104897999024,0
2023-12-05,S002,P0011,0,1.3151999304208986e-05,0
2023-12-06,S002,P0011,0,2.8396623889346913e-05,0
2023-12-07,S002,P0011,0,6.71916145853815e-05,0
2023-12-08,S002,P0011,1,0.9916225491068719,1
2023-12-09,S002,P0011,1,0.9998088536246108,1
2023-12-10,S002,P0011,0,0.0,0
2023-12-11,S002,P0011,0,0.0001151415564695232,0
2023-12-12,S002,P0011,0,1.6767282727573657e-05,0
2023-12-13,S002,P0011,0,0.0,0
2023-12-14,S002,P0011,0,7.546835029968916e-05,0
2023-12-15,S002,P0011,0,2.8536515574327032e-05,0
2023-12-16,S002,P0011,0,0.0027796835285909703,0
2023-12-17,S002,P0011,1,0.9885092267865032,1
2023-12-18,S002,P0011,0,2.8536515574327032e-05,0
2023-12-19,S002,P0011,0,0.0,0
2023-12-20,S002,P0011,0,0.018369313814025616,0
2023-12-21,S002,P0011,0,0.0,0
2023-12-22,S002,P0011,0,1.6767282727573657e-05,0
2023-12-23,S002,P0011,0,5.122548784720817e-06,0
2023-12-24,S002,P0011,0,2.902104423732585e-05,0
2023-12-25,S002,P0011,0,0.0,0
2023-12-26,S002,P0011,0,0.00014222738183580772,0
2023-12-27,S002,P0011,0,0.0031348558685253803,0
2023-12-28,S002,P0011,1,0.9990122046305109,1
2023-12-29,S002,P0011,0,1.6767282727573657e-05,0
2023-12-30,S002,P0011,0,1.6767282727573657e-05,0
2023-12-31,S002,P0011,0,4.0665778180178686e-05,0
2024-01-01,S002,P0011,0,0.00014214117533965475,0
2024-01-02,S002,P0011,0,0.0,0
2024-01-03,S002,P0011,0,0.0006596212780151652,0
2024-01-04,S002,P0011,0,0.00010198463393668741,0
2024-01-05,S002,P0011,0,0.0,0
2024-01-06,S002,P0011,0,8.674000935154948e-05,0
2024-01-07,S002,P0011,0,0.0,0
2024-01-08,S002,P0011,0,0.0010648343690285085,0
2024-01-09,S002,P0011,1,0.9940755071443732,1
2024-01-10,S002,P0011,0,0.0,0
2024-01-11,S002,P0011,1,0.9200897598731168,1
2024-01-12,S002,P0011,0,0.0,0
2024-01-13,S002,P0011,0,1.6767282727573657e-05,0
2024-01-14,S002,P0011,0,0.0,0
2024-01-15,S002,P0011,0,0.00032565530761216035,0
2024-01-16,S002,P0011,0,0.03129036040171393,0
2024-01-17,S002,P0011,1,0.9998845579249216,1
2024-01-18,S002,P0011,0,5.122548784720817e-06,0
2024-01-19,S002,P0011,0,0.0,0
2024-01-20,S002,P0011,0,0.0001961271054320001,0
2024-01-21,S002,P0011,0,0.0,0
2024-01-22,S002,P0011,0,0.01870409551061883,0
2024-01-23,S002,P0011,0,8.674000935154948e-05,0
2024-01-24,S002,P0011,0,0.0006596212780151652,0
2024-01-25,S002,P0011,0,0.00011269224445902287,0
2024-01-26,S002,P0011,0,2.8536515574327032e-05,0
2024-01-27,S002,P0011,0,0.0003337163861925125,0
2024-01-28,S002,P0011,0,0.06665985945429302,0
2024-01-29,S002,P0011,0,0.00011269224445902287,0
2024-01-30,S002,P0011,0,0.05004895811349272,0
2023-10-13,S002,P0012,0,0.0,0
2023-10-14,S002,P0012,0,0.0,0
2023-10-15,S002,P0012,0,0.0006596212780151652,0
2023-10-16,S002,P0012,0,1.164473394285284e-05,0
2023-10-17,S002,P0012,0,0.0006596212780151652,0
2023-10-18,S002,P0012,0,0.0,0
2023-10-19,S002,P0012,0,0.0006596212780151652,0
2023-10-20,S002,P0012,0,0.0,0
2023-10-21,S002,P0012,0,0.0,0
2023-10-22,S002,P0012,0,0.0,0
2023-10-23,S002,P0012,0,1.164473394285284e-05,0
2023-10-24,S002,P0012,0,1.164473394285284e-05,0
2023-10-25,S002,P0012,0,3.92012889557018e-05,0
2023-10-26,S002,P0012,0,1.3151999304208986e-05,0
2023-10-27,S002,P0012,0,0.0006596212780151652,0
2023-10-28,S002,P0012,0,2.5952235107473395e-05,0
2023-10-29,S002,P0012,0,0.0006596212780151652,0
2023-10-30,S002,P0012,0,2.5952235107473395e-05,0
2023-10-31,S002,P0012,0,2.5952235107473395e-05,0
2023-11-01,S002,P0012,0,0.0,0
2023-11-02,S002,P0012,0,3.910423441168238e-05,0
2023-11-03,S002,P0012,0,1.5244624585137928e-05,0
2023-11-04,S002,P0012,0,3.910423441168238e-05,0
2023-11-05,S002,P0012,0,3.910423441168238e-05,0
2023-11-06,S002,P0012,0,5.122548784720817e-06,0
2023-11-07,S002,P0012,0,5.122548784720817e-06,0
2023-11-08,S002,P0012,0,0.0006596212780151652,0
2023-11-09,S002,P0012,0,0.0006596212780151652,0
2023-11-10,S002,P0012,0,0.00015165428474894657,0
2023-11-11,S002,P0012,0,0.0,0
2023-11-12,S002,P0012,0,7.546835029968916e-05,0
2023-11-13,S002,P0012,0,0.0003840857388891165,0
2023-11-14,S002,P0012,0,0.04838937322663081,0
2023-11-15,S002,P0012,0,0.0,0
2023-11-16,S002,P0012,0,1.3151999304208986e-05,0
2023-11-17,S002,P0012,0,7.546835029968916e-05,0
2023-11-18,S002,P0012,0,0.10003564906728053,0
2023-11-19,S002,P0012,0,0.0,0
2023-11-20,S002,P0012,0,0.0,0
2023-11-21,S002,P0012,0,5.122548784720817e-06,0
2023-11-22,S002,P0012,0,1.6767282727573657e-05,0
2023-11-23,S002,P0012,0,0.0,0
2023-11-24,S002,P0012,0,0.0001835704549976667,0
2023-11-25,S002,P0012,0,0.0,0
2023-11-26,S002,P0012,0,0.0,0
2023-11-27,S002,P0012,0,5.122548784720817e-06,0
2023-11-28,S002,P0012,0,7.546835029968916e-05,0
2023-11-29,S002,P0012,0,2.8536515574327032e-05,0
2023-11-30,S002,P0012,0,3.910423441168238e-05,0
2023-12-01,S002,P0012,0,5.122548784720817e-06,0
2023-12-02,S002,P0012,0,6.443216607303898e-05,0
2023-12-03,S002,P0012,0,2.8396623889346913e-05,0
2023-12-04,S002,P0012,0,2.5952235107473395e-05,0
2023-12-05,S002,P0012,0,3.910423441168238e-05,0
2023-12-06,S002,P0012,0,0.0006596212780151652,0
2023-12-07,S002,P0012,0,2.8536515574327032e-05,0
2023-12-08,S002,P0012,0,1.3151999304208986e-05,0
2023-12-09,S002,P0012,0,0.00015165428474894657,0
2023-12-10,S002,P0012,1,0.9915893894317552,1
2023-12-11,S002,P0012,0,3.910423441168238e-05,0
2023-12-12,S002,P0012,0,3.910423441168238e-05,0
2023-12-13,S002,P0012,0,0.003891500125389304,0
2023-12-14,S002,P0012,0,0.0,0
2023-12-15,S002,P0012,0,2.8396623889346913e-05,0
2023-12-16,S002,P0012,0,1.3151999304208986e-05,0
2023-12-17,S002,P0012,0,0.015933220597696127,0
2023-12-18,S002,P0012,0,1.3151999304208986e-05,0
2023-12-19,S002,P0012,0,2.8536515574327032e-05,0
2023-12-20,S002,P0012,0,0.0,0
2023-12-21,S002,P0012,0,0.0,0
2023-12-22,S002,P0012,0,0.006218419043442628,0
2023-12-23,S002,P0012,0,0.0,0
2023-12-24,S002,P0012,0,0.0,0
2023-12-25,S002,P0012,0,0.00015165428474894657,0
2023-12-26,S002,P0012,0,0.0006479765440723125,0
2023-12-27,S002,P0012,0,0.0006959853939031721,0
2023-12-28,S002,P0012,0,0.0006479765440723125,0
2023-12-29,S002,P0012,0,0.0,0
2023-12-30,S002,P0012,0,0.0006479765440723125,0
2023-12-31,S002,P0012,0,0.0,0
2024-01-01,S002,P0012,0,1.3454263660232394e-05,0
2024-01-02,S002,P0012,0,0.0,0
2024-01-03,S002,P0012,0,1.164473394285284e-05,0
2024-01-04,S002,P0012,0,1.164473394285284e-05,0
2024-01-05,S002,P0012,0,0.0,0
2024-01-06,S002,P0012,0,0.0,0
2024-01-07,S002,P0012,0,0.00015165428474894657,0
2024-01-08,S002,P0012,0,0.0,0
2024-01-09,S002,P0012,0,0.0,0
2024-01-10,S002,P0012,0,2.5952235107473395e-05,0
2024-01-11,S002,P0012,0,0.001961689634595516,0
2024-01-12,S002,P0012,1,0.9976513674829215,1
2024-01-13,S002,P0012,0,0.00012594129830725126,0
2024-01-14,S002,P0012,0,0.0004711730388746456,0
2024-01-15,S002,P0012,1,0.9948311153292846,1
2024-01-16,S002,P0012,0,0.00011269224445902287,0
2024-01-17,S002,P0012,0,5.956846232556054e-05,0
2024-01-18,S002,P0012,0,0.00020610019828978628,0
2024-01-19,S002,P0012,0,2.5952235107473395e-05,0
2024-01-20,S002,P0012,0,1.6767282727573657e-05,0
2024-01-21,S002,P0012,0,0.00011269224445902287,0
2024-01-22,S002,P0012,0,9.89062251248371e-05,0
2024-01-23,S002,P0012,0,3.6035542183692063e-05,0
2024-01-24,S002,P0012,0,0.0,0
2024-01-25,S002,P0012,0,0.0001411859228923892,0
2024-01-26,S002,P0012,0,2.5952235107473395e-05,0
2024-01-27,S002,P0012,0,0.0003449815044774341,0
2024-01-28,S002,P0012,0,0.0006596212780151652,0
2024-01-29,S002,P0012,0,2.5952235107473395e-05,0
2024-01-30,S002,P0012,0,0.0,0
2023-10-13,S002,P0013,0,0.0,0
2023-10-14,S002,P0013,0,2.5952235107473395e-05,0
2023-10-15,S002,P0013,0,0.0009634367044591864,0
2023-10-16,S002,P0013,0,0.00021135922091808186,0
2023-10-17,S002,P0013,0,1.164473394285284e-05,0
2023-10-18,S002,P0013,0,0.0,0
2023-10-19,S002,P0013,0,1.164473394285284e-05,0
2023-10-20,S002,P0013,0,0.0,0
2023-10-21,S002,P0013,0,0.0,0
2023-10-22,S002,P0013,0,0.00044201544753273535,0
2023-10-23,S002,P0013,0,5.97049361691353e-05,0
2023-10-24,S002,P0013,0,0.0,0
2023-10-25,S002,P0013,0,0.007198092153490647,0
2023-10-26,S002,P0013,1,0.9999238529471809,1
2023-10-27,S002,P0013,0,3.910423441168238e-05,0
2023-10-28,S002,P0013,0,0.010440323134169704,0
2023-10-29,S002,P0013,0,3.910423441168238e-05,0
2023-10-30,S002,P0013,0,3.910423441168238e-05,0
2023-10-31,S002,P0013,0,0.0,0
2023-11-01,S002,P0013,0,0.00025057527263966763,0
2023-11-02,S002,P0013,1,0.9747898217330839,1
2023-11-03,S002,P0013,0,7.546835029968916e-05,0
2023-11-04,S002,P0013,0,2.8536515574327032e-05,0
2023-11-05,S002,P0013,0,0.0023729762510814227,0
2023-11-06,S002,P0013,1,0.9970550845222467,1
2023-11-07,S002,P0013,0,3.910423441168238e-05,0
2023-11-08,S002,P0013,0,0.00014222738183580772,0
2023-11-09,S002,P0013,0,3.910423441168238e-05,0
2023-11-10,S002,P0013,0,0.0051895904998988185,0
2023-11-11,S002,P0013,0,2.8536515574327032e-05,0
2023-11-12,S002,P0013,0,1.3151999304208986e-05,0
2023-11-13,S002,P0013,1,0.9864045724018546,1
2023-11-14,S002,P0013,0,5.3899723596192384e-05,0
2023-11-15,S002,P0013,0,0.0006960428852692324,0
2023-11-16,S002,P0013,0,5.122548784720817e-06,0
2023-11-17,S002,P0013,0,1.6767282727573657e-05,0
2023-11-18,S002,P0013,0,7.981318997946733e-05,0
2023-11-19,S002,P0013,0,4.0665778180178686e-05,0
2023-11-20,S002,P0013,0,0.00021067655712985977,0
2023-11-21,S002,P0013,0,5.9022272380913206e-05,0
2023-11-22,S002,P0013,0,3.910423441168238e-05,0
2023-11-23,S002,P0013,0,0.0001814286707915095,0
2023-11-24,S002,P0013,0,7.546835029968916e-05,0
2023-11-25,S002,P0013,0,0.0006596212780151652,0
2023-11-26,S002,P0013,0,7.546835029968916e-05,0
2023-11-27,S002,P0013,0,2.8536515574327032e-05,0
2023-11-28,S002,P0013,0,3.910423441168238e-05,0
2023-11-29,S002,P0013,0,3.107478389219421e-05,0
2023-11-30,S002,P0013,0,1.6767282727573657e-05,0
2023-12-01,S002,P0013,0,1.5244624585137928e-05,0
2023-12-02,S002,P0013,0,0.0,0
2023-12-03,S002,P0013,0,0.0006111749972323152,0
2023-12-04,S002,P0013,0,8.243623917051943e-05,0
2023-12-05,S002,P0013,0,8.993526577988445e-05,0
2023-12-06,S002,P0013,0,5.9022272380913206e-05,0
2023-12-07,S002,P0013,0,0.0,0
2023-12-08,S002,P0013,0,5.122548784720817e-06,0
2023-12-09,S002,P0013,0,1.6767282727573657e-05,0
2023-12-10,S002,P0013,0,2.902104423732585e-05,0
2023-12-11,S002,P0013,0,1.6767282727573657e-05,0
2023-12-12,S002,P0013,0,3.910423441168238e-05,0
2023-12-13,S002,P0013,0,2.8536515574327032e-05,0
2023-12-14,S002,P0013,0,0.0033601472715712494,0
2023-12-15,S002,P0013,1,0.9961574154986628,1
2023-12-16,S002,P0013,0,0.0,0
2023-12-17,S002,P0013,0,5.3899723596192384e-05,0
2023-12-18,S002,P0013,0,2.8536515574327032e-05,0
2023-12-19,S002,P0013,0,0.0,0
2023-12-20,S002,P0013,1,0.9892255013140542,1
2023-12-21,S002,P0013,0,0.0,0
2023-12-22,S002,P0013,0,0.00020555400834513897,0
2023-12-23,S002,P0013,0,5.122548784720817e-06,0
2023-12-24,S002,P0013,0,0.0,0
2023-12-25,S002,P0013,0,2.8536515574327032e-05,0
2023-12-26,S002,P0013,0,5.122548784720817e-06,0
2023-12-27,S002,P0013,0,5.122548784720817e-06,0
2023-12-28,S002,P0013,0,0.0006596212780151652,0
2023-12-29,S002,P0013,0,2.8536515574327032e-05,0
2023-12-30,S002,P0013,0,3.910423441168238e-05,0
2023-12-31,S002,P0013,0,0.0006614308077325448,0
2024-01-01,S002,P0013,0,3.6364115888006784e-05,0
2024-01-02,S002,P0013,0,2.5952235107473395e-05,0
2024-01-03,S002,P0013,0,4.8008849830859627e-05,0
2024-01-04,S002,P0013,0,0.0,0
2024-01-05,S002,P0013,0,8.674000935154948e-05,0
2024-01-06,S002,P0013,0,0.0006730755416753977,0
2024-01-07,S002,P0013,0,0.0,0
2024-01-08,S002,P0013,0,0.00011269224445902287,0
2024-01-09,S002,P0013,0,3.6035542183692063e-05,0
2024-01-10,S002,P0013,0,8.674000935154948e-05,0
2024-01-11,S002,P0013,0,1.164473394285284e-05,0
2024-01-12,S002,P0013,0,0.0,0
2024-01-13,S002,P0013,0,0.0,0
2024-01-14,S002,P0013,0,0.03254411058482602,0
2024-01-15,S002,P0013,0,0.0,0
2024-01-16,S002,P0013,0,0.0001835704549976667,0
2024-01-17,S002,P0013,0,0.08689650121337152,0
2024-01-18,S002,P0013,1,0.9998285015647937,1
2024-01-19,S002,P0013,0,2.8536515574327032e-05,0
2024-01-20,S002,P0013,0,8.674000935154948e-05,0
2024-01-21,S002,P0013,0,0.0008830562954503328,0
2024-01-22,S002,P0013,0,1.164473394285284e-05,0
2024-01-23,S002,P0013,0,0.00015747200642094564,0
2024-01-24,S002,P0013,0,0.00011269224445902287,0
2024-01-25,S002,P0013,0,0.00011269224445902287,0
2024-01-26,S002,P0013,0,0.00011269224445902287,0
2024-01-27,S002,P0013,0,8.674000935154948e-05,0
2024-01-28,S002,P0013,0,2.8536515574327032e-05,0
2024-01-29,S002,P0013,0,0.0,0
2024-01-30,S002,P0013,1,0.9871872596959732,1
2023-10-13,S002,P0014,0,5.122548784720817e-06,0
2023-10-14,S002,P0014,0,0.0,0
2023-10-15,S002,P0014,0,0.0,0
2023-10-16,S002,P0014,0,3.910423441168238e-05,0
2023-10-17,S002,P0014,0,0.0,0
2023-10-18,S002,P0014,0,0.0,0
2023-10-19,S002,P0014,0,0.0,0
2023-10-20,S002,P0014,0,1.164473394285284e-05,0
2023-10-21,S002,P0014,0,0.0006596212780151652,0
2023-10-22,S002,P0014,0,0.0,0
2023-10-23,S002,P0014,0,0.0,0
2023-10-24,S002,P0014,0,3.940649876770579e-05,0
2023-10-25,S002,P0014,0,0.0006614308077325448,0
2023-10-26,S002,P0014,0,0.0033736474104668983,0
2023-10-27,S002,P0014,0,0.0,0
2023-10-28,S002,P0014,0,1.3151999304208986e-05,0
2023-10-29,S002,P0014,0,4.0665778180178686e-05,0
2023-10-30,S002,P0014,0,5.122548784720817e-06,0
2023-10-31,S002,P0014,0,5.122548784720817e-06,0
2023-11-01,S002,P0014,0,0.0,0
2023-11-02,S002,P0014,0,3.92012889557018e-05,0
2023-11-03,S002,P0014,0,0.0,0
2023-11-04,S002,P0014,0,3.92012889557018e-05,0
2023-11-05,S002,P0014,0,0.0001296707314014743,0
2023-11-06,S002,P0014,0,0.0008624840859399364,0
2023-11-07,S002,P0014,0,1.164473394285284e-05,0
2023-11-08,S002,P0014,0,3.92012889557018e-05,0
2023-11-09,S002,P0014,0,1.3151999304208986e-05,0
2023-11-10,S002,P0014,0,5.122548784720817e-06,0
2023-11-11,S002,P0014,0,0.00013479328018619512,0
2023-11-12,S002,P0014,0,5.2353288259910785e-05,0
2023-11-13,S002,P0014,0,5.122548784720817e-06,0
2023-11-14,S002,P0014,0,0.00013479328018619512,0
2023-11-15,S002,P0014,0,0.0,0
2023-11-16,S002,P0014,0,0.0006596212780151652,0
2023-11-17,S002,P0014,0,2.5952235107473395e-05,0
2023-11-18,S002,P0014,0,0.0,0
2023-11-19,S002,P0014,0,2.5952235107473395e-05,0
2023-11-20,S002,P0014,0,2.5952235107473395e-05,0
2023-11-21,S002,P0014,0,0.000981692930264825,0
2023-11-22,S002,P0014,0,0.0,0
2023-11-23,S002,P0014,0,0.0006479765440723125,0
2023-11-24,S002,P0014,0,2.5952235107473395e-05,0
2023-11-25,S002,P0014,0,0.0,0
2023-11-26,S002,P0014,0,2.5952235107473395e-05,0
2023-11-27,S002,P0014,0,1.164473394285284e-05,0
2023-11-28,S002,P0014,0,0.0006479765440723125,0
2023-11-29,S002,P0014,0,0.0006596212780151652,0
2023-11-30,S002,P0014,0,0.0006596212780151652,0
2023-12-01,S002,P0014,0,0.0,0
2023-12-02,S002,P0014,0,0.0,0
2023-12-03,S002,P0014,0,0.0,0
2023-12-04,S002,P0014,0,2.5952235107473395e-05,0
2023-12-05,S002,P0014,0,3.910423441168238e-05,0
2023-12-06,S002,P0014,0,0.0,0
2023-12-07,S002,P0014,0,3.910423441168238e-05,0
2023-12-08,S002,P0014,0,0.0,0
2023-12-09,S002,P0014,0,1.3151999304208986e-05,0
2023-12-10,S002,P0014,0,0.0,0
2023-12-11,S002,P0014,0,7.546835029968916e-05,0
2023-12-12,S002,P0014,0,0.00015165428474894657,0
2023-12-13,S002,P0014,0,6.231635099548019e-05,0
2023-12-14,S002,P0014,0,0.0,0
2023-12-15,S002,P0014,0,3.910423441168238e-05,0
2023-12-16,S002,P0014,0,0.0,0
2023-12-17,S002,P0014,0,3.910423441168238e-05,0
2023-12-18,S002,P0014,0,0.0,0
2023-12-19,S002,P0014,0,0.0,0
2023-12-20,S002,P0014,0,1.3151999304208986e-05,0
2023-12-21,S002,P0014,0,0.002039704111038674,0
2023-12-22,S002,P0014,0,0.014863150493672183,0
2023-12-23,S002,P0014,0,0.00015165428474894657,0
2023-12-24,S002,P0014,0,2.8536515574327032e-05,0
2023-12-25,S002,P0014,0,3.910423441168238e-05,0
2023-12-26,S002,P0014,0,0.0006843406599603192,0
2023-12-27,S002,P0014,0,0.029315867470416767,0
2023-12-28,S002,P0014,0,1.6767282727573657e-05,0
2023-12-29,S002,P0014,0,5.122548784720817e-06,0
2023-12-30,S002,P0014,0,1.6767282727573657e-05,0
2023-12-31,S002,P0014,0,2.902104423732585e-05,0
2024-01-01,S002,P0014,0,0.00025513686871385713,0
2024-01-02,S002,P0014,0,1.6767282727573657e-05,0
2024-01-03,S002,P0014,0,0.0006479765440723125,0
2024-01-04,S002,P0014,0,0.0,0
2024-01-05,S002,P0014,0,0.0,0
2024-01-06,S002,P0014,0,0.00030381542644402124,0
2024-01-07,S002,P0014,0,0.0028673008282843397,0
2024-01-08,S002,P0014,0,0.0,0
2024-01-09,S002,P0014,0,6.0042010313652403e-05,0
2024-01-10,S002,P0014,0,2.5098997603085232e-05,0
2024-01-11,S002,P0014,1,0.9659746279920433,1
2024-01-12,S002,P0014,1,0.9991991292184811,1
2024-01-13,S002,P0014,0,2.5952235107473395e-05,0
2024-01-14,S002,P0014,0,8.674000935154948e-05,0
2024-01-15,S002,P0014,0,1.164473394285284e-05,0
2024-01-16,S002,P0014,0,0.00019085557370464835,0
2024-01-17,S002,P0014,0,2.5952235107473395e-05,0
2024-01-18,S002,P0014,0,0.0,0
2024-01-19,S002,P0014,0,0.0001296707314014743,0
2024-01-20,S002,P0014,0,0.10962395121828143,0
2024-01-21,S002,P0014,1,0.9998630824251031,1
2024-01-22,S002,P0014,0,0.00016832583041252874,0
2024-01-23,S002,P0014,0,1.6767282727573657e-05,0
2024-01-24,S002,P0014,0,5.122548784720817e-06,0
2024-01-25,S002,P0014,0,5.122548784720817e-06,0
2024-01-26,S002,P0014,0,2.8536515574327032e-05,0
2024-01-27,S002,P0014,0,8.674000935154948e-05,0
2024-01-28,S002,P0014,0,8.674000935154948e-05,0
2024-01-29,S002,P0014,0,5.122548784720817e-06,0
2024-01-30,S002,P0014,0,5.122548784720817e-06,0
2023-10-13,S002,P0015,0,0.0,0
2023-10-14,S002,P0015,0,0.0,0
2023-10-15,S002,P0015,0,3.865509901105446e-05,0
2023-10-16,S002,P0015,0,0.0,0
2023-10-17,S002,P0015,0,0.0,0
2023-10-18,S002,P0015,0,0.0,0
2023-10-19,S002,P0015,0,0.0,0
2023-10-20,S002,P0015,0,3.910423441168238e-05,0
2023-10-21,S002,P0015,0,5.122548784720817e-06,0
2023-10-22,S002,P0015,0,4.0665778180178686e-05,0
2023-10-23,S002,P0015,0,2.8536515574327032e-05,0
2023-10-24,S002,P0015,0,0.008276230337325748,0
2023-10-25,S002,P0015,0,0.06506526629340262,0
2023-10-26,S002,P0015,1,0.99962114001677,1
2023-10-27,S002,P0015,0,5.122548784720817e-06,0
2023-10-28,S002,P0015,0,0.0001720214581188053,0
2023-10-29,S002,P0015,0,1.3151999304208986e-05,0
2023-10-30,S002,P0015,0,3.910423441168238e-05,0
2023-10-31,S002,P0015,0,3.910423441168238e-05,0
2023-11-01,S002,P0015,0,4.3781140159464967e-05,0
2023-11-02,S002,P0015,0,1.3151999304208986e-05,0
2023-11-03,S002,P0015,0,2.5952235107473395e-05,0
2023-11-04,S002,P0015,1,0.9739099117090028,1
2023-11-05,S002,P0015,0,2.5952235107473395e-05,0
2023-11-06,S002,P0015,0,3.910423441168238e-05,0
2023-11-07,S002,P0015,0,5.122548784720817e-06,0
2023-11-08,S002,P0015,0,5.122548784720817e-06,0
2023-11-09,S002,P0015,0,2.8536515574327032e-05,0
2023-11-10,S002,P0015,0,1.3151999304208986e-05,0
2023-11-11,S002,P0015,0,0.00015165428474894657,0
2023-11-12,S002,P0015,0,0.008018666253692628,0
2023-11-13,S002,P0015,0,3.910423441168238e-05,0
2023-11-14,S002,P0015,0,1.164473394285284e-05,0
2023-11-15,S002,P0015,0,0.0,0
2023-11-16,S002,P0015,0,0.0,0
2023-11-17,S002,P0015,0,0.0006479765440723125,0
2023-11-18,S002,P0015,1,0.9459567718913179,1
2023-11-19,S002,P0015,0,3.910423441168238e-05,0
2023-11-20,S002,P0015,0,3.6364115888006784e-05,0
2023-11-21,S002,P0015,0,0.0,0
2023-11-22,S002,P0015,0,6.75979128450487e-05,0
2023-11-23,S002,P0015,1,0.9991613407487893,1
2023-11-24,S002,P0015,1,0.9995905174033074,1
2023-11-25,S002,P0015,0,1.6767282727573657e-05,0
2023-11-26,S002,P0015,0,2.902104423732585e-05,0
2023-11-27,S002,P0015,0,5.444591354083973e-05,0
2023-11-28,S002,P0015,0,6.75979128450487e-05,0
2023-11-29,S002,P0015,0,5.122548784720817e-06,0
2023-11-30,S002,P0015,0,0.0,0
2023-12-01,S002,P0015,0,1.6767282727573657e-05,0
2023-12-02,S002,P0015,0,0.0,0
2023-12-03,S002,P0015,0,5.3899723596192384e-05,0
2023-12-04,S002,P0015,0,0.0,0
2023-12-05,S002,P0015,0,0.0,0
2023-12-06,S002,P0015,0,0.00015747200642094564,0
2023-12-07,S002,P0015,0,3.910423441168238e-05,0
2023-12-08,S002,P0015,0,2.5952235107473395e-05,0
2023-12-09,S002,P0015,0,0.017830786015478294,0
2023-12-10,S002,P0015,0,3.910423441168238e-05,0
2023-12-11,S002,P0015,0,1.164473394285284e-05,0
2023-12-12,S002,P0015,0,2.8536515574327032e-05,0
2023-12-13,S002,P0015,0,6.443216607303898e-05,0
2023-12-14,S002,P0015,0,0.0,0
2023-12-15,S002,P0015,0,0.06507092099509282,0
2023-12-16,S002,P0015,0,0.00014222738183580772,0
2023-12-17,S002,P0015,0,2.8396623889346913e-05,0
2023-12-18,S002,P0015,1,0.9664027450353929,1
2023-12-19,S002,P0015,1,0.9996301807281057,1
2023-12-20,S002,P0015,0,0.0006596212780151652,0
2023-12-21,S002,P0015,0,1.6767282727573657e-05,0
2023-12-22,S002,P0015,0,5.122548784720817e-06,0
2023-12-23,S002,P0015,0,1.3151999304208986e-05,0
2023-12-24,S002,P0015,0,0.0,0
2023-12-25,S002,P0015,0,0.00023172639428794062,0
2023-12-26,S002,P0015,0,0.0017706178585617915,0
2023-12-27,S002,P0015,1,0.9994749835473077,1
2023-12-28,S002,P0015,0,5.3899723596192384e-05,0
2023-12-29,S002,P0015,0,0.0026873211181847765,0
2023-12-30,S002,P0015,1,0.9992242119055799,1
2023-12-31,S002,P0015,0,0.0,0
2024-01-01,S002,P0015,0,5.3899723596192384e-05,0
2024-01-02,S002,P0015,0,2.8536515574327032e-05,0
2024-01-03,S002,P0015,0,0.0,0
2024-01-04,S002,P0015,0,0.00011269224445902287,0
2024-01-05,S002,P0015,0,8.674000935154948e-05,0
2024-01-06,S002,P0015,0,0.00011269224445902287,0
2024-01-07,S002,P0015,0,0.00014222738183580772,0
2024-01-08,S002,P0015,0,0.0,0
2024-01-09,S002,P0015,0,0.00018869300378238752,0
2024-01-10,S002,P0015,0,0.0,0
2024-01-11,S002,P0015,0,5.122548784720817e-06,0
2024-01-12,S002,P0015,0,5.9022272380913206e-05,0
2024-01-13,S002,P0015,0,3.865509901105446e-05,0
2024-01-14,S002,P0015,0,0.0,0
2024-01-15,S002,P0015,0,0.00014222738183580772,0
2024-01-16,S002,P0015,0,8.674000935154948e-05,0
2024-01-17,S002,P0015,0,5.122548784720817e-06,0
2024-01-18,S002,P0015,0,3.107478389219421e-05,0
2024-01-19,S002,P0015,0,0.00014905636034702964,0
2024-01-20,S002,P0015,0,2.8536515574327032e-05,0
2024-01-21,S002,P0015,0,0.0,0
2024-01-22,S002,P0015,0,0.0,0
2024-01-23,S002,P0015,0,8.674000935154948e-05,0
2024-01-24,S002,P0015,0,8.674000935154948e-05,0
2024-01-25,S002,P0015,0,1.6767282727573657e-05,0
2024-01-26,S002,P0015,0,0.00015747200642094564,0
2024-01-27,S002,P0015,0,0.0,0
2024-01-28,S002,P0015,0,0.0,0
2024-01-29,S002,P0015,0,1.6767282727573657e-05,0
2024-01-30,S002,P0015,0,0.0,0
2023-10-13,S002,P0016,0,0.0002870002086011059,0
2023-10-14,S002,P0016,1,0.9887246764079052,1
2023-10-15,S002,P0016,0,2.8536515574327032e-05,0
2023-10-16,S002,P0016,0,0.000569175161335023,0
2023-10-17,S002,P0016,0,2.5952235107473395e-05,0
2023-10-18,S002,P0016,0,2.8396623889346913e-05,0
2023-10-19,S002,P0016,0,5.122548784720817e-06,0
2023-10-20,S002,P0016,0,0.005,0
2023-10-21,S002,P0016,0,0.01581678110471874,0
2023-10-22,S002,P0016,0,0.0,0
2023-10-23,S002,P0016,1,0.9718671831628449,1
2023-10-24,S002,P0016,0,0.0,0
2023-10-25,S002,P0016,0,5.122548784720817e-06,0
2023-10-26,S002,P0016,0,1.6767282727573657e-05,0
2023-10-27,S002,P0016,0,5.122548784720817e-06,0
2023-10-28,S002,P0016,0,0.05353235600462333,0
2023-10-29,S002,P0016,1,0.9998725396550988,1
2023-10-30,S002,P0016,0,5.122548784720817e-06,0
2023-10-31,S002,P0016,0,0.02371837565369221,0
2023-11-01,S002,P0016,1,0.9999717569954107,1
2023-11-02,S002,P0016,0,1.3151999304208986e-05,0
2023-11-03,S002,P0016,0,2.0367173369858746e-05,0
2023-11-04,S002,P0016,0,5.122548784720817e-06,0
2023-11-05,S002,P0016,0,4.4265668822463785e-05,0
2023-11-06,S002,P0016,0,3.910423441168238e-05,0
2023-11-07,S002,P0016,0,0.004799109393335736,0
2023-11-08,S002,P0016,0,0.008028586902289338,0
2023-11-09,S002,P0016,0,2.8536515574327032e-05,0
2023-11-10,S002,P0016,0,0.0026660666967142127,0
2023-11-11,S002,P0016,0,2.5952235107473395e-05,0
2023-11-12,S002,P0016,0,2.8536515574327032e-05,0
2023-11-13,S002,P0016,1,0.9078782522759523,1
2023-11-14,S002,P0016,0,1.3151999304208986e-05,0
2023-11-15,S002,P0016,0,5.122548784720817e-06,0
2023-11-16,S002,P0016,0,0.0003345696236969007,0
2023-11-17,S002,P0016,0,0.06273220787406895,0
2023-11-18,S002,P0016,1,0.9998590112866357,1
2023-11-19,S002,P0016,0,2.8536515574327032e-05,0
2023-11-20,S002,P0016,0,0.05224700696840121,0
2023-11-21,S002,P0016,0,2.8536515574327032e-05,0
2023-11-22,S002,P0016,0,0.02766696349608215,0
2023-11-23,S002,P0016,0,2.8396623889346913e-05,0
2023-11-24,S002,P0016,0,3.910423441168238e-05,0
2023-11-25,S002,P0016,0,0.00035662623842028696,0
2023-11-26,S002,P0016,0,0.009786556404037278,0
2023-11-27,S002,P0016,1,0.9992358936338807,1
2023-11-28,S002,P0016,0,0.0003086173885894273,0
2023-11-29,S002,P0016,0,0.001630420545971989,0
2023-11-30,S002,P0016,0,0.0,0
2023-12-01,S002,P0016,1,0.9921024991565704,1
2023-12-02,S002,P0016,0,1.3151999304208986e-05,0
2023-12-03,S002,P0016,0,2.5952235107473395e-05,0
2023-12-04,S002,P0016,0,0.003526329595383304,0
2023-12-05,S002,P0016,1,0.9997504772086598,1
2023-12-06,S002,P0016,0,0.0,0
2023-12-07,S002,P0016,0,0.00019543193254472184,0
2023-12-08,S002,P0016,0,3.865509901105446e-05,0
2023-12-09,S002,P0016,0,0.0,0
2023-12-10,S002,P0016,0,0.0067310643306216274,0
2023-12-11,S002,P0016,0,0.00936642785258595,0
2023-12-12,S002,P0016,0,1.6767282727573657e-05,0
2023-12-13,S002,P0016,0,0.01592463040814961,0
2023-12-14,S002,P0016,1,0.9883759289507449,1
2023-12-15,S002,P0016,1,0.8880854387877467,1
2023-12-16,S002,P0016,1,0.9998104970466136,1
2023-12-17,S002,P0016,0,4.0665778180178686e-05,0
2023-12-18,S002,P0016,0,0.0015628919301103423,0
2023-12-19,S002,P0016,0,0.00383959066291321,0
2023-12-20,S002,P0016,0,1.3151999304208986e-05,0
2023-12-21,S002,P0016,0,0.003511600537031153,0
2023-12-22,S002,P0016,1,0.9987539962055605,1
2023-12-23,S002,P0016,0,1.3151999304208986e-05,0
2023-12-24,S002,P0016,0,0.03315642519416771,0
2023-12-25,S002,P0016,1,0.9998150853833059,1
2023-12-26,S002,P0016,0,0.00015747200642094564,0
2023-12-27,S002,P0016,0,1.3151999304208986e-05,0
2023-12-28,S002,P0016,0,1.3151999304208986e-05,0
2023-12-29,S002,P0016,0,0.0005118535114777777,0
2023-12-30,S002,P0016,0,0.03160673270148961,0
2023-12-31,S002,P0016,0,1.3151999304208986e-05,0
2024-01-01,S002,P0016,0,0.00039816264521629703,0
2024-01-02,S002,P0016,0,0.040439927294988263,0
2024-01-03,S002,P0016,0,0.00011269224445902287,0
2024-01-04,S002,P0016,0,0.10231170516564551,0
2024-01-05,S002,P0016,1,0.9902706557940614,1
2024-01-06,S002,P0016,0,0.00011269224445902287,0
2024-01-07,S002,P0016,0,0.00011269224445902287,0
2024-01-08,S002,P0016,0,0.008057210393327626,0
2024-01-09,S002,P0016,1,0.9841935339595548,1
2024-01-10,S002,P0016,0,0.0,0
2024-01-11,S002,P0016,0,0.0,0
2024-01-12,S002,P0016,0,0.00016126603665106407,0
2024-01-13,S002,P0016,0,0.0,0
2024-01-14,S002,P0016,0,0.00011369086626148068,0
2024-01-15,S002,P0016,0,0.05274832279739642,0
2024-01-16,S002,P0016,0,5.9022272380913206e-05,0
2024-01-17,S002,P0016,0,8.674000935154948e-05,0
2024-01-18,S002,P0016,0,0.03401754049914567,0
2024-01-19,S002,P0016,0,0.025337019929515103,0
2024-01-20,S002,P0016,0,0.00014222738183580772,0
2024-01-21,S002,P0016,0,0.0,0
2024-01-22,S002,P0016,0,5.122548784720817e-06,0
2024-01-23,S002,P0016,0,4.377764779577528e-05,0
2024-01-24,S002,P0016,0,0.0,0
2024-01-25,S002,P0016,0,1.6767282727573657e-05,0
2024-01-26,S002,P0016,0,0.0,0
2024-01-27,S002,P0016,0,0.02161542827564538,0
2024-01-28,S002,P0016,0,0.00011269224445902287,0
2024-01-29,S002,P0016,0,0.005,0
2024-01-30,S002,P0016,1,0.9862682718733257,1
2023-10-13,S002,P0017,0,0.0006479765440723125,0
2023-10-14,S002,P0017,0,0.0,0
2023-10-15,S002,P0017,0,0.0,0
2023-10-16,S002,P0017,0,0.0,0
2023-10-17,S002,P0017,0,0.0,0
2023-10-18,S002,P0017,0,0.0,0
2023-10-19,S002,P0017,0,0.0,0
2023-10-20,S002,P0017,0,0.0,0
2023-10-21,S002,P0017,0,0.0001038676958212378,0
2023-10-22,S002,P0017,0,0.0,0
2023-10-23,S002,P0017,0,0.0003622221202530422,0
2023-10-24,S002,P0017,0,0.0,0
2023-10-25,S002,P0017,0,0.00015045544247465782,0
2023-10-26,S002,P0017,0,0.06849630244102714,0
2023-10-27,S002,P0017,1,0.9888303297886332,1
2023-10-28,S002,P0017,0,0.0014922188058475508,0
2023-10-29,S002,P0017,0,0.0,0
2023-10-30,S002,P0017,0,1.6767282727573657e-05,0
2023-10-31,S002,P0017,0,1.164473394285284e-05,0
2023-11-01,S002,P0017,0,0.0,0
2023-11-02,S002,P0017,0,0.0013426923734088738,0
2023-11-03,S002,P0017,1,0.9997866541985395,1
2023-11-04,S002,P0017,0,0.0001835704549976667,0
2023-11-05,S002,P0017,0,0.0005051488630263696,0
2023-11-06,S002,P0017,0,1.164473394285284e-05,0
2023-11-07,S002,P0017,0,0.0001835704549976667,0
2023-11-08,S002,P0017,0,0.00014491535598661222,0
2023-11-09,S002,P0017,0,1.6767282727573657e-05,0
2023-11-10,S002,P0017,0,5.122548784720817e-06,0
2023-11-11,S002,P0017,0,5.122548784720817e-06,0
2023-11-12,S002,P0017,0,0.0,0
2023-11-13,S002,P0017,0,2.5952235107473395e-05,0
2023-11-14,S002,P0017,0,0.027881155061543893,0
2023-11-15,S002,P0017,0,2.8536515574327032e-05,0
2023-11-16,S002,P0017,0,0.0,0
2023-11-17,S002,P0017,0,1.164473394285284e-05,0
2023-11-18,S002,P0017,0,0.0,0
2023-11-19,S002,P0017,0,1.164473394285284e-05,0
2023-11-20,S002,P0017,0,0.0,0
2023-11-21,S002,P0017,0,0.0,0
2023-11-22,S002,P0017,1,0.9989906343480226,1
2023-11-23,S002,P0017,0,2.8396623889346913e-05,0
2023-11-24,S002,P0017,0,0.004662218702040609,0
2023-11-25,S002,P0017,0,1.3151999304208986e-05,0
2023-11-26,S002,P0017,0,0.0,0
2023-11-27,S002,P0017,0,0.0,0
2023-11-28,S002,P0017,0,0.0,0
2023-11-29,S002,P0017,0,1.6767282727573657e-05,0
2023-11-30,S002,P0017,0,1.6767282727573657e-05,0
2023-12-01,S002,P0017,0,1.6767282727573657e-05,0
2023-12-02,S002,P0017,0,1.3151999304208986e-05,0
2023-12-03,S002,P0017,0,0.0,0
2023-12-04,S002,P0017,0,3.910423441168238e-05,0
2023-12-05,S002,P0017,0,0.001843495836061796,0
2023-12-06,S002,P0017,0,3.6364115888006784e-05,0
2023-12-07,S002,P0017,0,0.0,0
2023-12-08,S002,P0017,0,3.910423441168238e-05,0
2023-12-09,S002,P0017,0,1.164473394285284e-05,0
2023-12-10,S002,P0017,0,1.164473394285284e-05,0
2023-12-11,S002,P0017,0,7.494956075427323e-05,0
2023-12-12,S002,P0017,0,1.3151999304208986e-05,0
2023-12-13,S002,P0017,0,2.5952235107473395e-05,0
2023-12-14,S002,P0017,0,3.910423441168238e-05,0
2023-12-15,S002,P0017,0,0.00015165428474894657,0
2023-12-16,S002,P0017,0,2.8396623889346913e-05,0
2023-12-17,S002,P0017,0,0.0,0
2023-12-18,S002,P0017,0,2.5952235107473395e-05,0
2023-12-19,S002,P0017,0,0.0007220575493869627,0
2023-12-20,S002,P0017,0,0.0,0
2023-12-21,S002,P0017,0,3.910423441168238e-05,0
2023-12-22,S002,P0017,0,0.03652065068292061,0
2023-12-23,S002,P0017,0,0.0,0
2023-12-24,S002,P0017,0,5.3899723596192384e-05,0
2023-12-25,S002,P0017,0,5.122548784720817e-06,0
2023-12-26,S002,P0017,0,5.122548784720817e-06,0
2023-12-27,S002,P0017,0,5.3899723596192384e-05,0
2023-12-28,S002,P0017,0,0.0,0
2023-12-29,S002,P0017,0,0.0,0
2023-12-30,S002,P0017,0,0.0,0
2023-12-31,S002,P0017,0,0.0,0
2024-01-01,S002,P0017,0,0.0,0
2024-01-02,S002,P0017,0,0.0,0
2024-01-03,S002,P0017,0,0.0,0
2024-01-04,S002,P0017,0,0.0,0
2024-01-05,S002,P0017,0,0.0,0
2024-01-06,S002,P0017,0,0.0,0
2024-01-07,S002,P0017,0,0.0,0
2024-01-08,S002,P0017,0,5.97049361691353e-05,0
2024-01-09,S002,P0017,0,0.00034350591567614274,0
2024-01-10,S002,P0017,0,3.92012889557018e-05,0
2024-01-11,S002,P0017,0,9.04134321610054e-05,0
2024-01-12,S002,P0017,0,0.0,0
2024-01-13,S002,P0017,0,0.0,0
2024-01-14,S002,P0017,0,0.0005251351267358853,0
2024-01-15,S002,P0017,0,2.5952235107473395e-05,0
2024-01-16,S002,P0017,0,0.0,0
2024-01-17,S002,P0017,0,2.5952235107473395e-05,0
2024-01-18,S002,P0017,0,0.0005386157711114003,0
2024-01-19,S002,P0017,0,0.0,0
2024-01-20,S002,P0017,0,0.001579973883985094,0
2024-01-21,S002,P0017,1,0.9975250200999476,1
2024-01-22,S002,P0017,1,0.9997269935420506,1
2024-01-23,S002,P0017,0,0.00014905636034702964,0
2024-01-24,S002,P0017,0,0.00020610019828978628,0
2024-01-25,S002,P0017,0,5.122548784720817e-06,0
2024-01-26,S002,P0017,0,2.8536515574327032e-05,0
2024-01-27,S002,P0017,0,0.00020805700030249736,0
2024-01-28,S002,P0017,0,0.07683518728232151,0
2024-01-29,S002,P0017,0,0.00011269224445902287,0
2024-01-30,S002,P0017,0,1.164473394285284e-05,0
2023-10-13,S002,P0018,0,0.05146786595729043,0
2023-10-14,S002,P0018,1,0.9517338838860746,1
2023-10-15,S002,P0018,0,0.027833271069997497,0
2023-10-16,S002,P0018,0,0.00221186831296154,0
2023-10-17,S002,P0018,1,0.9995225981225512,1
2023-10-18,S002,P0018,1,0.9907622879204366,1
2023-10-19,S002,P0018,0,0.005358638436739619,0
2023-10-20,S002,P0018,1,0.9942167065273424,1
2023-10-21,S002,P0018,0,0.0006078676488552267,0
2023-10-22,S002,P0018,0,0.0019854390478919685,0
2023-10-23,S002,P0018,1,0.9997473184664056,1
2023-10-24,S002,P0018,0,0.0025882130182934395,0
2023-10-25,S002,P0018,0,0.0768323596007224,0
2023-10-26,S002,P0018,1,0.9943694668934394,1
2023-10-27,S002,P0018,0,0.025954953458464027,0
2023-10-28,S002,P0018,1,0.998742035835323,1
2023-10-29,S002,P0018,0,0.011912209818723159,0
2023-10-30,S002,P0018,0,0.00042402932991821273,0
2023-10-31,S002,P0018,0,0.00043903736051158443,0
2023-11-01,S002,P0018,1,0.9968360330117121,1
2023-11-02,S002,P0018,1,0.9879460966000447,1
2023-11-03,S002,P0018,0,0.0005727171654393003,0
2023-11-04,S002,P0018,0,0.00466586373368182,0
2023-11-05,S002,P0018,0,8.346695777816559e-05,0
2023-11-06,S002,P0018,0,0.0009924789675574985,0
2023-11-07,S002,P0018,0,0.06772240319547582,0
2023-11-08,S002,P0018,1,0.9997446929574021,1
2023-11-09,S002,P0018,1,0.9987721238558593,1
2023-11-10,S002,P0018,0,0.0017761723975475443,0
2023-11-11,S002,P0018,1,0.9974939124725184,1
2023-11-12,S002,P0018,0,0.01325489848090136,0
2023-11-13,S002,P0018,1,0.9994930221910501,1
2023-11-14,S002,P0018,0,0.034843737168224004,0
2023-11-15,S002,P0018,1,0.9998283568873841,1
2023-11-16,S002,P0018,0,0.0006692453503487537,0
2023-11-17,S002,P0018,1,0.9945532292902957,1
2023-11-18,S002,P0018,0,0.010064527832591041,0
2023-11-19,S002,P0018,0,0.005501063881808786,0
2023-11-20,S002,P0018,0,2.5952235107473395e-05,0
2023-11-21,S002,P0018,0,0.023710443282760313,0
2023-11-22,S002,P0018,0,0.00010105712218453042,0
2023-11-23,S002,P0018,1,0.9766641902751344,1
2023-11-24,S002,P0018,0,0.0005972004443370226,0
2023-11-25,S002,P0018,1,0.9805329525443408,1
2023-11-26,S002,P0018,0,0.05718633554309013,0
2023-11-27,S002,P0018,0,0.0010866295017232421,0
2023-11-28,S002,P0018,1,0.999297100589487,1
2023-11-29,S002,P0018,0,0.02310674923517901,0
2023-11-30,S002,P0018,1,0.9948708935394677,1
2023-12-01,S002,P0018,0,0.005565766488370094,0
2023-12-02,S002,P0018,1,0.9871687922114362,1
2023-12-03,S002,P0018,0,0.0003217693878936362,0
2023-12-04,S002,P0018,0,0.0007027660935657464,0
2023-12-05,S002,P0018,0,0.035862958183672536,0
2023-12-06,S002,P0018,1,0.973275746153803,1
2023-12-07,S002,P0018,0,0.006735761732872663,0
2023-12-08,S002,P0018,0,0.001984480696726129,0
2023-12-09,S002,P0018,1,0.999589748501858,1
2023-12-10,S002,P0018,1,0.9878652964482412,1
2023-12-11,S002,P0018,0,0.02165936390235138,0
2023-12-12,S002,P0018,0,0.003021529099906903,0
2023-12-13,S002,P0018,1,0.9998780053973831,1
2023-12-14,S002,P0018,1,0.9831454279413877,1
2023-12-15,S002,P0018,1,0.9959495587991077,1
2023-12-16,S002,P0018,0,0.0002903611627837912,0
2023-12-17,S002,P0018,0,0.006331745441871832,0
2023-12-18,S002,P0018,1,0.9974876175517196,1
2023-12-19,S002,P0018,1,0.9970835188784508,1
2023-12-20,S002,P0018,1,0.9948442266290947,1
2023-12-21,S002,P0018,0,0.057055587823154515,0
2023-12-22,S002,P0018,0,0.0,0
2023-12-23,S002,P0018,1,0.9994485437121474,1
2023-12-24,S002,P0018,0,0.0025553989249960055,0
2023-12-25,S002,P0018,1,0.999400259766476,1
2023-12-26,S002,P0018,0,0.00845578145107325,0
2023-12-27,S002,P0018,0,0.013967255777414334,0
2023-12-28,S002,P0018,0,0.00435177390745933,0
2023-12-29,S002,P0018,0,1.3151999304208986e-05,0
2023-12-30,S002,P0018,1,0.9988069617778264,1
2023-12-31,S002,P0018,0,0.0028849064421097477,0
2024-01-01,S002,P0018,1,0.9944825181129611,1
2024-01-02,S002,P0018,1,0.9936775058403677,1
2024-01-03,S002,P0018,0,0.0003682881651307321,0
2024-01-04,S002,P0018,0,0.00015379665548057766,0
2024-01-05,S002,P0018,0,0.0017285499880715458,0
2024-01-06,S002,P0018,1,0.9920103162736379,1
2024-01-07,S002,P0018,0,0.0,0
2024-01-08,S002,P0018,1,0.984200677221894,1
2024-01-09,S002,P0018,0,0.03664905751919512,0
2024-01-10,S002,P0018,0,0.000803578585784091,0
2024-01-11,S002,P0018,0,0.027875724965055856,0
2024-01-12,S002,P0018,1,0.9948975333793656,1
2024-01-13,S002,P0018,0,0.004919630596189643,0
2024-01-14,S002,P0018,1,0.9969732590267725,1
2024-01-15,S002,P0018,0,0.0028929614037301256,0
2024-01-16,S002,P0018,0,0.00032411356676470424,0
2024-01-17,S002,P0018,1,0.9953748451627393,1
2024-01-18,S002,P0018,0,0.00017210598346184831,0
2024-01-19,S002,P0018,1,0.9957823333261225,1
2024-01-20,S002,P0018,0,0.008347078363468496,0
2024-01-21,S002,P0018,0,0.048261164488826065,0
2024-01-22,S002,P0018,0,0.006945828658053089,0
2024-01-23,S002,P0018,0,0.016671345026425456,0
2024-01-24,S002,P0018,1,0.9927615850829903,1
2024-01-25,S002,P0018,1,0.9984325406038126,1
2024-01-26,S002,P0018,1,0.9672841702769469,1
2024-01-27,S002,P0018,1,0.9549075457145196,1
2024-01-28,S002,P0018,0,5.3899723596192384e-05,0
2024-01-29,S002,P0018,0,0.0009840382962103854,0
2024-01-30,S002,P0018,1,0.9996825424188716,1
2023-10-13,S002,P0019,0,5.3899723596192384e-05,0
2023-10-14,S002,P0019,0,0.0,0
2023-10-15,S002,P0019,0,0.0,0
2023-10-16,S002,P0019,0,1.6767282727573657e-05,0
2023-10-17,S002,P0019,0,0.006892188540369606,0
2023-10-18,S002,P0019,0,0.0,0
2023-10-19,S002,P0019,0,3.865509901105446e-05,0
2023-10-20,S002,P0019,0,0.0,0
2023-10-21,S002,P0019,0,0.00019543193254472184,0
2023-10-22,S002,P0019,0,0.0,0
2023-10-23,S002,P0019,0,5.122548784720817e-06,0
2023-10-24,S002,P0019,0,5.122548784720817e-06,0
2023-10-25,S002,P0019,0,0.0,0
2023-10-26,S002,P0019,0,0.00019543193254472184,0
2023-10-27,S002,P0019,0,0.0,0
2023-10-28,S002,P0019,0,0.00021067655712985977,0
2023-10-29,S002,P0019,0,2.902104423732585e-05,0
2023-10-30,S002,P0019,0,0.0038353667646292213,0
2023-10-31,S002,P0019,0,1.3151999304208986e-05,0
2023-11-01,S002,P0019,0,0.000664743826799886,0
2023-11-02,S002,P0019,1,0.9954550205132583,1
2023-11-03,S002,P0019,0,0.0,0
2023-11-04,S002,P0019,0,1.6767282727573657e-05,0
2023-11-05,S002,P0019,0,0.0,0
2023-11-06,S002,P0019,0,1.6767282727573657e-05,0
2023-11-07,S002,P0019,0,5.122548784720817e-06,0
2023-11-08,S002,P0019,0,0.0,0
2023-11-09,S002,P0019,0,1.6767282727573657e-05,0
2023-11-10,S002,P0019,0,0.00020610019828978628,0
2023-11-11,S002,P0019,0,3.910423441168238e-05,0
2023-11-12,S002,P0019,0,0.0006596212780151652,0
2023-11-13,S002,P0019,0,0.0006596212780151652,0
2023-11-14,S002,P0019,0,0.0,0
2023-11-15,S002,P0019,0,1.3151999304208986e-05,0
2023-11-16,S002,P0019,0,1.164473394285284e-05,0
2023-11-17,S002,P0019,0,0.0006596212780151652,0
2023-11-18,S002,P0019,0,2.8396623889346913e-05,0
2023-11-19,S002,P0019,0,0.0,0
2023-11-20,S002,P0019,0,3.910423441168238e-05,0
2023-11-21,S002,P0019,0,1.5244624585137928e-05,0
2023-11-22,S002,P0019,0,3.910423441168238e-05,0
2023-11-23,S002,P0019,0,0.0,0
2023-11-24,S002,P0019,0,0.0,0
2023-11-25,S002,P0019,0,1.164473394285284e-05,0
2023-11-26,S002,P0019,0,0.00019085557370464835,0
2023-11-27,S002,P0019,0,5.97049361691353e-05,0
2023-11-28,S002,P0019,0,3.910423441168238e-05,0
2023-11-29,S002,P0019,0,0.0006596212780151652,0
2023-11-30,S002,P0019,0,0.0006479765440723125,0
2023-12-01,S002,P0019,0,0.0,0
2023-12-02,S002,P0019,0,1.3151999304208986e-05,0
2023-12-03,S002,P0019,0,3.910423441168238e-05,0
2023-12-04,S002,P0019,0,2.5952235107473395e-05,0
2023-12-05,S002,P0019,0,2.8536515574327032e-05,0
2023-12-06,S002,P0019,0,1.3151999304208986e-05,0
2023-12-07,S002,P0019,0,4.951611519221577e-05,0
2023-12-08,S002,P0019,0,3.910423441168238e-05,0
2023-12-09,S002,P0019,0,3.910423441168238e-05,0
2023-12-10,S002,P0019,0,1.3151999304208986e-05,0
2023-12-11,S002,P0019,0,3.910423441168238e-05,0
2023-12-12,S002,P0019,0,0.00015747200642094564,0
2023-12-13,S002,P0019,0,1.3151999304208986e-05,0
2023-12-14,S002,P0019,0,0.0,0
2023-12-15,S002,P0019,0,5.122548784720817e-06,0
2023-12-16,S002,P0019,0,0.0,0
2023-12-17,S002,P0019,0,0.0002345750525824648,0
2023-12-18,S002,P0019,0,3.865509901105446e-05,0
2023-12-19,S002,P0019,0,0.0,0
2023-12-20,S002,P0019,0,1.6767282727573657e-05,0
2023-12-21,S002,P0019,0,5.122548784720817e-06,0
2023-12-22,S002,P0019,0,2.8536515574327032e-05,0
2023-12-23,S002,P0019,0,1.3151999304208986e-05,0
2023-12-24,S002,P0019,0,1.3151999304208986e-05,0
2023-12-25,S002,P0019,0,0.011432929989807626,0
2023-12-26,S002,P0019,0,1.3151999304208986e-05,0
2023-12-27,S002,P0019,0,0.003680211365265832,0
2023-12-28,S002,P0019,0,0.0,0
2023-12-29,S002,P0019,1,0.9723424605019669,1
2023-12-30,S002,P0019,1,0.9996900324261837,1
2023-12-31,S002,P0019,0,2.902104423732585e-05,0
2024-01-01,S002,P0019,0,0.0,0
2024-01-02,S002,P0019,0,0.0,0
2024-01-03,S002,P0019,0,0.0,0
2024-01-04,S002,P0019,0,2.8536515574327032e-05,0
2024-01-05,S002,P0019,0,8.674000935154948e-05,0
2024-01-06,S002,P0019,0,0.0354852077608764,0
2024-01-07,S002,P0019,1,0.9893025017644085,1
2024-01-08,S002,P0019,0,0.0001668989093340845,0
2024-01-09,S002,P0019,0,1.5244624585137928e-05,0
2024-01-10,S002,P0019,0,0.00014905636034702964,0
2024-01-11,S002,P0019,0,0.00011269224445902287,0
2024-01-12,S002,P0019,0,2.8536515574327032e-05,0
2024-01-13,S002,P0019,0,0.005262312819328652,0
2024-01-14,S002,P0019,1,0.9992568556406046,1
2024-01-15,S002,P0019,1,0.9996836022066744,1
2024-01-16,S002,P0019,0,5.122548784720817e-06,0
2024-01-17,S002,P0019,0,1.6767282727573657e-05,0
2024-01-18,S002,P0019,0,0.00015747200642094564,0
2024-01-19,S002,P0019,0,0.0,0
2024-01-20,S002,P0019,0,1.6767282727573657e-05,0
2024-01-21,S002,P0019,0,8.674000935154948e-05,0
2024-01-22,S002,P0019,0,0.00014222738183580772,0
2024-01-23,S002,P0019,0,0.0,0
2024-01-24,S002,P0019,0,3.865509901105446e-05,0
2024-01-25,S002,P0019,0,0.0,0
2024-01-26,S002,P0019,0,3.865509901105446e-05,0
2024-01-27,S002,P0019,0,0.0,0
2024-01-28,S002,P0019,0,4.0665778180178686e-05,0
2024-01-29,S002,P0019,0,0.00014222738183580772,0
2024-01-30,S002,P0019,0,0.00014905636034702964,0
2023-10-13,S002,P0020,0,0.0006479765440723125,0
2023-10-14,S002,P0020,0,0.0,0
2023-10-15,S002,P0020,0,0.0,0
2023-10-16,S002,P0020,0,5.97049361691353e-05,0
2023-10-17,S002,P0020,0,1.3454263660232394e-05,0
2023-10-18,S002,P0020,0,9.04134321610054e-05,0
2023-10-19,S002,P0020,0,1.164473394285284e-05,0
2023-10-20,S002,P0020,0,7.69948015300162e-05,0
2023-10-21,S002,P0020,0,6.0042010313652403e-05,0
2023-10-22,S002,P0020,0,9.04134321610054e-05,0
2023-10-23,S002,P0020,1,0.983316471542855,1
2023-10-24,S002,P0020,0,0.0003569601793363751,0
2023-10-25,S002,P0020,0,0.010353451221368347,0
2023-10-26,S002,P0020,0,3.92012889557018e-05,0
2023-10-27,S002,P0020,0,0.000279003892075771,0
2023-10-28,S002,P0020,0,0.0013934178700642972,0
2023-10-29,S002,P0020,0,0.0007319142015233598,0
2023-10-30,S002,P0020,0,1.164473394285284e-05,0
2023-10-31,S002,P0020,0,0.0,0
2023-11-01,S002,P0020,0,1.6767282727573657e-05,0
2023-11-02,S002,P0020,0,3.92012889557018e-05,0
2023-11-03,S002,P0020,0,4.4323837740422614e-05,0
2023-11-04,S002,P0020,0,0.000315460160386874,0
2023-11-05,S002,P0020,0,0.0,0
2023-11-06,S002,P0020,0,0.0,0
2023-11-07,S002,P0020,0,0.0004169170514488227,0
2023-11-08,S002,P0020,0,0.045757263852896725,0
2023-11-09,S002,P0020,0,0.0006596212780151652,0
2023-11-10,S002,P0020,0,0.0002398026031200692,0
2023-11-11,S002,P0020,0,0.0006383850501409219,0
2023-11-12,S002,P0020,0,0.0032312819232857633,0
2023-11-13,S002,P0020,0,0.0,0
2023-11-14,S002,P0020,0,6.231635099548019e-05,0
2023-11-15,S002,P0020,0,2.5952235107473395e-05,0
2023-11-16,S002,P0020,0,6.231635099548019e-05,0
2023-11-17,S002,P0020,0,4.8008849830859627e-05,0
2023-11-18,S002,P0020,0,0.0,0
2023-11-19,S002,P0020,0,0.0010354124000222131,0
2023-11-20,S002,P0020,0,0.0005485139013262446,0
2023-11-21,S002,P0020,0,1.6767282727573657e-05,0
2023-11-22,S002,P0020,0,5.122548784720817e-06,0
2023-11-23,S002,P0020,0,0.0,0
2023-11-24,S002,P0020,0,0.0006596212780151652,0
2023-11-25,S002,P0020,0,3.92012889557018e-05,0
2023-11-26,S002,P0020,0,0.00032956245173949064,0
2023-11-27,S002,P0020,0,0.00936064346545032,0
2023-11-28,S002,P0020,0,0.00015165428474894657,0
2023-11-29,S002,P0020,0,0.0,0
2023-11-30,S002,P0020,0,0.0006596212780151652,0
2023-12-01,S002,P0020,0,0.000315460160386874,0
2023-12-02,S002,P0020,0,0.0,0
2023-12-03,S002,P0020,0,0.0,0
2023-12-04,S002,P0020,0,5.97049361691353e-05,0
2023-12-05,S002,P0020,0,1.164473394285284e-05,0
2023-12-06,S002,P0020,0,0.0,0
2023-12-07,S002,P0020,0,0.0,0
2023-12-08,S002,P0020,0,0.005,0
2023-12-09,S002,P0020,0,0.0,0
2023-12-10,S002,P0020,0,0.00031631339789126223,0
2023-12-11,S002,P0020,0,5.97049361691353e-05,0
2023-12-12,S002,P0020,0,0.0003775105526811169,0
2023-12-13,S002,P0020,0,0.03907850459694207,0
2023-12-14,S002,P0020,0,1.6767282727573657e-05,0
2023-12-15,S002,P0020,0,1.164473394285284e-05,0
2023-12-16,S002,P0020,0,0.0006596212780151652,0
2023-12-17,S002,P0020,0,2.902104423732585e-05,0
2023-12-18,S002,P0020,0,0.004646779661877377,0
2023-12-19,S002,P0020,0,0.003309340017070468,0
2023-12-20,S002,P0020,1,0.9097775473861609,1
2023-12-21,S002,P0020,0,2.5952235107473395e-05,0
2023-12-22,S002,P0020,0,0.0,0
2023-12-23,S002,P0020,0,0.017791616731861123,0
2023-12-24,S002,P0020,1,0.9997259941676623,1
2023-12-25,S002,P0020,0,0.0,0
2023-12-26,S002,P0020,0,7.546835029968916e-05,0
2023-12-27,S002,P0020,0,0.0189727773709867,0
2023-12-28,S002,P0020,0,5.122548784720817e-06,0
2023-12-29,S002,P0020,0,5.122548784720817e-06,0
2023-12-30,S002,P0020,0,5.122548784720817e-06,0
2023-12-31,S002,P0020,0,2.902104423732585e-05,0
2024-01-01,S002,P0020,0,5.122548784720817e-06,0
2024-01-02,S002,P0020,0,5.122548784720817e-06,0
2024-01-03,S002,P0020,0,0.0,0
2024-01-04,S002,P0020,0,1.3454263660232394e-05,0
2024-01-05,S002,P0020,0,0.00029036116278378883,0
2024-01-06,S002,P0020,0,0.004671800178313786,0
2024-01-07,S002,P0020,0,0.00029036116278378883,0
2024-01-08,S002,P0020,0,0.0,0
2024-01-09,S002,P0020,0,0.0,0
2024-01-10,S002,P0020,0,2.5952235107473395e-05,0
2024-01-11,S002,P0020,0,0.022283210325127697,0
2024-01-12,S002,P0020,0,2.5952235107473395e-05,0
2024-01-13,S002,P0020,0,0.0,0
2024-01-14,S002,P0020,0,0.00032956245173949064,0
2024-01-15,S002,P0020,0,0.000791494399101404,0
2024-01-16,S002,P0020,0,1.164473394285284e-05,0
2024-01-17,S002,P0020,0,0.0,0
2024-01-18,S002,P0020,0,0.00019085557370464835,0
2024-01-19,S002,P0020,0,0.002648445818290766,0
2024-01-20,S002,P0020,0,0.00036865939890307964,0
2024-01-21,S002,P0020,0,0.006959746367588545,0
2024-01-22,S002,P0020,1,0.9941928866045322,1
2024-01-23,S002,P0020,0,0.00011269224445902287,0
2024-01-24,S002,P0020,0,3.92012889557018e-05,0
2024-01-25,S002,P0020,0,0.0006479765440723125,0
2024-01-26,S002,P0020,0,0.0,0
2024-01-27,S002,P0020,0,8.674000935154948e-05,0
2024-01-28,S002,P0020,0,0.005198893899145529,0
2024-01-29,S002,P0020,0,8.674000935154948e-05,0
2024-01-30,S002,P0020,0,5.122548784720817e-06,0
2023-10-13,S003,P0001,0,1.3454263660232394e-05,0
2023-10-14,S003,P0001,0,0.00029036116278378883,0
2023-10-15,S003,P0001,0,0.00029036116278378883,0
2023-10-16,S003,P0001,0,0.0,0
2023-10-17,S003,P0001,0,0.005,0
2023-10-18,S003,P0001,0,0.010262332102094146,0
2023-10-19,S003,P0001,0,0.0,0
2023-10-20,S003,P0001,0,0.01,0
2023-10-21,S003,P0001,0,0.0004937957210485185,0
2023-10-22,S003,P0001,0,9.04134321610054e-05,0
2023-10-23,S003,P0001,0,9.04134321610054e-05,0
2023-10-24,S003,P0001,0,7.69948015300162e-05,0
2023-10-25,S003,P0001,1,0.9689970079450149,1
2023-10-26,S003,P0001,1,0.9997438176587036,1
2023-10-27,S003,P0001,0,0.0,0
2023-10-28,S003,P0001,0,0.0,0
2023-10-29,S003,P0001,0,1.164473394285284e-05,0
2023-10-30,S003,P0001,0,0.0,0
2023-10-31,S003,P0001,0,0.0,0
2023-11-01,S003,P0001,0,0.007696454128839676,0
2023-11-02,S003,P0001,0,0.008115814965499697,0
2023-11-03,S003,P0001,0,9.92432992693542e-05,0
2023-11-04,S003,P0001,0,0.004508623817534862,0
2023-11-05,S003,P0001,0,2.902104423732585e-05,0
2023-11-06,S003,P0001,0,1.3151999304208986e-05,0
2023-11-07,S003,P0001,0,0.0365020122370848,0
2023-11-08,S003,P0001,1,0.9998471810173755,1
2023-11-09,S003,P0001,0,1.3151999304208986e-05,0
2023-11-10,S003,P0001,0,1.164473394285284e-05,0
2023-11-11,S003,P0001,0,0.0006596212780151652,0
2023-11-12,S003,P0001,0,0.003365051918739721,0
2023-11-13,S003,P0001,1,0.9987710591635546,1
2023-11-14,S003,P0001,0,2.5952235107473395e-05,0
2023-11-15,S003,P0001,0,0.0,0
2023-11-16,S003,P0001,0,0.019901013757822127,0
2023-11-17,S003,P0001,0,1.3151999304208986e-05,0
2023-11-18,S003,P0001,0,0.0002398026031200692,0
2023-11-19,S003,P0001,0,7.546835029968916e-05,0
2023-11-20,S003,P0001,0,4.3781140159464967e-05,0
2023-11-21,S003,P0001,0,0.011791230286829884,0
2023-11-22,S003,P0001,0,3.910423441168238e-05,0
2023-11-23,S003,P0001,0,0.0,0
2023-11-24,S003,P0001,0,0.0016809332110789819,0
2023-11-25,S003,P0001,1,0.99026298423451,1
2023-11-26,S003,P0001,0,2.8536515574327032e-05,0
2023-11-27,S003,P0001,0,0.0004548160385948693,0
2023-11-28,S003,P0001,0,1.164473394285284e-05,0
2023-11-29,S003,P0001,0,0.0006596212780151652,0
2023-11-30,S003,P0001,0,0.07967594425466634,0
2023-12-01,S003,P0001,1,0.9941896090410354,1
2023-12-02,S003,P0001,0,2.8396623889346913e-05,0
2023-12-03,S003,P0001,0,0.0,0
2023-12-04,S003,P0001,0,5.3899723596192384e-05,0
2023-12-05,S003,P0001,0,0.0,0
2023-12-06,S003,P0001,0,0.0,0
2023-12-07,S003,P0001,0,0.00182328362058764,0
2023-12-08,S003,P0001,1,0.9980757875547043,1
2023-12-09,S003,P0001,1,0.9994388951116876,1
2023-12-10,S003,P0001,0,1.5244624585137928e-05,0
2023-12-11,S003,P0001,0,0.024072624130503543,0
2023-12-12,S003,P0001,1,0.9997127048727817,1
2023-12-13,S003,P0001,0,3.910423441168238e-05,0
2023-12-14,S003,P0001,0,1.164473394285284e-05,0
2023-12-15,S003,P0001,0,0.0001668989093340845,0
2023-12-16,S003,P0001,0,3.910423441168238e-05,0
2023-12-17,S003,P0001,0,3.910423441168238e-05,0
2023-12-18,S003,P0001,0,0.0004116169088765294,0
2023-12-19,S003,P0001,1,0.9902247063931834,1
2023-12-20,S003,P0001,0,0.000316165099491027,0
2023-12-21,S003,P0001,0,0.0,0
2023-12-22,S003,P0001,0,0.001170536227593739,0
2023-12-23,S003,P0001,0,5.122548784720817e-06,0
2023-12-24,S003,P0001,0,0.0,0
2023-12-25,S003,P0001,0,0.003245688938814907,0
2023-12-26,S003,P0001,0,5.640271555355081e-05,0
2023-12-27,S003,P0001,0,1.5244624585137928e-05,0
2023-12-28,S003,P0001,0,0.0,0
2023-12-29,S003,P0001,0,0.0,0
2023-12-30,S003,P0001,0,0.0005896078654225961,0
2023-12-31,S003,P0001,0,0.0004508294051680581,0
2024-01-01,S003,P0001,0,0.0003497722829835277,0
2024-01-02,S003,P0001,0,0.010128452582691662,0
2024-01-03,S003,P0001,0,0.0,0
2024-01-04,S003,P0001,0,0.0,0
2024-01-05,S003,P0001,0,0.00029036116278378883,0
2024-01-06,S003,P0001,1,0.9730791241253647,1
2024-01-07,S003,P0001,0,0.00575996156105871,0
2024-01-08,S003,P0001,0,0.0007076814802414477,0
2024-01-09,S003,P0001,0,0.0,0
2024-01-10,S003,P0001,0,0.0006924927391665096,0
2024-01-11,S003,P0001,0,0.00173202140896762,0
2024-01-12,S003,P0001,1,0.9046963120406223,1
2024-01-13,S003,P0001,0,0.0001835704549976667,0
2024-01-14,S003,P0001,0,0.005,0
2024-01-15,S003,P0001,1,0.9780041651298964,1
2024-01-16,S003,P0001,0,2.5952235107473395e-05,0
2024-01-17,S003,P0001,0,0.025033128460005837,0
2024-01-18,S003,P0001,1,0.9944267789819545,1
2024-01-19,S003,P0001,0,6.0042010313652403e-05,0
2024-01-20,S003,P0001,0,0.004470399695952924,0
2024-01-21,S003,P0001,0,3.92012889557018e-05,0
2024-01-22,S003,P0001,0,3.92012889557018e-05,0
2024-01-23,S003,P0001,0,0.0028894910293037813,0
2024-01-24,S003,P0001,0,0.03399481523705463,0
2024-01-25,S003,P0001,0,6.0042010313652403e-05,0
2024-01-26,S003,P0001,0,0.0055881439625937,0
2024-01-27,S003,P0001,0,0.0,0
2024-01-28,S003,P0001,0,0.06020473864972191,0
2024-01-29,S003,P0001,0,2.5952235107473395e-05,0
2024-01-30,S003,P0001,0,0.0006479765440723125,0
2023-10-13,S003,P0002,0,1.164473394285284e-05,0
2023-10-14,S003,P0002,0,0.004770683401064391,0
2023-10-15,S003,P0002,0,0.0,0
2023-10-16,S003,P0002,0,0.06001783587265666,0
2023-10-17,S003,P0002,0,0.0,0
2023-10-18,S003,P0002,0,0.0010788948330979404,0
2023-10-19,S003,P0002,0,0.0008661223713057841,0
2023-10-20,S003,P0002,0,0.0006596212780151652,0
2023-10-21,S003,P0002,0,2.5952235107473395e-05,0
2023-10-22,S003,P0002,0,0.0006843406599603192,0
2023-10-23,S003,P0002,0,0.0002995075392892045,0
2023-10-24,S003,P0002,0,0.0009307593578552685,0
2023-10-25,S003,P0002,1,0.9984330541860228,1
2023-10-26,S003,P0002,0,0.0015308739048586054,0
2023-10-27,S003,P0002,0,0.011286649962927935,0
2023-10-28,S003,P0002,0,5.122548784720817e-06,0
2023-10-29,S003,P0002,0,0.0,0
2023-10-30,S003,P0002,0,0.0,0
2023-10-31,S003,P0002,0,5.122548784720817e-06,0
2023-11-01,S003,P0002,0,1.3151999304208986e-05,0
2023-11-02,S003,P0002,0,0.0,0
2023-11-03,S003,P0002,0,2.8396623889346913e-05,0
2023-11-04,S003,P0002,0,6.231635099548019e-05,0
2023-11-05,S003,P0002,0,7.546835029968916e-05,0
2023-11-06,S003,P0002,0,3.910423441168238e-05,0
2023-11-07,S003,P0002,0,2.5952235107473395e-05,0
2023-11-08,S003,P0002,0,2.5952235107473395e-05,0
2023-11-09,S003,P0002,0,0.01123041134442162,0
2023-11-10,S003,P0002,1,0.9999677032416868,1
2023-11-11,S003,P0002,1,0.9998730478102731,1
2023-11-12,S003,P0002,0,5.3899723596192384e-05,0
2023-11-13,S003,P0002,0,0.0,0
2023-11-14,S003,P0002,0,5.122548784720817e-06,0
2023-11-15,S003,P0002,0,0.00032579783683347443,0
2023-11-16,S003,P0002,0,0.0,0
2023-11-17,S003,P0002,0,1.6767282727573657e-05,0
2023-11-18,S003,P0002,0,0.0,0
2023-11-19,S003,P0002,0,2.902104423732585e-05,0
2023-11-20,S003,P0002,0,5.122548784720817e-06,0
2023-11-21,S003,P0002,0,0.0,0
2023-11-22,S003,P0002,0,1.6767282727573657e-05,0
2023-11-23,S003,P0002,0,0.0,0
2023-11-24,S003,P0002,0,5.122548784720817e-06,0
2023-11-25,S003,P0002,0,0.00015677683353366737,0
2023-11-26,S003,P0002,0,0.0,0
2023-11-27,S003,P0002,0,5.122548784720817e-06,0
2023-11-28,S003,P0002,0,2.8536515574327032e-05,0
2023-11-29,S003,P0002,0,5.122548784720817e-06,0
2023-11-30,S003,P0002,0,0.0003217693878936362,0
2023-12-01,S003,P0002,0,7.981668234315703e-05,0
2023-12-02,S003,P0002,0,1.3151999304208986e-05,0
2023-12-03,S003,P0002,0,3.910423441168238e-05,0
2023-12-04,S003,P0002,0,2.8396623889346913e-05,0
2023-12-05,S003,P0002,0,4.951611519221577e-05,0
2023-12-06,S003,P0002,0,0.00014222738183580772,0
2023-12-07,S003,P0002,0,3.910423441168238e-05,0
2023-12-08,S003,P0002,0,0.0016303817656056752,0
2023-12-09,S003,P0002,0,5.122548784720817e-06,0
2023-12-10,S003,P0002,0,2.8536515574327032e-05,0
2023-12-11,S003,P0002,0,0.0,0
2023-12-12,S003,P0002,1,0.9917406249102476,1
2023-12-13,S003,P0002,0,0.0,0
2023-12-14,S003,P0002,0,0.0,0
2023-12-15,S003,P0002,0,1.6767282727573657e-05,0
2023-12-16,S003,P0002,0,0.0,0
2023-12-17,S003,P0002,0,0.0,0
2023-12-18,S003,P0002,0,0.0,0
2023-12-19,S003,P0002,0,0.0,0
2023-12-20,S003,P0002,0,0.002993066903943335,0
2023-12-21,S003,P0002,0,0.00015747200642094564,0
2023-12-22,S003,P0002,0,1.5244624585137928e-05,0
2023-12-23,S003,P0002,0,0.00028870344010428864,0
2023-12-24,S003,P0002,0,0.0002345750525824648,0
2023-12-25,S003,P0002,0,0.0,0
2023-12-26,S003,P0002,0,5.122548784720817e-06,0
2023-12-27,S003,P0002,0,0.00015234596527253515,0
2023-12-28,S003,P0002,0,5.3899723596192384e-05,0
2023-12-29,S003,P0002,0,5.122548784720817e-06,0
2023-12-30,S003,P0002,0,1.6767282727573657e-05,0
2023-12-31,S003,P0002,0,2.902104423732585e-05,0
2024-01-01,S003,P0002,0,6.482748495385612e-05,0
2024-01-02,S003,P0002,0,0.0,0
2024-01-03,S003,P0002,0,0.0001720214581188053,0
2024-01-04,S003,P0002,0,0.00011269224445902287,0
2024-01-05,S003,P0002,0,0.0006596212780151652,0
2024-01-06,S003,P0002,0,0.0,0
2024-01-07,S003,P0002,0,0.0006596212780151652,0
2024-01-08,S003,P0002,0,0.0,0
2024-01-09,S003,P0002,0,2.5952235107473395e-05,0
2024-01-10,S003,P0002,0,0.0,0
2024-01-11,S003,P0002,0,2.5952235107473395e-05,0
2024-01-12,S003,P0002,1,0.9988908981363619,1
2024-01-13,S003,P0002,0,0.00011269224445902287,0
2024-01-14,S003,P0002,0,0.00011269224445902287,0
2024-01-15,S003,P0002,0,0.00010198463393668741,0
2024-01-16,S003,P0002,0,5.444591354083973e-05,0
2024-01-17,S003,P0002,0,8.674000935154948e-05,0
2024-01-18,S003,P0002,0,0.00032538467131700097,0
2024-01-19,S003,P0002,0,1.6767282727573657e-05,0
2024-01-20,S003,P0002,0,1.6767282727573657e-05,0
2024-01-21,S003,P0002,0,0.0,0
2024-01-22,S003,P0002,0,2.8536515574327032e-05,0
2024-01-23,S003,P0002,0,5.122548784720817e-06,0
2024-01-24,S003,P0002,0,0.0011926544686375407,0
2024-01-25,S003,P0002,0,0.00011269224445902287,0
2024-01-26,S003,P0002,0,0.0001668989093340845,0
2024-01-27,S003,P0002,0,0.0016209109505750773,0
2024-01-28,S003,P0002,0,0.00042130963304845017,0
2024-01-29,S003,P0002,1,0.9979372059547102,1
2024-01-30,S003,P0002,0,0.00011269224445902287,0
2023-10-13,S003,P0003,0,0.0003538084699240916,0
2023-10-14,S003,P0003,0,0.001438399183392217,0
2023-10-15,S003,P0003,0,1.164473394285284e-05,0
2023-10-16,S003,P0003,0,0.0014500439173350697,0
2023-10-17,S003,P0003,0,0.0,0
2023-10-18,S003,P0003,1,0.9605962232654223,1
2023-10-19,S003,P0003,0,0.10624179219564661,0
2023-10-20,S003,P0003,0,0.002326463309965848,0
2023-10-21,S003,P0003,0,0.002879510167509666,0
2023-10-22,S003,P0003,0,0.00029036116278378883,0
2023-10-23,S003,P0003,1,0.9803952823238283,1
2023-10-24,S003,P0003,0,0.002200077757855229,0
2023-10-25,S003,P0003,1,0.9956237601392621,1
2023-10-26,S003,P0003,0,0.03815177525510859,0
2023-10-27,S003,P0003,1,0.9614991914498574,1
2023-10-28,S003,P0003,0,0.002589208016926865,0
2023-10-29,S003,P0003,0,0.0,0
2023-10-30,S003,P0003,0,0.0,0
2023-10-31,S003,P0003,1,0.9705982345671009,1
2023-11-01,S003,P0003,1,0.9854106850009617,1
2023-11-02,S003,P0003,1,0.9944576507755714,1
2023-11-03,S003,P0003,0,0.04849868005304134,0
2023-11-04,S003,P0003,1,0.957803090205098,1
2023-11-05,S003,P0003,0,0.005635889447957255,0
2023-11-06,S003,P0003,0,0.1052119477776246,0
2023-11-07,S003,P0003,0,0.023149631887369265,0
2023-11-08,S003,P0003,0,0.01164105927154861,0
2023-11-09,S003,P0003,0,1.3151999304208986e-05,0
2023-11-10,S003,P0003,0,0.0022294411981119058,0
2023-11-11,S003,P0003,0,0.006387597066535688,0
2023-11-12,S003,P0003,0,0.00025057527263966763,0
2023-11-13,S003,P0003,0,0.0011356048789759343,0
2023-11-14,S003,P0003,0,0.024046916618756225,0
2023-11-15,S003,P0003,1,0.9984620389582823,1
2023-11-16,S003,P0003,0,0.008118214173339551,0
2023-11-17,S003,P0003,0,0.0015503740728303557,0
2023-11-18,S003,P0003,1,0.9999321382857816,1
2023-11-19,S003,P0003,0,0.00023742327333545866,0
2023-11-20,S003,P0003,0,0.0022838258263299708,0
2023-11-21,S003,P0003,1,0.9943794461507106,1
2023-11-22,S003,P0003,1,0.9992177848731203,1
2023-11-23,S003,P0003,0,0.0018907356114853352,0
2023-11-24,S003,P0003,0,0.00398458561864708,0
2023-11-25,S003,P0003,0,0.0009245379900894923,0
2023-11-26,S003,P0003,0,0.02150006536735197,0
2023-11-27,S003,P0003,0,0.050603596757120256,0
2023-11-28,S003,P0003,0,0.0018364121707284476,0
2023-11-29,S003,P0003,0,0.01566716785906952,0
2023-11-30,S003,P0003,0,0.0018763136128869067,0
2023-12-01,S003,P0003,1,0.9999345297190261,1
2023-12-02,S003,P0003,1,0.9868112715714211,1
2023-12-03,S003,P0003,0,0.0,0
2023-12-04,S003,P0003,0,0.00616416939289057,0
2023-12-05,S003,P0003,0,0.002980129937869568,0
2023-12-06,S003,P0003,0,0.10957059591285169,0
2023-12-07,S003,P0003,1,0.9877846892027344,1
2023-12-08,S003,P0003,0,0.00040568172248544123,0
2023-12-09,S003,P0003,0,0.07320178826343011,0
2023-12-10,S003,P0003,1,0.9999081727789987,1
2023-12-11,S003,P0003,0,0.11224028301739523,0
2023-12-12,S003,P0003,0,0.053186762776108766,0
2023-12-13,S003,P0003,1,0.9991495891872978,1
2023-12-14,S003,P0003,0,0.04225334675068619,0
2023-12-15,S003,P0003,0,0.00763853321508767,0
2023-12-16,S003,P0003,1,0.9984372096606657,1
2023-12-17,S003,P0003,0,0.00402585874826238,0
2023-12-18,S003,P0003,0,0.0016048048944266216,0
2023-12-19,S003,P0003,0,9.989693188438528e-05,0
2023-12-20,S003,P0003,1,0.991759549876751,1
2023-12-21,S003,P0003,0,0.03719516725687957,0
2023-12-22,S003,P0003,0,1.3151999304208986e-05,0
2023-12-23,S003,P0003,0,0.002993329640905373,0
2023-12-24,S003,P0003,0,0.018319422744758233,0
2023-12-25,S003,P0003,0,0.0010050793775592867,0
2023-12-26,S003,P0003,1,0.9994549954023385,1
2023-12-27,S003,P0003,0,0.007935935691274288,0
2023-12-28,S003,P0003,0,0.00952376798250817,0
2023-12-29,S003,P0003,0,0.04925456061285932,0
2023-12-30,S003,P0003,0,0.0022821008097388806,0
2023-12-31,S003,P0003,0,0.0002809251972987607,0
2024-01-01,S003,P0003,0,0.0014500439173350697,0
2024-01-02,S003,P0003,0,0.0006730755416753977,0
2024-01-03,S003,P0003,0,0.0,0
2024-01-04,S003,P0003,0,1.164473394285284e-05,0
2024-01-05,S003,P0003,0,0.0018298174683605362,0
2024-01-06,S003,P0003,0,0.029204550356599378,0
2024-01-07,S003,P0003,0,0.0004173705200757927,0
2024-01-08,S003,P0003,0,0.0015848754083913844,0
2024-01-09,S003,P0003,0,0.003851183231412738,0
2024-01-10,S003,P0003,0,0.048117398978829266,0
2024-01-11,S003,P0003,0,0.002027347760996757,0
2024-01-12,S003,P0003,0,8.674000935154948e-05,0
2024-01-13,S003,P0003,0,0.0012166434141682037,0
2024-01-14,S003,P0003,0,0.0058964471169914035,0
2024-01-15,S003,P0003,0,0.007573117711973871,0
2024-01-16,S003,P0003,1,0.9419244934876816,1
2024-01-17,S003,P0003,0,0.001974868957284866,0
2024-01-18,S003,P0003,0,0.006506547695338848,0
2024-01-19,S003,P0003,0,0.0003071284455113625,0
2024-01-20,S003,P0003,0,0.0003071284455113625,0
2024-01-21,S003,P0003,0,0.003032705496966239,0
2024-01-22,S003,P0003,1,0.9912592788833164,1
2024-01-23,S003,P0003,1,0.9688653243872878,1
2024-01-24,S003,P0003,1,0.9867589814483223,1
2024-01-25,S003,P0003,0,0.0,0
2024-01-26,S003,P0003,1,0.9970649784142084,1
2024-01-27,S003,P0003,0,0.061543211259151256,0
2024-01-28,S003,P0003,1,0.9987182151523751,1
2024-01-29,S003,P0003,0,8.674000935154948e-05,0
2024-01-30,S003,P0003,1,0.9925145575802629,1
2023-10-13,S003,P0004,0,0.0,0
2023-10-14,S003,P0004,0,3.910423441168238e-05,0
2023-10-15,S003,P0004,0,0.0006596212780151652,0
2023-10-16,S003,P0004,0,2.5952235107473395e-05,0
2023-10-17,S003,P0004,0,0.0,0
2023-10-18,S003,P0004,0,1.3151999304208986e-05,0
2023-10-19,S003,P0004,0,0.0014790820825999675,0
2023-10-20,S003,P0004,0,5.122548784720817e-06,0
2023-10-21,S003,P0004,0,1.6767282727573657e-05,0
2023-10-22,S003,P0004,0,0.0,0
2023-10-23,S003,P0004,0,5.122548784720817e-06,0
2023-10-24,S003,P0004,0,0.0009614222822754342,0
2023-10-25,S003,P0004,0,0.0,0
2023-10-26,S003,P0004,0,0.018414939162158847,0
2023-10-27,S003,P0004,1,0.9998581639896845,1
2023-10-28,S003,P0004,0,0.00018869300378238752,0
2023-10-29,S003,P0004,0,0.0,0
2023-10-30,S003,P0004,0,0.0,0
2023-10-31,S003,P0004,0,1.6767282727573657e-05,0
2023-11-01,S003,P0004,0,5.3899723596192384e-05,0
2023-11-02,S003,P0004,0,5.122548784720817e-06,0
2023-11-03,S003,P0004,0,3.910423441168238e-05,0
2023-11-04,S003,P0004,0,0.00019667329537664742,0
2023-11-05,S003,P0004,0,0.015469988972213564,0
2023-11-06,S003,P0004,1,0.998678724928887,1
2023-11-07,S003,P0004,0,1.3151999304208986e-05,0
2023-11-08,S003,P0004,0,1.3151999304208986e-05,0
2023-11-09,S003,P0004,0,5.122548784720817e-06,0
2023-11-10,S003,P0004,0,2.8536515574327032e-05,0
2023-11-11,S003,P0004,1,0.9811517049113248,1
2023-11-12,S003,P0004,1,0.9998150853833059,1
2023-11-13,S003,P0004,0,0.0,0
2023-11-14,S003,P0004,0,0.0,0
2023-11-15,S003,P0004,0,5.122548784720817e-06,0
2023-11-16,S003,P0004,0,0.0,0
2023-11-17,S003,P0004,0,2.8536515574327032e-05,0
2023-11-18,S003,P0004,0,0.00523033011622684,0
2023-11-19,S003,P0004,1,0.9943326016313541,1
2023-11-20,S003,P0004,0,0.0,0
2023-11-21,S003,P0004,0,2.8536515574327032e-05,0
2023-11-22,S003,P0004,0,0.0,0
2023-11-23,S003,P0004,0,0.05407468285239198,0
2023-11-24,S003,P0004,0,0.0009489445885271018,0
2023-11-25,S003,P0004,0,0.03479825218212533,0
2023-11-26,S003,P0004,1,0.99951542997173,1
2023-11-27,S003,P0004,0,0.0,0
2023-11-28,S003,P0004,0,0.00014491535598661222,0
2023-11-29,S003,P0004,0,0.0,0
2023-11-30,S003,P0004,0,0.0,0
2023-12-01,S003,P0004,0,0.00015234596527253515,0
2023-12-02,S003,P0004,0,0.0,0
2023-12-03,S003,P0004,1,0.9900416217407517,1
2023-12-04,S003,P0004,0,0.0,0
2023-12-05,S003,P0004,0,1.6767282727573657e-05,0
2023-12-06,S003,P0004,0,0.00020362613204136514,0
2023-12-07,S003,P0004,0,0.0,0
2023-12-08,S003,P0004,0,0.0005631651886853245,0
2023-12-09,S003,P0004,0,1.6767282727573657e-05,0
2023-12-10,S003,P0004,0,0.0,0
2023-12-11,S003,P0004,0,0.0001961271054320001,0
2023-12-12,S003,P0004,0,0.0,0
2023-12-13,S003,P0004,0,5.122548784720817e-06,0
2023-12-14,S003,P0004,0,0.0,0
2023-12-15,S003,P0004,0,2.8536515574327032e-05,0
2023-12-16,S003,P0004,0,6.443216607303898e-05,0
2023-12-17,S003,P0004,0,1.3151999304208986e-05,0
2023-12-18,S003,P0004,0,7.546835029968916e-05,0
2023-12-19,S003,P0004,0,2.8536515574327032e-05,0
2023-12-20,S003,P0004,0,1.3151999304208986e-05,0
2023-12-21,S003,P0004,0,0.007844815286262057,0
2023-12-22,S003,P0004,0,0.00015747200642094564,0
2023-12-23,S003,P0004,0,1.3151999304208986e-05,0
2023-12-24,S003,P0004,0,2.8396623889346913e-05,0
2023-12-25,S003,P0004,0,2.8396623889346913e-05,0
2023-12-26,S003,P0004,0,1.3151999304208986e-05,0
2023-12-27,S003,P0004,0,1.3151999304208986e-05,0
2023-12-28,S003,P0004,0,4.377764779577528e-05,0
2023-12-29,S003,P0004,0,5.122548784720817e-06,0
2023-12-30,S003,P0004,0,1.6767282727573657e-05,0
2023-12-31,S003,P0004,0,4.0665778180178686e-05,0
2024-01-01,S003,P0004,0,1.6767282727573657e-05,0
2024-01-02,S003,P0004,0,0.0,0
2024-01-03,S003,P0004,0,0.05054567003749828,0
2024-01-04,S003,P0004,1,0.9991688898036185,1
2024-01-05,S003,P0004,0,0.0,0
2024-01-06,S003,P0004,0,0.0,0
2024-01-07,S003,P0004,0,0.00014905636034702964,0
2024-01-08,S003,P0004,0,0.00660694266928056,0
2024-01-09,S003,P0004,0,6.231635099548019e-05,0
2024-01-10,S003,P0004,0,4.8008849830859627e-05,0
2024-01-11,S003,P0004,0,0.00018397411572099997,0
2024-01-12,S003,P0004,1,0.9943941856688139,1
2024-01-13,S003,P0004,1,0.9996836022066744,1
2024-01-14,S003,P0004,0,0.0001835704549976667,0
2024-01-15,S003,P0004,0,0.0,0
2024-01-16,S003,P0004,0,8.993526577988445e-05,0
2024-01-17,S003,P0004,0,5.122548784720817e-06,0
2024-01-18,S003,P0004,0,0.0032855464127511014,0
2024-01-19,S003,P0004,0,0.002606910567675365,0
2024-01-20,S003,P0004,1,0.996596160605995,1
2024-01-21,S003,P0004,0,8.993526577988445e-05,0
2024-01-22,S003,P0004,0,0.00014222738183580772,0
2024-01-23,S003,P0004,0,0.0,0
2024-01-24,S003,P0004,0,5.122548784720817e-06,0
2024-01-25,S003,P0004,0,5.122548784720817e-06,0
2024-01-26,S003,P0004,0,0.00015747200642094564,0
2024-01-27,S003,P0004,0,0.0,0
2024-01-28,S003,P0004,0,1.5244624585137928e-05,0
2024-01-29,S003,P0004,0,0.0,0
2024-01-30,S003,P0004,0,5.122548784720817e-06,0
2023-10-13,S003,P0005,0,0.0,0
2023-10-14,S003,P0005,0,0.00015165428474894657,0
2023-10-15,S003,P0005,0,0.0006479765440723125,0
2023-10-16,S003,P0005,0,5.97049361691353e-05,0
2023-10-17,S003,P0005,0,0.0006479765440723125,0
2023-10-18,S003,P0005,0,0.0006479765440723125,0
2023-10-19,S003,P0005,0,0.0006479765440723125,0
2023-10-20,S003,P0005,0,0.0,0
2023-10-21,S003,P0005,0,9.04134321610054e-05,0
2023-10-22,S003,P0005,0,0.0,0
2023-10-23,S003,P0005,0,9.04134321610054e-05,0
2023-10-24,S003,P0005,0,9.04134321610054e-05,0
2023-10-25,S003,P0005,0,9.04134321610054e-05,0
2023-10-26,S003,P0005,0,0.0,0
2023-10-27,S003,P0005,0,0.008772171520074588,0
2023-10-28,S003,P0005,1,0.9528131469344053,1
2023-10-29,S003,P0005,0,0.0,0
2023-10-30,S003,P0005,0,0.0,0
2023-10-31,S003,P0005,0,0.0,0
2023-11-01,S003,P0005,0,0.0001835704549976667,0
2023-11-02,S003,P0005,0,0.0,0
2023-11-03,S003,P0005,0,0.0001835704549976667,0
2023-11-04,S003,P0005,0,0.0001835704549976667,0
2023-11-05,S003,P0005,0,6.75979128450487e-05,0
2023-11-06,S003,P0005,0,0.025411099201973163,0
2023-11-07,S003,P0005,0,3.910423441168238e-05,0
2023-11-08,S003,P0005,0,6.231635099548019e-05,0
2023-11-09,S003,P0005,0,4.8008849830859627e-05,0
2023-11-10,S003,P0005,0,5.122548784720817e-06,0
2023-11-11,S003,P0005,0,2.8536515574327032e-05,0
2023-11-12,S003,P0005,0,0.0,0
2023-11-13,S003,P0005,0,4.4323837740422614e-05,0
2023-11-14,S003,P0005,0,0.0021627419920671903,0
2023-11-15,S003,P0005,0,5.122548784720817e-06,0
2023-11-16,S003,P0005,0,1.6767282727573657e-05,0
2023-11-17,S003,P0005,0,1.6767282727573657e-05,0
2023-11-18,S003,P0005,0,0.0,0
2023-11-19,S003,P0005,0,1.3151999304208986e-05,0
2023-11-20,S003,P0005,0,0.00013517328646882448,0
2023-11-21,S003,P0005,0,0.0007450512372384244,0
2023-11-22,S003,P0005,0,0.0006596212780151652,0
2023-11-23,S003,P0005,0,5.444591354083973e-05,0
2023-11-24,S003,P0005,0,7.546835029968916e-05,0
2023-11-25,S003,P0005,0,1.5244624585137928e-05,0
2023-11-26,S003,P0005,0,2.5952235107473395e-05,0
2023-11-27,S003,P0005,0,1.164473394285284e-05,0
2023-11-28,S003,P0005,0,3.910423441168238e-05,0
2023-11-29,S003,P0005,0,0.0,0
2023-11-30,S003,P0005,0,0.0,0
2023-12-01,S003,P0005,0,1.3151999304208986e-05,0
2023-12-02,S003,P0005,0,0.0013217585826128006,0
2023-12-03,S003,P0005,1,0.9992436973578047,1
2023-12-04,S003,P0005,0,2.8536515574327032e-05,0
2023-12-05,S003,P0005,0,2.8396623889346913e-05,0
2023-12-06,S003,P0005,0,1.3151999304208986e-05,0
2023-12-07,S003,P0005,0,0.003882235008990407,0
2023-12-08,S003,P0005,0,1.6767282727573657e-05,0
2023-12-09,S003,P0005,0,1.3151999304208986e-05,0
2023-12-10,S003,P0005,0,2.8536515574327032e-05,0
2023-12-11,S003,P0005,0,5.122548784720817e-06,0
2023-12-12,S003,P0005,0,0.0001720214581188053,0
2023-12-13,S003,P0005,0,0.0006643228248902095,0
2023-12-14,S003,P0005,0,0.00018768982693263863,0
2023-12-15,S003,P0005,0,0.0001935075486046377,0
2023-12-16,S003,P0005,0,3.910423441168238e-05,0
2023-12-17,S003,P0005,0,0.0,0
2023-12-18,S003,P0005,0,7.546835029968916e-05,0
2023-12-19,S003,P0005,0,0.0001668989093340845,0
2023-12-20,S003,P0005,0,7.546835029968916e-05,0
2023-12-21,S003,P0005,0,0.0006479765440723125,0
2023-12-22,S003,P0005,0,0.00018768982693263863,0
2023-12-23,S003,P0005,0,6.231635099548019e-05,0
2023-12-24,S003,P0005,0,0.0,0
2023-12-25,S003,P0005,0,0.0,0
2023-12-26,S003,P0005,1,0.9774887349007092,1
2023-12-27,S003,P0005,1,0.9890860617766171,1
2023-12-28,S003,P0005,0,3.865509901105446e-05,0
2023-12-29,S003,P0005,0,0.0,0
2023-12-30,S003,P0005,0,0.0,0
2023-12-31,S003,P0005,0,2.902104423732585e-05,0
2024-01-01,S003,P0005,0,0.0,0
2024-01-02,S003,P0005,0,0.0,0
2024-01-03,S003,P0005,0,0.0,0
2024-01-04,S003,P0005,0,1.164473394285284e-05,0
2024-01-05,S003,P0005,0,0.0,0
2024-01-06,S003,P0005,0,0.0,0
2024-01-07,S003,P0005,0,0.0,0
2024-01-08,S003,P0005,0,0.0,0
2024-01-09,S003,P0005,0,0.0,0
2024-01-10,S003,P0005,0,9.04134321610054e-05,0
2024-01-11,S003,P0005,0,0.0,0
2024-01-12,S003,P0005,0,0.005,0
2024-01-13,S003,P0005,0,0.0,0
2024-01-14,S003,P0005,0,0.0,0
2024-01-15,S003,P0005,0,0.0,0
2024-01-16,S003,P0005,0,0.0001296707314014743,0
2024-01-17,S003,P0005,0,0.0,0
2024-01-18,S003,P0005,0,1.164473394285284e-05,0
2024-01-19,S003,P0005,0,3.92012889557018e-05,0
2024-01-20,S003,P0005,0,0.0001411859228923892,0
2024-01-21,S003,P0005,0,0.0001411859228923892,0
2024-01-22,S003,P0005,0,0.00031373993737414814,0
2024-01-23,S003,P0005,0,8.674000935154948e-05,0
2024-01-24,S003,P0005,0,1.6767282727573657e-05,0
2024-01-25,S003,P0005,0,2.8536515574327032e-05,0
2024-01-26,S003,P0005,0,1.5244624585137928e-05,0
2024-01-27,S003,P0005,0,5.640271555355081e-05,0
2024-01-28,S003,P0005,0,8.674000935154948e-05,0
2024-01-29,S003,P0005,0,5.122548784720817e-06,0
2024-01-30,S003,P0005,0,1.6767282727573657e-05,0
2023-10-13,S003,P0006,0,0.00029548371156850966,0
2023-10-14,S003,P0006,0,0.00029036116278378883,0
2023-10-15,S003,P0006,0,0.00029036116278378883,0
2023-10-16,S003,P0006,0,0.0,0
2023-10-17,S003,P0006,0,0.0,0
2023-10-18,S003,P0006,0,0.0,0
2023-10-19,S003,P0006,0,0.0,0
2023-10-20,S003,P0006,0,0.0,0
2023-10-21,S003,P0006,0,0.0003622221202530422,0
2023-10-22,S003,P0006,0,9.04134321610054e-05,0
2023-10-23,S003,P0006,0,9.04134321610054e-05,0
2023-10-24,S003,P0006,0,0.0001038676958212378,0
2023-10-25,S003,P0006,1,0.9791421552463874,1
2023-10-26,S003,P0006,0,0.0003682881651307321,0
2023-10-27,S003,P0006,0,0.028712210709517804,0
2023-10-28,S003,P0006,0,0.0,0
2023-10-29,S003,P0006,0,0.03885220703771521,0
2023-10-30,S003,P0006,1,0.9620200689567754,1
2023-10-31,S003,P0006,0,0.02737316355105893,0
2023-11-01,S003,P0006,1,0.9922511186355694,1
2023-11-02,S003,P0006,0,0.002674273782756489,0
2023-11-03,S003,P0006,0,0.013993060910280101,0
2023-11-04,S003,P0006,0,0.031658344015568524,0
2023-11-05,S003,P0006,0,3.910423441168238e-05,0
2023-11-06,S003,P0006,0,0.03659900407293379,0
2023-11-07,S003,P0006,1,0.9704576175676811,1
2023-11-08,S003,P0006,0,0.005589925470012349,0
2023-11-09,S003,P0006,1,0.9782738820403856,1
2023-11-10,S003,P0006,0,0.0003420709411301464,0
2023-11-11,S003,P0006,1,0.9872255616979174,1
2023-11-12,S003,P0006,0,0.024388801302391707,0
2023-11-13,S003,P0006,0,0.013791244008718749,0
2023-11-14,S003,P0006,0,0.012007338857685313,0
2023-11-15,S003,P0006,1,0.998812165345493,1
2023-11-16,S003,P0006,0,0.022669792459537326,0
2023-11-17,S003,P0006,1,0.9954034572802294,1
2023-11-18,S003,P0006,1,0.9857308436207188,1
2023-11-19,S003,P0006,0,1.3151999304208986e-05,0
2023-11-20,S003,P0006,0,0.00888584503497344,0
2023-11-21,S003,P0006,1,0.9972684146284007,1
2023-11-22,S003,P0006,1,0.987869298419433,1
2023-11-23,S003,P0006,0,0.0,0
2023-11-24,S003,P0006,0,0.0032912094394221335,0
2023-11-25,S003,P0006,0,0.008271438798318213,0
2023-11-26,S003,P0006,0,0.0003510926964869855,0
2023-11-27,S003,P0006,0,0.09044139165770955,0
2023-11-28,S003,P0006,1,0.9948701599785142,1
2023-11-29,S003,P0006,0,0.05240400625660716,0
2023-11-30,S003,P0006,0,0.06764381239439671,0
2023-12-01,S003,P0006,1,0.9944727292871278,1
2023-12-02,S003,P0006,0,0.0015354146758306013,0
2023-12-03,S003,P0006,0,0.04135699819988333,0
2023-12-04,S003,P0006,0,0.020939491781492278,0
2023-12-05,S003,P0006,0,0.0003477216230011097,0
2023-12-06,S003,P0006,1,0.9969870999157244,1
2023-12-07,S003,P0006,0,5.3899723596192384e-05,0
2023-12-08,S003,P0006,0,0.0785519599109184,0
2023-12-09,S003,P0006,0,0.04598007196020062,0
2023-12-10,S003,P0006,0,0.0,0
2023-12-11,S003,P0006,1,0.9926928683868879,1
2023-12-12,S003,P0006,0,0.09579329636450247,0
2023-12-13,S003,P0006,0,0.006448044145013453,0
2023-12-14,S003,P0006,0,1.3151999304208986e-05,0
2023-12-15,S003,P0006,0,0.0030806480304681636,0
2023-12-16,S003,P0006,0,0.0013030445780412056,0
2023-12-17,S003,P0006,0,0.00301385521843532,0
2023-12-18,S003,P0006,0,0.00032682631654500847,0
2023-12-19,S003,P0006,0,0.06417974884586836,0
2023-12-20,S003,P0006,1,0.9998214686541279,1
2023-12-21,S003,P0006,1,0.9987232987076051,1
2023-12-22,S003,P0006,0,0.0003086173885894273,0
2023-12-23,S003,P0006,0,0.009045564649561594,0
2023-12-24,S003,P0006,1,0.9902447975759101,1
2023-12-25,S003,P0006,0,0.0069521425249437965,0
2023-12-26,S003,P0006,0,0.003670620866828572,0
2023-12-27,S003,P0006,0,0.00047446783609998337,0
2023-12-28,S003,P0006,0,0.000594730414207317,0
2023-12-29,S003,P0006,0,0.0002264422490765848,0
2023-12-30,S003,P0006,0,5.122548784720817e-06,0
2023-12-31,S003,P0006,0,0.0061681571902557205,0
2024-01-01,S003,P0006,0,0.0029357405380244883,0
2024-01-02,S003,P0006,0,0.005151654284748947,0
2024-01-03,S003,P0006,0,0.0,0
2024-01-04,S003,P0006,0,0.0,0
2024-01-05,S003,P0006,0,0.00029036116278378883,0
2024-01-06,S003,P0006,0,0.00029036116278378883,0
2024-01-07,S003,P0006,0,0.00029036116278378883,0
2024-01-08,S003,P0006,0,0.0,0
2024-01-09,S003,P0006,0,0.0,0
2024-01-10,S003,P0006,0,0.02610223007542443,0
2024-01-11,S003,P0006,1,0.9607375997438967,1
2024-01-12,S003,P0006,0,0.0015943826659874224,0
2024-01-13,S003,P0006,0,0.02738158166077055,0
2024-01-14,S003,P0006,0,0.0005396155454688217,0
2024-01-15,S003,P0006,0,0.005790812198297588,0
2024-01-16,S003,P0006,0,0.0044483927727749974,0
2024-01-17,S003,P0006,0,0.0049765549009991245,0
2024-01-18,S003,P0006,0,0.0007202342974659567,0
2024-01-19,S003,P0006,0,0.0003337163861925125,0
2024-01-20,S003,P0006,0,0.03995563322228657,0
2024-01-21,S003,P0006,0,0.004415047543824449,0
2024-01-22,S003,P0006,1,0.9460065215384745,1
2024-01-23,S003,P0006,1,0.9982483946960518,1
2024-01-24,S003,P0006,0,0.0007887734932511761,0
2024-01-25,S003,P0006,0,2.0367173369858746e-05,0
2024-01-26,S003,P0006,1,0.9996288565942525,1
2024-01-27,S003,P0006,0,0.10417680070161456,0
2024-01-28,S003,P0006,0,0.04220764921370703,0
2024-01-29,S003,P0006,0,0.004309322080900749,0
2024-01-30,S003,P0006,0,0.09896976860515812,0
2023-10-13,S003,P0007,0,1.164473394285284e-05,0
2023-10-14,S003,P0007,0,1.164473394285284e-05,0
2023-10-15,S003,P0007,0,1.164473394285284e-05,0
2023-10-16,S003,P0007,0,1.164473394285284e-05,0
2023-10-17,S003,P0007,0,1.164473394285284e-05,0
2023-10-18,S003,P0007,0,1.164473394285284e-05,0
2023-10-19,S003,P0007,0,1.164473394285284e-05,0
2023-10-20,S003,P0007,0,0.0,0
2023-10-21,S003,P0007,0,0.0,0
2023-10-22,S003,P0007,0,3.910423441168238e-05,0
2023-10-23,S003,P0007,0,0.0006596212780151652,0
2023-10-24,S003,P0007,0,0.0006479765440723125,0
2023-10-25,S003,P0007,0,3.6035542183692063e-05,0
2023-10-26,S003,P0007,0,0.0,0
2023-10-27,S003,P0007,0,0.0,0
2023-10-28,S003,P0007,0,0.0,0
2023-10-29,S003,P0007,0,0.0,0
2023-10-30,S003,P0007,0,0.0,0
2023-10-31,S003,P0007,0,0.0,0
2023-11-01,S003,P0007,0,0.0,0
2023-11-02,S003,P0007,0,1.3151999304208986e-05,0
2023-11-03,S003,P0007,0,0.0,0
2023-11-04,S003,P0007,0,0.0,0
2023-11-05,S003,P0007,0,0.00021210697057199375,0
2023-11-06,S003,P0007,0,0.0,0
2023-11-07,S003,P0007,0,0.0,0
2023-11-08,S003,P0007,0,1.3151999304208986e-05,0
2023-11-09,S003,P0007,0,1.3151999304208986e-05,0
2023-11-10,S003,P0007,0,4.951611519221577e-05,0
2023-11-11,S003,P0007,0,4.951611519221577e-05,0
2023-11-12,S003,P0007,0,4.951611519221577e-05,0
2023-11-13,S003,P0007,0,1.3151999304208986e-05,0
2023-11-14,S003,P0007,0,3.910423441168238e-05,0
2023-11-15,S003,P0007,0,2.8536515574327032e-05,0
2023-11-16,S003,P0007,0,0.00011304893118859426,0
2023-11-17,S003,P0007,0,0.0002866108148233597,0
2023-11-18,S003,P0007,1,0.9920933156643741,1
2023-11-19,S003,P0007,0,2.8536515574327032e-05,0
2023-11-20,S003,P0007,0,1.3151999304208986e-05,0
2023-11-21,S003,P0007,0,0.004324227052823428,0
2023-11-22,S003,P0007,1,0.9984436301947304,1
2023-11-23,S003,P0007,0,5.3899723596192384e-05,0
2023-11-24,S003,P0007,0,0.0,0
2023-11-25,S003,P0007,0,0.0,0
2023-11-26,S003,P0007,0,5.3899723596192384e-05,0
2023-11-27,S003,P0007,0,1.6767282727573657e-05,0
2023-11-28,S003,P0007,0,0.0,0
2023-11-29,S003,P0007,0,2.8536515574327032e-05,0
2023-11-30,S003,P0007,0,4.951611519221577e-05,0
2023-12-01,S003,P0007,0,3.910423441168238e-05,0
2023-12-02,S003,P0007,0,0.0006596212780151652,0
2023-12-03,S003,P0007,0,2.5952235107473395e-05,0
2023-12-04,S003,P0007,0,7.546835029968916e-05,0
2023-12-05,S003,P0007,0,1.164473394285284e-05,0
2023-12-06,S003,P0007,0,1.5244624585137928e-05,0
2023-12-07,S003,P0007,0,0.0001935075486046377,0
2023-12-08,S003,P0007,0,1.3151999304208986e-05,0
2023-12-09,S003,P0007,0,7.546835029968916e-05,0
2023-12-10,S003,P0007,1,0.9974507089376803,1
2023-12-11,S003,P0007,0,6.443216607303898e-05,0
2023-12-12,S003,P0007,0,1.3151999304208986e-05,0
2023-12-13,S003,P0007,0,7.546835029968916e-05,0
2023-12-14,S003,P0007,0,3.910423441168238e-05,0
2023-12-15,S003,P0007,0,0.00015747200642094564,0
2023-12-16,S003,P0007,0,2.8396623889346913e-05,0
2023-12-17,S003,P0007,0,0.0,0
2023-12-18,S003,P0007,0,0.0,0
2023-12-19,S003,P0007,0,5.3899723596192384e-05,0
2023-12-20,S003,P0007,0,0.0,0
2023-12-21,S003,P0007,0,1.6767282727573657e-05,0
2023-12-22,S003,P0007,0,0.0,0
2023-12-23,S003,P0007,0,0.0,0
2023-12-24,S003,P0007,0,0.00015747200642094564,0
2023-12-25,S003,P0007,0,0.0,0
2023-12-26,S003,P0007,0,0.0,0
2023-12-27,S003,P0007,0,0.0011241726492367257,0
2023-12-28,S003,P0007,0,1.164473394285284e-05,0
2023-12-29,S003,P0007,0,0.0,0
2023-12-30,S003,P0007,0,1.164473394285284e-05,0
2023-12-31,S003,P0007,0,1.164473394285284e-05,0
2024-01-01,S003,P0007,0,5.97049361691353e-05,0
2024-01-02,S003,P0007,0,1.164473394285284e-05,0
2024-01-03,S003,P0007,0,0.0006596212780151652,0
2024-01-04,S003,P0007,0,0.0,0
2024-01-05,S003,P0007,0,0.0006479765440723125,0
2024-01-06,S003,P0007,0,0.0,0
2024-01-07,S003,P0007,0,2.5952235107473395e-05,0
2024-01-08,S003,P0007,0,0.0006596212780151652,0
2024-01-09,S003,P0007,0,0.10752739730671462,0
2024-01-10,S003,P0007,0,0.0,0
2024-01-11,S003,P0007,0,0.0,0
2024-01-12,S003,P0007,0,0.016349177606336546,0
2024-01-13,S003,P0007,0,0.0,0
2024-01-14,S003,P0007,0,0.0,0
2024-01-15,S003,P0007,0,0.0,0
2024-01-16,S003,P0007,0,0.0001411859228923892,0
2024-01-17,S003,P0007,0,0.00014905636034702964,0
2024-01-18,S003,P0007,0,1.164473394285284e-05,0
2024-01-19,S003,P0007,0,6.231635099548019e-05,0
2024-01-20,S003,P0007,0,0.0001935075486046377,0
2024-01-21,S003,P0007,0,8.674000935154948e-05,0
2024-01-22,S003,P0007,0,0.0015463808053491576,0
2024-01-23,S003,P0007,1,0.985410804106441,1
2024-01-24,S003,P0007,0,1.164473394285284e-05,0
2024-01-25,S003,P0007,0,0.00019085557370464835,0
2024-01-26,S003,P0007,0,0.0,0
2024-01-27,S003,P0007,0,4.3781140159464967e-05,0
2024-01-28,S003,P0007,0,0.0,0
2024-01-29,S003,P0007,0,0.0,0
2024-01-30,S003,P0007,0,0.0,0
2023-10-13,S003,P0008,0,0.0,0
2023-10-14,S003,P0008,0,0.0,0
2023-10-15,S003,P0008,0,1.164473394285284e-05,0
2023-10-16,S003,P0008,0,6.0042010313652403e-05,0
2023-10-17,S003,P0008,0,0.0022712233052626586,0
2023-10-18,S003,P0008,0,0.0005483207527550934,0
2023-10-19,S003,P0008,1,0.9987366687650727,1
2023-10-20,S003,P0008,0,0.0,0
2023-10-21,S003,P0008,1,0.977476979079587,1
2023-10-22,S003,P0008,0,1.3151999304208986e-05,0
2023-10-23,S003,P0008,0,5.122548784720817e-06,0
2023-10-24,S003,P0008,0,0.0,0
2023-10-25,S003,P0008,0,0.0003477216230011097,0
2023-10-26,S003,P0008,0,0.0006959853939031721,0
2023-10-27,S003,P0008,0,0.0001390982208400871,0
2023-10-28,S003,P0008,1,0.9893128429878929,1
2023-10-29,S003,P0008,0,3.910423441168238e-05,0
2023-10-30,S003,P0008,0,0.0,0
2023-10-31,S003,P0008,0,0.0001404636209522362,0
2023-11-01,S003,P0008,0,3.910423441168238e-05,0
2023-11-02,S003,P0008,0,0.0010890346499772279,0
2023-11-03,S003,P0008,1,0.9972929075460949,1
2023-11-04,S003,P0008,0,0.003711200474184578,0
2023-11-05,S003,P0008,0,1.3151999304208986e-05,0
2023-11-06,S003,P0008,0,2.8536515574327032e-05,0
2023-11-07,S003,P0008,0,3.910423441168238e-05,0
2023-11-08,S003,P0008,0,6.231635099548019e-05,0
2023-11-09,S003,P0008,0,0.00015677683353366737,0
2023-11-10,S003,P0008,0,0.0001050194806691061,0
2023-11-11,S003,P0008,0,0.0007202342974659567,0
2023-11-12,S003,P0008,1,0.9998283568873841,1
2023-11-13,S003,P0008,0,1.3151999304208986e-05,0
2023-11-14,S003,P0008,0,1.6767282727573657e-05,0
2023-11-15,S003,P0008,0,5.122548784720817e-06,0
2023-11-16,S003,P0008,0,0.0,0
2023-11-17,S003,P0008,0,0.00015234596527253515,0
2023-11-18,S003,P0008,0,0.030935997401499042,0
2023-11-19,S003,P0008,0,0.0010890346499772279,0
2023-11-20,S003,P0008,0,0.06358872388128639,0
2023-11-21,S003,P0008,0,0.0,0
2023-11-22,S003,P0008,0,0.014503846235245543,0
2023-11-23,S003,P0008,1,0.9990156437787436,1
2023-11-24,S003,P0008,0,0.006654906863065499,0
2023-11-25,S003,P0008,0,2.8536515574327032e-05,0
2023-11-26,S003,P0008,0,0.0003737534921166215,0
2023-11-27,S003,P0008,0,1.164473394285284e-05,0
2023-11-28,S003,P0008,0,1.164473394285284e-05,0
2023-11-29,S003,P0008,0,0.0003086173885894273,0
2023-11-30,S003,P0008,0,0.013365407458175757,0
2023-12-01,S003,P0008,0,0.0,0
2023-12-02,S003,P0008,0,0.009815267501046991,0
2023-12-03,S003,P0008,0,0.0004169170514488227,0
2023-12-04,S003,P0008,0,5.97049361691353e-05,0
2023-12-05,S003,P0008,0,0.0,0
2023-12-06,S003,P0008,0,1.6767282727573657e-05,0
2023-12-07,S003,P0008,0,0.0,0
2023-12-08,S003,P0008,0,0.0,0
2023-12-09,S003,P0008,0,5.122548784720817e-06,0
2023-12-10,S003,P0008,0,0.0,0
2023-12-11,S003,P0008,0,0.05382635367670175,0
2023-12-12,S003,P0008,0,0.00026833911869439625,0
2023-12-13,S003,P0008,0,0.0063425959272475066,0
2023-12-14,S003,P0008,0,2.8536515574327032e-05,0
2023-12-15,S003,P0008,0,0.0011926544686375407,0
2023-12-16,S003,P0008,0,0.0,0
2023-12-17,S003,P0008,0,0.0002193304279973269,0
2023-12-18,S003,P0008,0,5.122548784720817e-06,0
2023-12-19,S003,P0008,0,2.8536515574327032e-05,0
2023-12-20,S003,P0008,1,0.9974324237889924,1
2023-12-21,S003,P0008,0,0.0,0
2023-12-22,S003,P0008,0,3.865509901105446e-05,0
2023-12-23,S003,P0008,0,3.865509901105446e-05,0
2023-12-24,S003,P0008,0,0.0,0
2023-12-25,S003,P0008,0,0.003912486156509717,0
2023-12-26,S003,P0008,0,0.017230834848463224,0
2023-12-27,S003,P0008,0,0.0,0
2023-12-28,S003,P0008,0,0.006442042169267812,0
2023-12-29,S003,P0008,1,0.9940894188346396,1
2023-12-30,S003,P0008,0,0.003942269162541059,0
2023-12-31,S003,P0008,0,0.02467405790834666,0
2024-01-01,S003,P0008,0,0.09178906769912284,0
2024-01-02,S003,P0008,0,5.122548784720817e-06,0
2024-01-03,S003,P0008,0,3.865509901105446e-05,0
2024-01-04,S003,P0008,0,0.007203351559799732,0
2024-01-05,S003,P0008,1,0.9950748860551927,1
2024-01-06,S003,P0008,0,0.0024091939264454746,0
2024-01-07,S003,P0008,0,0.0,0
2024-01-08,S003,P0008,0,0.0,0
2024-01-09,S003,P0008,0,0.00040568172248544123,0
2024-01-10,S003,P0008,0,5.122548784720817e-06,0
2024-01-11,S003,P0008,0,0.00016832583041252874,0
2024-01-12,S003,P0008,0,0.0,0
2024-01-13,S003,P0008,0,0.023744771872655022,0
2024-01-14,S003,P0008,1,0.999612954460826,1
2024-01-15,S003,P0008,0,0.005028536515574326,0
2024-01-16,S003,P0008,0,0.023832355221130173,0
2024-01-17,S003,P0008,0,0.00014222738183580772,0
2024-01-18,S003,P0008,0,0.0012325807654315658,0
2024-01-19,S003,P0008,0,5.122548784720817e-06,0
2024-01-20,S003,P0008,0,0.0,0
2024-01-21,S003,P0008,0,0.00011369086626148068,0
2024-01-22,S003,P0008,0,0.054617140180502254,0
2024-01-23,S003,P0008,0,0.00010198463393668741,0
2024-01-24,S003,P0008,0,0.00014222738183580772,0
2024-01-25,S003,P0008,0,0.006837589748408282,0
2024-01-26,S003,P0008,0,0.00011269224445902287,0
2024-01-27,S003,P0008,0,0.00011369086626148068,0
2024-01-28,S003,P0008,0,0.012148892346019687,0
2024-01-29,S003,P0008,0,2.8536515574327032e-05,0
2024-01-30,S003,P0008,0,0.007282361668439364,0
2023-10-13,S003,P0009,0,0.0013077108624377826,0
2023-10-14,S003,P0009,1,0.991517032467131,1
2023-10-15,S003,P0009,1,0.9954508260024241,1
2023-10-16,S003,P0009,0,0.044609314818108536,0
2023-10-17,S003,P0009,0,0.004977004314414973,0
2023-10-18,S003,P0009,0,0.00010105712218453042,0
2023-10-19,S003,P0009,0,0.0006596212780151652,0
2023-10-20,S003,P0009,0,0.0003681379355775911,0
2023-10-21,S003,P0009,1,0.9752711682272813,1
2023-10-22,S003,P0009,0,0.00794150067514111,0
2023-10-23,S003,P0009,1,0.9997584488086336,1
2023-10-24,S003,P0009,0,0.0013607405234603792,0
2023-10-25,S003,P0009,1,0.9996595050289949,1
2023-10-26,S003,P0009,1,0.9958072314014427,1
2023-10-27,S003,P0009,0,0.045021081263122376,0
2023-10-28,S003,P0009,0,0.024454024566223524,0
2023-10-29,S003,P0009,1,0.9999714683395788,1
2023-10-30,S003,P0009,0,0.005174387930840817,0
2023-10-31,S003,P0009,1,0.9991409702860109,1
2023-11-01,S003,P0009,0,0.011541347133923454,0
2023-11-02,S003,P0009,1,0.9759759459306808,1
2023-11-03,S003,P0009,0,0.005705834535313294,0
2023-11-04,S003,P0009,1,0.9992264703951392,1
2023-11-05,S003,P0009,1,0.9995336438537693,1
2023-11-06,S003,P0009,0,0.012114798144908543,0
2023-11-07,S003,P0009,0,0.006332965660889074,0
2023-11-08,S003,P0009,1,0.9947728563318157,1
2023-11-09,S003,P0009,1,0.9989879414946791,1
2023-11-10,S003,P0009,0,0.03726397141337737,0
2023-11-11,S003,P0009,1,0.9924598180150034,1
2023-11-12,S003,P0009,0,4.951611519221577e-05,0
2023-11-13,S003,P0009,0,0.029146427470201398,0
2023-11-14,S003,P0009,1,0.9975732367471043,1
2023-11-15,S003,P0009,0,0.09666482030690413,0
2023-11-16,S003,P0009,0,0.0,0
2023-11-17,S003,P0009,0,0.0012695364653487417,0
2023-11-18,S003,P0009,1,0.9990903724822179,1
2023-11-19,S003,P0009,1,0.99228207515929,1
2023-11-20,S003,P0009,0,0.0008404696044095594,0
2023-11-21,S003,P0009,1,0.9947292504552065,1
2023-11-22,S003,P0009,1,0.9989707192948895,1
2023-11-23,S003,P0009,1,0.9980001261945545,1
2023-11-24,S003,P0009,0,0.0004711730388746456,0
2023-11-25,S003,P0009,1,0.9997265412141708,1
2023-11-26,S003,P0009,0,0.0059937399337353005,0
2023-11-27,S003,P0009,1,0.9988222606050131,1
2023-11-28,S003,P0009,1,0.9934655806957768,1
2023-11-29,S003,P0009,1,0.9498044731584456,1
2023-11-30,S003,P0009,0,0.00040568172248544123,0
2023-12-01,S003,P0009,1,0.9831326814670522,1
2023-12-02,S003,P0009,0,0.036392198045674166,0
2023-12-03,S003,P0009,1,0.9934767354044787,1
2023-12-04,S003,P0009,0,0.00023742327333545866,0
2023-12-05,S003,P0009,1,0.9868319086522201,1
2023-12-06,S003,P0009,1,0.9993760431649368,1
2023-12-07,S003,P0009,0,0.0,0
2023-12-08,S003,P0009,1,0.9991960882410182,1
2023-12-09,S003,P0009,0,0.0007473483679725415,0
2023-12-10,S003,P0009,1,0.9947782821354632,1
2023-12-11,S003,P0009,0,0.09031241146769593,0
2023-12-12,S003,P0009,0,0.041379359624394575,0
2023-12-13,S003,P0009,1,0.988373045207758,1
2023-12-14,S003,P0009,0,0.014439073960138233,0
2023-12-15,S003,P0009,1,0.9997859662394315,1
2023-12-16,S003,P0009,0,0.0034140049664401987,0
2023-12-17,S003,P0009,1,0.999826468232496,1
2023-12-18,S003,P0009,0,0.0830216424529911,0
2023-12-19,S003,P0009,0,0.0,0
2023-12-20,S003,P0009,1,0.9963770551510817,1
2023-12-21,S003,P0009,1,0.9940225942638016,1
2023-12-22,S003,P0009,0,0.005857313158199676,0
2023-12-23,S003,P0009,1,0.9991884525523179,1
2023-12-24,S003,P0009,0,0.050597494966347405,0
2023-12-25,S003,P0009,0,0.0019246623022253604,0
2023-12-26,S003,P0009,1,0.9993423698572964,1
2023-12-27,S003,P0009,0,0.0030796186629343508,0
2023-12-28,S003,P0009,0,0.0013189975028266667,0
2023-12-29,S003,P0009,1,0.9825416666389221,1
2023-12-30,S003,P0009,0,0.03280766021551805,0
2023-12-31,S003,P0009,0,0.001061862897569881,0
2024-01-01,S003,P0009,1,0.9971100681665466,1
2024-01-02,S003,P0009,0,0.0036512126892299436,0
2024-01-03,S003,P0009,0,0.0062445924682409636,0
2024-01-04,S003,P0009,0,0.0015419616332621759,0
2024-01-05,S003,P0009,1,0.9869162063484298,1
2024-01-06,S003,P0009,0,0.03432757094244831,0
2024-01-07,S003,P0009,0,0.0003157437973339719,0
2024-01-08,S003,P0009,0,0.0006586889713715606,0
2024-01-09,S003,P0009,1,0.9946880822370224,1
2024-01-10,S003,P0009,0,0.00170658180620914,0
2024-01-11,S003,P0009,1,0.9986084145030323,1
2024-01-12,S003,P0009,0,0.004692421446717948,0
2024-01-13,S003,P0009,1,0.9998534154570075,1
2024-01-14,S003,P0009,0,0.03541020646378386,0
2024-01-15,S003,P0009,1,0.9996067794334063,1
2024-01-16,S003,P0009,0,0.027628797716527976,0
2024-01-17,S003,P0009,1,0.9779913833252328,1
2024-01-18,S003,P0009,0,0.00039535739794097676,0
2024-01-19,S003,P0009,0,0.0003734107139154529,0
2024-01-20,S003,P0009,1,0.9991931198712549,1
2024-01-21,S003,P0009,1,0.999758067966515,1
2024-01-22,S003,P0009,0,0.028518759787177085,0
2024-01-23,S003,P0009,1,0.9987418400519568,1
2024-01-24,S003,P0009,1,0.9973278181393711,1
2024-01-25,S003,P0009,1,0.9928491779590649,1
2024-01-26,S003,P0009,0,8.674000935154948e-05,0
2024-01-27,S003,P0009,1,0.9991203820514971,1
2024-01-28,S003,P0009,0,0.02926408383793159,0
2024-01-29,S003,P0009,1,0.9996692454178023,1
2024-01-30,S003,P0009,1,0.9943380512938478,1
2023-10-13,S003,P0010,0,0.00039816264521629703,0
2023-10-14,S003,P0010,0,0.0,0
2023-10-15,S003,P0010,0,0.01238801047404755,0
2023-10-16,S003,P0010,1,0.9941019832009184,1
2023-10-17,S003,P0010,0,0.00041680091951850235,0
2023-10-18,S003,P0010,0,0.005319084501350245,0
2023-10-19,S003,P0010,1,0.9657762828872439,1
2023-10-20,S003,P0010,0,0.016372339629910342,0
2023-10-21,S003,P0010,0,0.008723555985245518,0
2023-10-22,S003,P0010,0,0.06443404452822307,0
2023-10-23,S003,P0010,0,3.910423441168238e-05,0
2023-10-24,S003,P0010,0,0.00045319777268242387,0
2023-10-25,S003,P0010,1,0.9997157323247683,1
2023-10-26,S003,P0010,1,0.9762722472525787,1
2023-10-27,S003,P0010,0,0.03237465756669167,0
2023-10-28,S003,P0010,1,0.9972110198695424,1
2023-10-29,S003,P0010,1,0.9675473621541422,1
2023-10-30,S003,P0010,1,0.9860686067920078,1
2023-10-31,S003,P0010,0,0.0029935842015298003,0
2023-11-01,S003,P0010,0,0.00017441803595527307,0
2023-11-02,S003,P0010,1,0.9947505624040629,1
2023-11-03,S003,P0010,1,0.9752195097700525,1
2023-11-04,S003,P0010,1,0.9962908061300385,1
2023-11-05,S003,P0010,0,0.0,0
2023-11-06,S003,P0010,0,1.6767282727573657e-05,0
2023-11-07,S003,P0010,0,0.0019136355594192894,0
2023-11-08,S003,P0010,1,0.9999691554074933,1
2023-11-09,S003,P0010,0,0.0009404743211198669,0
2023-11-10,S003,P0010,1,0.9995688253789978,1
2023-11-11,S003,P0010,1,0.9987365650311866,1
2023-11-12,S003,P0010,0,0.0002734588155191507,0
2023-11-13,S003,P0010,1,0.999698026811195,1
2023-11-14,S003,P0010,0,0.006642913446207579,0
2023-11-15,S003,P0010,1,0.9946545495281288,1
2023-11-16,S003,P0010,0,0.045786904893642406,0
2023-11-17,S003,P0010,0,0.05768625066029275,0
2023-11-18,S003,P0010,1,0.999903896740037,1
2023-11-19,S003,P0010,1,0.9535937410020828,1
2023-11-20,S003,P0010,0,0.0006960428852692324,0
2023-11-21,S003,P0010,1,0.9378451778031538,1
2023-11-22,S003,P0010,1,0.9966125453289638,1
2023-11-23,S003,P0010,0,0.0018288985757127074,0
2023-11-24,S003,P0010,1,0.9731290057310141,1
2023-11-25,S003,P0010,1,0.9995985354311827,1
2023-11-26,S003,P0010,0,0.00047944926460659343,0
2023-11-27,S003,P0010,1,0.9995005208846821,1
2023-11-28,S003,P0010,0,0.010190002590226904,0
2023-11-29,S003,P0010,0,0.0,0
2023-11-30,S003,P0010,0,0.007112910465756809,0
2023-12-01,S003,P0010,1,0.9902385966047943,1
2023-12-02,S003,P0010,0,5.5741164787480645e-05,0
2023-12-03,S003,P0010,1,0.9713708346039547,1
2023-12-04,S003,P0010,1,0.9954907926620978,1
2023-12-05,S003,P0010,0,0.0019492672919753677,0
2023-12-06,S003,P0010,1,0.9993051489510034,1
2023-12-07,S003,P0010,0,1.3151999304208986e-05,0
2023-12-08,S003,P0010,1,0.9998515163044215,1
2023-12-09,S003,P0010,0,0.0045543730742082945,0
2023-12-10,S003,P0010,0,0.09574064604148771,0
2023-12-11,S003,P0010,0,0.010882623134052947,0
2023-12-12,S003,P0010,0,0.057628269651727404,0
2023-12-13,S003,P0010,0,0.0102725699784822,0
2023-12-14,S003,P0010,0,0.00038077087989878274,0
2023-12-15,S003,P0010,0,0.004056744633207951,0
2023-12-16,S003,P0010,0,0.002634387306230224,0
2023-12-17,S003,P0010,1,0.9968762268532113,1
2023-12-18,S003,P0010,0,0.004292192702060078,0
2023-12-19,S003,P0010,0,0.0005485139013262446,0
2023-12-20,S003,P0010,1,0.9707507530822833,1
2023-12-21,S003,P0010,0,0.04312726522653935,0
2023-12-22,S003,P0010,0,0.0019325948173220182,0
2023-12-23,S003,P0010,0,0.002449427675616707,0
2023-12-24,S003,P0010,1,0.9998291776672518,1
2023-12-25,S003,P0010,0,0.000579089918822559,0
2023-12-26,S003,P0010,0,0.015294105384372756,0
2023-12-27,S003,P0010,0,0.0,0
2023-12-28,S003,P0010,0,0.03917646088186259,0
2023-12-29,S003,P0010,0,0.0010331643191045002,0
2023-12-30,S003,P0010,0,0.004754986671570935,0
2023-12-31,S003,P0010,0,0.0015131730852142621,0
2024-01-01,S003,P0010,0,5.122548784720817e-06,0
2024-01-02,S003,P0010,0,0.03642894064659562,0
2024-01-03,S003,P0010,0,0.01317724786521978,0
2024-01-04,S003,P0010,0,0.0036476922532863608,0
2024-01-05,S003,P0010,1,0.9894581507503311,1
2024-01-06,S003,P0010,0,0.0,0
2024-01-07,S003,P0010,0,0.016002541793880814,0
2024-01-08,S003,P0010,0,0.00046247413911091093,0
2024-01-09,S003,P0010,1,0.9996633056783716,1
2024-01-10,S003,P0010,1,0.9168113868470286,1
2024-01-11,S003,P0010,0,0.0,0
2024-01-12,S003,P0010,0,0.06059757682241539,0
2024-01-13,S003,P0010,0,0.019096145036641653,0
2024-01-14,S003,P0010,0,0.08426736378874698,0
2024-01-15,S003,P0010,0,0.013126402477857681,0
2024-01-16,S003,P0010,0,0.009843019414926553,0
2024-01-17,S003,P0010,0,0.00021258917634340817,0
2024-01-18,S003,P0010,0,0.000703051047784408,0
2024-01-19,S003,P0010,0,0.001098408445725385,0
2024-01-20,S003,P0010,0,0.0322752239329357,0
2024-01-21,S003,P0010,0,0.07173228068364568,0
2024-01-22,S003,P0010,0,0.029382164783197644,0
2024-01-23,S003,P0010,0,0.001613285026144532,0
2024-01-24,S003,P0010,1,0.979645922677027,1
2024-01-25,S003,P0010,0,0.0,0
2024-01-26,S003,P0010,0,0.0015003052999608003,0
2024-01-27,S003,P0010,1,0.9682807238606499,1
2024-01-28,S003,P0010,0,0.006402936130276518,0
2024-01-29,S003,P0010,0,0.012895236703982689,0
2024-01-30,S003,P0010,1,0.9982872399811843,1
2023-10-13,S003,P0011,0,5.122548784720817e-06,0
2023-10-14,S003,P0011,0,1.6767282727573657e-05,0
2023-10-15,S003,P0011,0,0.0003682881651307321,0
2023-10-16,S003,P0011,0,0.0002264422490765848,0
2023-10-17,S003,P0011,0,0.023698162808942973,0
2023-10-18,S003,P0011,1,0.9990622445266945,1
2023-10-19,S003,P0011,0,0.00015677683353366737,0
2023-10-20,S003,P0011,0,1.6767282727573657e-05,0
2023-10-21,S003,P0011,0,0.006085910805593026,0
2023-10-22,S003,P0011,1,0.9980991185220307,1
2023-10-23,S003,P0011,0,0.00021135922091808186,0
2023-10-24,S003,P0011,0,1.164473394285284e-05,0
2023-10-25,S003,P0011,1,0.9780757260483216,1
2023-10-26,S003,P0011,1,0.999266743599901,1
2023-10-27,S003,P0011,0,5.122548784720817e-06,0
2023-10-28,S003,P0011,0,1.6767282727573657e-05,0
2023-10-29,S003,P0011,0,0.0,0
2023-10-30,S003,P0011,0,0.0,0
2023-10-31,S003,P0011,1,0.9998384119201169,1
2023-11-01,S003,P0011,0,0.0006453490302100768,0
2023-11-02,S003,P0011,0,6.231635099548019e-05,0
2023-11-03,S003,P0011,0,0.0,0
2023-11-04,S003,P0011,1,0.9991174848231953,1
2023-11-05,S003,P0011,0,0.013419256004251874,0
2023-11-06,S003,P0011,0,6.773780453002884e-05,0
2023-11-07,S003,P0011,0,4.951611519221577e-05,0
2023-11-08,S003,P0011,0,2.5952235107473395e-05,0
2023-11-09,S003,P0011,0,7.546835029968916e-05,0
2023-11-10,S003,P0011,0,0.0,0
2023-11-11,S003,P0011,1,0.9337281810493178,1
2023-11-12,S003,P0011,0,0.0,0
2023-11-13,S003,P0011,0,5.122548784720817e-06,0
2023-11-14,S003,P0011,0,0.03330930008860703,0
2023-11-15,S003,P0011,1,0.9999122681711782,1
2023-11-16,S003,P0011,0,2.8536515574327032e-05,0
2023-11-17,S003,P0011,1,0.9975913536214114,1
2023-11-18,S003,P0011,0,0.0075111132437691895,0
2023-11-19,S003,P0011,0,4.0665778180178686e-05,0
2023-11-20,S003,P0011,0,0.0,0
2023-11-21,S003,P0011,0,9.989693188438528e-05,0
2023-11-22,S003,P0011,0,0.01152399766204313,0
2023-11-23,S003,P0011,0,0.0,0
2023-11-24,S003,P0011,0,0.00019543193254472184,0
2023-11-25,S003,P0011,0,1.3151999304208986e-05,0
2023-11-26,S003,P0011,0,0.00011369086626148068,0
2023-11-27,S003,P0011,0,0.028891442964910127,0
2023-11-28,S003,P0011,0,2.5952235107473395e-05,0
2023-11-29,S003,P0011,0,0.0015113429048281357,0
2023-11-30,S003,P0011,1,0.9955169950111611,1
2023-12-01,S003,P0011,0,0.00014222738183580772,0
2023-12-02,S003,P0011,0,1.3151999304208986e-05,0
2023-12-03,S003,P0011,0,2.902104423732585e-05,0
2023-12-04,S003,P0011,0,0.0,0
2023-12-05,S003,P0011,0,5.122548784720817e-06,0
2023-12-06,S003,P0011,0,0.022185438291085022,0
2023-12-07,S003,P0011,1,0.9999005189618682,1
2023-12-08,S003,P0011,0,0.0,0
2023-12-09,S003,P0011,0,5.3899723596192384e-05,0
2023-12-10,S003,P0011,0,4.0665778180178686e-05,0
2023-12-11,S003,P0011,0,0.027948244791964026,0
2023-12-12,S003,P0011,1,0.9992966233761631,1
2023-12-13,S003,P0011,0,5.122548784720817e-06,0
2023-12-14,S003,P0011,0,0.09289665081514471,0
2023-12-15,S003,P0011,1,0.998918953246974,1
2023-12-16,S003,P0011,0,0.0,0
2023-12-17,S003,P0011,0,1.164473394285284e-05,0
2023-12-18,S003,P0011,0,0.0017045079801153188,0
2023-12-19,S003,P0011,1,0.9973475336395843,1
2023-12-20,S003,P0011,0,2.8536515574327032e-05,0
2023-12-21,S003,P0011,1,0.9971418185506703,1
2023-12-22,S003,P0011,0,0.00013900116629606766,0
2023-12-23,S003,P0011,0,0.02177487712930409,0
2023-12-24,S003,P0011,1,0.999767406898597,1
2023-12-25,S003,P0011,0,0.0,0
2023-12-26,S003,P0011,1,0.9866261009777817,1
2023-12-27,S003,P0011,0,7.546835029968916e-05,0
2023-12-28,S003,P0011,0,5.122548784720817e-06,0
2023-12-29,S003,P0011,0,0.005013454263660232,0
2023-12-30,S003,P0011,0,0.004575481666278047,0
2023-12-31,S003,P0011,0,2.902104423732585e-05,0
2024-01-01,S003,P0011,0,6.482748495385612e-05,0
2024-01-02,S003,P0011,0,5.122548784720817e-06,0
2024-01-03,S003,P0011,0,0.00015165428474894657,0
2024-01-04,S003,P0011,0,0.004314841660968774,0
2024-01-05,S003,P0011,0,0.034065406553758504,0
2024-01-06,S003,P0011,0,0.05817709266306701,0
2024-01-07,S003,P0011,1,0.9887974178293724,1
2024-01-08,S003,P0011,0,0.0006479765440723125,0
2024-01-09,S003,P0011,0,0.0009565939326617398,0
2024-01-10,S003,P0011,0,1.3454263660232394e-05,0
2024-01-11,S003,P0011,1,0.9936080853978959,1
2024-01-12,S003,P0011,0,0.05050874284099141,0
2024-01-13,S003,P0011,0,0.0016438730905964974,0
2024-01-14,S003,P0011,0,1.164473394285284e-05,0
2024-01-15,S003,P0011,0,0.0015519237420166861,0
2024-01-16,S003,P0011,0,0.00031373993737414814,0
2024-01-17,S003,P0011,1,0.9886528561214127,1
2024-01-18,S003,P0011,1,0.9946913358710685,1
2024-01-19,S003,P0011,0,0.0,0
2024-01-20,S003,P0011,0,3.865509901105446e-05,0
2024-01-21,S003,P0011,0,0.0,0
2024-01-22,S003,P0011,0,1.6767282727573657e-05,0
2024-01-23,S003,P0011,0,0.0,0
2024-01-24,S003,P0011,0,0.0,0
2024-01-25,S003,P0011,1,0.9989282001845645,1
2024-01-26,S003,P0011,0,0.018659034292247932,0
2024-01-27,S003,P0011,0,0.0,0
2024-01-28,S003,P0011,0,0.001116642160822947,0
2024-01-29,S003,P0011,0,0.00014222738183580772,0
2024-01-30,S003,P0011,0,0.05048901271978778,0
2023-10-13,S003,P0012,0,0.0,0
2023-10-14,S003,P0012,0,0.00030200589672664166,0
2023-10-15,S003,P0012,0,0.0,0
2023-10-16,S003,P0012,0,1.3454263660232394e-05,0
2023-10-17,S003,P0012,0,1.3454263660232394e-05,0
2023-10-18,S003,P0012,0,0.0,0
2023-10-19,S003,P0012,0,7.69948015300162e-05,0
2023-10-20,S003,P0012,0,0.00029036116278378883,0
2023-10-21,S003,P0012,0,0.00029036116278378883,0
2023-10-22,S003,P0012,0,0.0,0
2023-10-23,S003,P0012,0,7.69948015300162e-05,0
2023-10-24,S003,P0012,0,0.0,0
2023-10-25,S003,P0012,0,9.04134321610054e-05,0
2023-10-26,S003,P0012,1,0.9920374497392096,1
2023-10-27,S003,P0012,0,3.107478389219421e-05,0
2023-10-28,S003,P0012,0,1.6767282727573657e-05,0
2023-10-29,S003,P0012,0,1.164473394285284e-05,0
2023-10-30,S003,P0012,0,0.0,0
2023-10-31,S003,P0012,0,0.05028602173433677,0
2023-11-01,S003,P0012,0,1.3151999304208986e-05,0
2023-11-02,S003,P0012,0,1.164473394285284e-05,0
2023-11-03,S003,P0012,0,1.164473394285284e-05,0
2023-11-04,S003,P0012,0,0.0,0
2023-11-05,S003,P0012,0,0.0006199805259350482,0
2023-11-06,S003,P0012,0,5.122548784720817e-06,0
2023-11-07,S003,P0012,0,1.164473394285284e-05,0
2023-11-08,S003,P0012,0,0.0006479765440723125,0
2023-11-09,S003,P0012,0,6.0042010313652403e-05,0
2023-11-10,S003,P0012,1,0.9945719576989144,1
2023-11-11,S003,P0012,0,0.00036865939890307964,0
2023-11-12,S003,P0012,0,0.02814622214696408,0
2023-11-13,S003,P0012,0,0.00032207165224965966,0
2023-11-14,S003,P0012,0,0.00025271140693347696,0
2023-11-15,S003,P0012,0,1.164473394285284e-05,0
2023-11-16,S003,P0012,0,0.0003086173885894273,0
2023-11-17,S003,P0012,0,0.03045796505449262,0
2023-11-18,S003,P0012,0,0.04722021441321687,0
2023-11-19,S003,P0012,1,0.9993555498841021,1
2023-11-20,S003,P0012,0,3.7596969050326233e-05,0
2023-11-21,S003,P0012,0,0.0,0
2023-11-22,S003,P0012,0,0.0003709337395849074,0
2023-11-23,S003,P0012,0,0.0002398026031200692,0
2023-11-24,S003,P0012,0,0.09817882203642596,0
2023-11-25,S003,P0012,0,3.910423441168238e-05,0
2023-11-26,S003,P0012,0,0.000279003892075771,0
2023-11-27,S003,P0012,0,0.005953331475921645,0
2023-11-28,S003,P0012,0,1.164473394285284e-05,0
2023-11-29,S003,P0012,0,2.8536515574327032e-05,0
2023-11-30,S003,P0012,0,0.0007830852246894107,0
2023-12-01,S003,P0012,0,0.0006596212780151652,0
2023-12-02,S003,P0012,0,2.8536515574327032e-05,0
2023-12-03,S003,P0012,0,0.0011207491161286636,0
2023-12-04,S003,P0012,0,5.122548784720817e-06,0
2023-12-05,S003,P0012,0,5.122548784720817e-06,0
2023-12-06,S003,P0012,0,0.000664743826799886,0
2023-12-07,S003,P0012,0,0.0,0
2023-12-08,S003,P0012,0,0.0034151897818256267,0
2023-12-09,S003,P0012,0,7.528663489879033e-05,0
2023-12-10,S003,P0012,0,0.001154470888547129,0
2023-12-11,S003,P0012,0,0.00021135922091808186,0
2023-12-12,S003,P0012,0,0.0,0
2023-12-13,S003,P0012,0,0.00032026212253228014,0
2023-12-14,S003,P0012,0,0.0003086173885894273,0
2023-12-15,S003,P0012,0,0.04802164422083763,0
2023-12-16,S003,P0012,0,0.0003217693878936362,0
2023-12-17,S003,P0012,0,0.0,0
2023-12-18,S003,P0012,0,0.0004034627877885903,0
2023-12-19,S003,P0012,0,0.0,0
2023-12-20,S003,P0012,0,0.0006596212780151652,0
2023-12-21,S003,P0012,0,0.0006479765440723125,0
2023-12-22,S003,P0012,0,0.0,0
2023-12-23,S003,P0012,0,0.013583992018003725,0
2023-12-24,S003,P0012,0,0.0006596212780151652,0
2023-12-25,S003,P0012,0,0.00011974694648278771,0
2023-12-26,S003,P0012,0,0.005322071652249659,0
2023-12-27,S003,P0012,0,7.546835029968916e-05,0
2023-12-28,S003,P0012,0,0.0006479765440723125,0
2023-12-29,S003,P0012,0,0.0006479765440723125,0
2023-12-30,S003,P0012,0,0.0006479765440723125,0
2023-12-31,S003,P0012,0,0.0006479765440723125,0
2024-01-01,S003,P0012,0,0.0,0
2024-01-02,S003,P0012,0,0.0006479765440723125,0
2024-01-03,S003,P0012,0,0.0,0
2024-01-04,S003,P0012,0,0.0,0
2024-01-05,S003,P0012,0,0.0,0
2024-01-06,S003,P0012,0,0.0,0
2024-01-07,S003,P0012,0,0.00029036116278378883,0
2024-01-08,S003,P0012,0,0.0,0
2024-01-09,S003,P0012,0,0.0235985756214543,0
2024-01-10,S003,P0012,1,0.9992986580785437,1
2024-01-11,S003,P0012,0,0.0016489956393812182,0
2024-01-12,S003,P0012,0,0.0014922188058475508,0
2024-01-13,S003,P0012,0,0.004550254929548614,0
2024-01-14,S003,P0012,0,4.0665778180178686e-05,0
2024-01-15,S003,P0012,0,0.0,0
2024-01-16,S003,P0012,0,0.0005281971326980981,0
2024-01-17,S003,P0012,0,0.00012594129830725126,0
2024-01-18,S003,P0012,0,9.92432992693542e-05,0
2024-01-19,S003,P0012,0,0.0015443745089650292,0
2024-01-20,S003,P0012,0,0.003981712528283601,0
2024-01-21,S003,P0012,1,0.9888412052346862,1
2024-01-22,S003,P0012,0,2.5952235107473395e-05,0
2024-01-23,S003,P0012,0,0.0004750991760103766,0
2024-01-24,S003,P0012,0,0.005828917985127374,0
2024-01-25,S003,P0012,0,0.00012594129830725126,0
2024-01-26,S003,P0012,0,0.0,0
2024-01-27,S003,P0012,0,0.00804213492017777,0
2024-01-28,S003,P0012,0,0.0,0
2024-01-29,S003,P0012,0,0.0028607756560785126,0
2024-01-30,S003,P0012,0,0.0006479765440723125,0
2023-10-13,S003,P0013,0,0.008293250009203706,0
2023-10-14,S003,P0013,0,0.0,0
2023-10-15,S003,P0013,0,1.3151999304208986e-05,0
2023-10-16,S003,P0013,0,5.97049361691353e-05,0
2023-10-17,S003,P0013,0,0.0,0
2023-10-18,S003,P0013,0,0.0,0
2023-10-19,S003,P0013,0,0.0,0
2023-10-20,S003,P0013,0,0.0,0
2023-10-21,S003,P0013,0,3.910423441168238e-05,0
2023-10-22,S003,P0013,0,0.003983910924251047,0
2023-10-23,S003,P0013,1,0.9941496482636083,1
2023-10-24,S003,P0013,0,5.122548784720817e-06,0
2023-10-25,S003,P0013,0,5.444591354083973e-05,0
2023-10-26,S003,P0013,0,0.0,0
2023-10-27,S003,P0013,0,1.6767282727573657e-05,0
2023-10-28,S003,P0013,1,0.998975899525803,1
2023-10-29,S003,P0013,0,0.0,0
2023-10-30,S003,P0013,0,0.0,0
2023-10-31,S003,P0013,0,0.0,0
2023-11-01,S003,P0013,0,1.5244624585137928e-05,0
2023-11-02,S003,P0013,0,0.0,0
2023-11-03,S003,P0013,0,1.3151999304208986e-05,0
2023-11-04,S003,P0013,0,0.0,0
2023-11-05,S003,P0013,0,1.5244624585137928e-05,0
2023-11-06,S003,P0013,0,2.8536515574327032e-05,0
2023-11-07,S003,P0013,0,3.910423441168238e-05,0
2023-11-08,S003,P0013,0,0.00020805700030249736,0
2023-11-09,S003,P0013,0,0.002280319621856584,0
2023-11-10,S003,P0013,0,5.122548784720817e-06,0
2023-11-11,S003,P0013,0,1.6767282727573657e-05,0
2023-11-12,S003,P0013,0,2.902104423732585e-05,0
2023-11-13,S003,P0013,0,5.122548784720817e-06,0
2023-11-14,S003,P0013,0,2.8536515574327032e-05,0
2023-11-15,S003,P0013,0,6.231635099548019e-05,0
2023-11-16,S003,P0013,1,0.9622067672527385,1
2023-11-17,S003,P0013,1,0.9996786789353928,1
2023-11-18,S003,P0013,0,5.122548784720817e-06,0
2023-11-19,S003,P0013,0,0.0,0
2023-11-20,S003,P0013,0,5.3899723596192384e-05,0
2023-11-21,S003,P0013,0,0.0001835704549976667,0
2023-11-22,S003,P0013,0,0.0,0
2023-11-23,S003,P0013,0,0.0001835704549976667,0
2023-11-24,S003,P0013,0,1.3151999304208986e-05,0
2023-11-25,S003,P0013,0,5.128016676882999e-05,0
2023-11-26,S003,P0013,0,0.0,0
2023-11-27,S003,P0013,0,2.8536515574327032e-05,0
2023-11-28,S003,P0013,0,1.3151999304208986e-05,0
2023-11-29,S003,P0013,1,0.9764287568572221,1
2023-11-30,S003,P0013,1,0.9998992378991803,1
2023-12-01,S003,P0013,0,2.8396623889346913e-05,0
2023-12-02,S003,P0013,0,2.8396623889346913e-05,0
2023-12-03,S003,P0013,0,3.910423441168238e-05,0
2023-12-04,S003,P0013,0,1.3151999304208986e-05,0
2023-12-05,S003,P0013,0,1.3151999304208986e-05,0
2023-12-06,S003,P0013,0,1.3151999304208986e-05,0
2023-12-07,S003,P0013,0,2.8536515574327032e-05,0
2023-12-08,S003,P0013,0,3.910423441168238e-05,0
2023-12-09,S003,P0013,0,3.910423441168238e-05,0
2023-12-10,S003,P0013,0,2.5952235107473395e-05,0
2023-12-11,S003,P0013,0,1.3151999304208986e-05,0
2023-12-12,S003,P0013,0,2.8536515574327032e-05,0
2023-12-13,S003,P0013,0,2.8396623889346913e-05,0
2023-12-14,S003,P0013,0,3.910423441168238e-05,0
2023-12-15,S003,P0013,0,2.5952235107473395e-05,0
2023-12-16,S003,P0013,0,2.5952235107473395e-05,0
2023-12-17,S003,P0013,0,2.8396623889346913e-05,0
2023-12-18,S003,P0013,0,1.3151999304208986e-05,0
2023-12-19,S003,P0013,0,0.00014222738183580772,0
2023-12-20,S003,P0013,0,2.8396623889346913e-05,0
2023-12-21,S003,P0013,0,5.122548784720817e-06,0
2023-12-22,S003,P0013,0,0.0,0
2023-12-23,S003,P0013,0,0.0,0
2023-12-24,S003,P0013,0,2.8536515574327032e-05,0
2023-12-25,S003,P0013,0,0.0,0
2023-12-26,S003,P0013,0,0.0,0
2023-12-27,S003,P0013,0,0.0001050194806691061,0
2023-12-28,S003,P0013,0,1.6767282727573657e-05,0
2023-12-29,S003,P0013,0,5.122548784720817e-06,0
2023-12-30,S003,P0013,0,5.122548784720817e-06,0
2023-12-31,S003,P0013,0,4.0665778180178686e-05,0
2024-01-01,S003,P0013,0,6.231635099548019e-05,0
2024-01-02,S003,P0013,0,0.00015165428474894657,0
2024-01-03,S003,P0013,0,1.164473394285284e-05,0
2024-01-04,S003,P0013,0,0.0,0
2024-01-05,S003,P0013,0,0.00015165428474894657,0
2024-01-06,S003,P0013,0,2.5952235107473395e-05,0
2024-01-07,S003,P0013,1,0.9961761630638706,1
2024-01-08,S003,P0013,0,0.00011269224445902287,0
2024-01-09,S003,P0013,0,1.164473394285284e-05,0
2024-01-10,S003,P0013,0,0.0004433450486422738,0
2024-01-11,S003,P0013,0,0.00011269224445902287,0
2024-01-12,S003,P0013,0,1.6767282727573657e-05,0
2024-01-13,S003,P0013,0,5.122548784720817e-06,0
2024-01-14,S003,P0013,0,0.0,0
2024-01-15,S003,P0013,0,8.674000935154948e-05,0
2024-01-16,S003,P0013,0,5.444591354083973e-05,0
2024-01-17,S003,P0013,1,0.9769575462119446,1
2024-01-18,S003,P0013,0,0.00011269224445902287,0
2024-01-19,S003,P0013,0,2.8536515574327032e-05,0
2024-01-20,S003,P0013,0,0.033925751450338104,0
2024-01-21,S003,P0013,1,0.9996801263470853,1
2024-01-22,S003,P0013,1,0.9996836022066744,1
2024-01-23,S003,P0013,0,0.00010198463393668741,0
2024-01-24,S003,P0013,0,1.6767282727573657e-05,0
2024-01-25,S003,P0013,0,1.6767282727573657e-05,0
2024-01-26,S003,P0013,0,0.0,0
2024-01-27,S003,P0013,0,5.122548784720817e-06,0
2024-01-28,S003,P0013,0,0.0,0
2024-01-29,S003,P0013,0,0.0,0
2024-01-30,S003,P0013,0,0.0,0
2023-10-13,S003,P0014,0,0.0,0
2023-10-14,S003,P0014,0,0.00605506443435198,0
2023-10-15,S003,P0014,1,0.9940893749044841,1
2023-10-16,S003,P0014,0,6.231635099548019e-05,0
2023-10-17,S003,P0014,0,0.0,0
2023-10-18,S003,P0014,0,0.001089602443620276,0
2023-10-19,S003,P0014,1,0.9891731680911511,1
2023-10-20,S003,P0014,0,0.000664743826799886,0
2023-10-21,S003,P0014,0,0.0006959853939031721,0
2023-10-22,S003,P0014,0,0.0006479765440723125,0
2023-10-23,S003,P0014,0,0.0,0
2023-10-24,S003,P0014,0,6.231635099548019e-05,0
2023-10-25,S003,P0014,0,0.01616495854421197,0
2023-10-26,S003,P0014,0,1.3151999304208986e-05,0
2023-10-27,S003,P0014,0,5.122548784720817e-06,0
2023-10-28,S003,P0014,0,0.0,0
2023-10-29,S003,P0014,0,0.0,0
2023-10-30,S003,P0014,0,5.122548784720817e-06,0
2023-10-31,S003,P0014,0,0.0,0
2023-11-01,S003,P0014,0,0.005153943294806234,0
2023-11-02,S003,P0014,0,0.012635986979893732,0
2023-11-03,S003,P0014,0,0.0003016921895202796,0
2023-11-04,S003,P0014,0,3.92012889557018e-05,0
2023-11-05,S003,P0014,0,0.00016832583041252874,0
2023-11-06,S003,P0014,0,0.0,0
2023-11-07,S003,P0014,0,1.6767282727573657e-05,0
2023-11-08,S003,P0014,0,6.71916145853815e-05,0
2023-11-09,S003,P0014,0,0.0,0
2023-11-10,S003,P0014,0,5.3899723596192384e-05,0
2023-11-11,S003,P0014,0,3.865509901105446e-05,0
2023-11-12,S003,P0014,0,6.71916145853815e-05,0
2023-11-13,S003,P0014,0,0.0,0
2023-11-14,S003,P0014,0,0.017554077748433518,0
2023-11-15,S003,P0014,0,1.3151999304208986e-05,0
2023-11-16,S003,P0014,0,1.3151999304208986e-05,0
2023-11-17,S003,P0014,0,2.8536515574327032e-05,0
2023-11-18,S003,P0014,0,0.0,0
2023-11-19,S003,P0014,0,0.0001447589504061979,0
2023-11-20,S003,P0014,0,5.122548784720817e-06,0
2023-11-21,S003,P0014,0,2.8536515574327032e-05,0
2023-11-22,S003,P0014,0,6.231635099548019e-05,0
2023-11-23,S003,P0014,0,0.0009707187496439615,0
2023-11-24,S003,P0014,0,1.3151999304208986e-05,0
2023-11-25,S003,P0014,0,0.0003217693878936362,0
2023-11-26,S003,P0014,0,0.00014222738183580772,0
2023-11-27,S003,P0014,0,1.3151999304208986e-05,0
2023-11-28,S003,P0014,0,0.0038748876465229225,0
2023-11-29,S003,P0014,0,7.546835029968916e-05,0
2023-11-30,S003,P0014,0,2.8536515574327032e-05,0
2023-12-01,S003,P0014,0,0.0035662702579334956,0
2023-12-02,S003,P0014,1,0.999853368040635,1
2023-12-03,S003,P0014,0,1.3151999304208986e-05,0
2023-12-04,S003,P0014,0,0.016204910277449868,0
2023-12-05,S003,P0014,0,2.8536515574327032e-05,0
2023-12-06,S003,P0014,0,3.910423441168238e-05,0
2023-12-07,S003,P0014,0,0.005595486071719108,0
2023-12-08,S003,P0014,0,5.122548784720817e-06,0
2023-12-09,S003,P0014,0,0.0001961271054320001,0
2023-12-10,S003,P0014,0,3.865509901105446e-05,0
2023-12-11,S003,P0014,1,0.9908774058866068,1
2023-12-12,S003,P0014,0,3.865509901105446e-05,0
2023-12-13,S003,P0014,0,0.000765695975405313,0
2023-12-14,S003,P0014,0,4.377764779577528e-05,0
2023-12-15,S003,P0014,0,0.0,0
2023-12-16,S003,P0014,0,0.00014222738183580772,0
2023-12-17,S003,P0014,0,1.3151999304208986e-05,0
2023-12-18,S003,P0014,0,0.00017441803595527307,0
2023-12-19,S003,P0014,0,6.231635099548019e-05,0
2023-12-20,S003,P0014,0,2.8536515574327032e-05,0
2023-12-21,S003,P0014,0,0.004630624088209618,0
2023-12-22,S003,P0014,1,0.9994177789965352,1
2023-12-23,S003,P0014,0,0.00014222738183580772,0
2023-12-24,S003,P0014,0,0.0,0
2023-12-25,S003,P0014,0,0.0,0
2023-12-26,S003,P0014,0,1.6767282727573657e-05,0
2023-12-27,S003,P0014,0,1.6767282727573657e-05,0
2023-12-28,S003,P0014,0,1.6767282727573657e-05,0
2023-12-29,S003,P0014,0,1.6767282727573657e-05,0
2023-12-30,S003,P0014,0,1.6767282727573657e-05,0
2023-12-31,S003,P0014,0,2.5952235107473395e-05,0
2024-01-01,S003,P0014,0,0.00021135922091808186,0
2024-01-02,S003,P0014,0,2.8536515574327032e-05,0
2024-01-03,S003,P0014,0,0.00011269224445902287,0
2024-01-04,S003,P0014,0,0.010822552975309443,0
2024-01-05,S003,P0014,0,0.004388653416108515,0
2024-01-06,S003,P0014,0,0.00011269224445902287,0
2024-01-07,S003,P0014,0,0.00144483433239288,0
2024-01-08,S003,P0014,0,0.0006959853939031721,0
2024-01-09,S003,P0014,0,0.0014973413546322716,0
2024-01-10,S003,P0014,0,0.0,0
2024-01-11,S003,P0014,0,0.0,0
2024-01-12,S003,P0014,0,0.00032538467131700097,0
2024-01-13,S003,P0014,0,8.674000935154948e-05,0
2024-01-14,S003,P0014,0,0.0,0
2024-01-15,S003,P0014,0,0.003909964687001617,0
2024-01-16,S003,P0014,1,0.9999202790447778,1
2024-01-17,S003,P0014,0,0.0,0
2024-01-18,S003,P0014,0,6.71916145853815e-05,0
2024-01-19,S003,P0014,0,0.0,0
2024-01-20,S003,P0014,0,0.0,0
2024-01-21,S003,P0014,0,0.00014222738183580772,0
2024-01-22,S003,P0014,0,0.00014491535598661222,0
2024-01-23,S003,P0014,0,5.122548784720817e-06,0
2024-01-24,S003,P0014,0,0.0,0
2024-01-25,S003,P0014,0,5.122548784720817e-06,0
2024-01-26,S003,P0014,0,0.0,0
2024-01-27,S003,P0014,0,0.0,0
2024-01-28,S003,P0014,0,4.0665778180178686e-05,0
2024-01-29,S003,P0014,0,0.00011269224445902287,0
2024-01-30,S003,P0014,0,2.8536515574327032e-05,0
2023-10-13,S003,P0015,0,0.0,0
2023-10-14,S003,P0015,0,5.122548784720817e-06,0
2023-10-15,S003,P0015,0,0.0,0
2023-10-16,S003,P0015,0,8.234742775192202e-05,0
2023-10-17,S003,P0015,1,0.9613357145845909,1
2023-10-18,S003,P0015,1,0.9996939911904782,1
2023-10-19,S003,P0015,0,1.6767282727573657e-05,0
2023-10-20,S003,P0015,0,5.122548784720817e-06,0
2023-10-21,S003,P0015,0,0.0,0
2023-10-22,S003,P0015,0,0.0002345750525824648,0
2023-10-23,S003,P0015,0,5.122548784720817e-06,0
2023-10-24,S003,P0015,0,5.122548784720817e-06,0
2023-10-25,S003,P0015,0,0.0,0
2023-10-26,S003,P0015,0,0.00015165428474894657,0
2023-10-27,S003,P0015,0,0.0,0
2023-10-28,S003,P0015,0,9.92432992693542e-05,0
2023-10-29,S003,P0015,1,0.9682592319372785,1
2023-10-30,S003,P0015,1,0.9996098031080224,1
2023-10-31,S003,P0015,0,3.910423441168238e-05,0
2023-11-01,S003,P0015,0,3.910423441168238e-05,0
2023-11-02,S003,P0015,0,3.92012889557018e-05,0
2023-11-03,S003,P0015,0,1.3151999304208986e-05,0
2023-11-04,S003,P0015,0,3.910423441168238e-05,0
2023-11-05,S003,P0015,0,0.007405141344324676,0
2023-11-06,S003,P0015,0,4.8008849830859627e-05,0
2023-11-07,S003,P0015,0,1.6767282727573657e-05,0
2023-11-08,S003,P0015,0,5.122548784720817e-06,0
2023-11-09,S003,P0015,0,0.00014222738183580772,0
2023-11-10,S003,P0015,0,3.910423441168238e-05,0
2023-11-11,S003,P0015,0,0.0,0
2023-11-12,S003,P0015,0,3.910423441168238e-05,0
2023-11-13,S003,P0015,0,3.910423441168238e-05,0
2023-11-14,S003,P0015,0,2.8536515574327032e-05,0
2023-11-15,S003,P0015,0,1.3151999304208986e-05,0
2023-11-16,S003,P0015,0,0.0005163690490311292,0
2023-11-17,S003,P0015,0,0.036169263881357015,0
2023-11-18,S003,P0015,0,0.0,0
2023-11-19,S003,P0015,0,1.3151999304208986e-05,0
2023-11-20,S003,P0015,0,0.0017436048939621323,0
2023-11-21,S003,P0015,0,0.08650175019512435,0
2023-11-22,S003,P0015,0,0.00014222738183580772,0
2023-11-23,S003,P0015,0,3.865509901105446e-05,0
2023-11-24,S003,P0015,0,0.0,0
2023-11-25,S003,P0015,0,0.0015455614917707135,0
2023-11-26,S003,P0015,0,0.0002345750525824648,0
2023-11-27,S003,P0015,0,3.865509901105446e-05,0
2023-11-28,S003,P0015,0,0.00018088248084686219,0
2023-11-29,S003,P0015,0,0.0,0
2023-11-30,S003,P0015,0,1.6767282727573657e-05,0
2023-12-01,S003,P0015,0,1.3151999304208986e-05,0
2023-12-02,S003,P0015,0,2.8396623889346913e-05,0
2023-12-03,S003,P0015,0,1.3151999304208986e-05,0
2023-12-04,S003,P0015,0,2.8536515574327032e-05,0
2023-12-05,S003,P0015,0,4.951611519221577e-05,0
2023-12-06,S003,P0015,0,0.0,0
2023-12-07,S003,P0015,0,3.910423441168238e-05,0
2023-12-08,S003,P0015,0,0.0006596212780151652,0
2023-12-09,S003,P0015,0,5.122548784720817e-06,0
2023-12-10,S003,P0015,0,2.902104423732585e-05,0
2023-12-11,S003,P0015,0,5.122548784720817e-06,0
2023-12-12,S003,P0015,0,1.6767282727573657e-05,0
2023-12-13,S003,P0015,0,0.0,0
2023-12-14,S003,P0015,0,0.0,0
2023-12-15,S003,P0015,0,1.164473394285284e-05,0
2023-12-16,S003,P0015,0,0.0,0
2023-12-17,S003,P0015,1,0.9443264908735288,1
2023-12-18,S003,P0015,1,0.9998725396550988,1
2023-12-19,S003,P0015,1,0.9946786789353927,1
2023-12-20,S003,P0015,0,5.122548784720817e-06,0
2023-12-21,S003,P0015,0,0.0,0
2023-12-22,S003,P0015,0,0.0,0
2023-12-23,S003,P0015,0,5.122548784720817e-06,0
2023-12-24,S003,P0015,0,2.8536515574327032e-05,0
2023-12-25,S003,P0015,0,1.3151999304208986e-05,0
2023-12-26,S003,P0015,0,5.122548784720817e-06,0
2023-12-27,S003,P0015,0,0.0012848687611291486,0
2023-12-28,S003,P0015,0,3.910423441168238e-05,0
2023-12-29,S003,P0015,0,1.164473394285284e-05,0
2023-12-30,S003,P0015,0,2.8536515574327032e-05,0
2023-12-31,S003,P0015,0,7.546835029968916e-05,0
2024-01-01,S003,P0015,0,0.00015165428474894657,0
2024-01-02,S003,P0015,0,0.0006596212780151652,0
2024-01-03,S003,P0015,0,5.122548784720817e-06,0
2024-01-04,S003,P0015,0,1.164473394285284e-05,0
2024-01-05,S003,P0015,0,0.0006596212780151652,0
2024-01-06,S003,P0015,0,0.0006959853939031721,0
2024-01-07,S003,P0015,0,0.0,0
2024-01-08,S003,P0015,0,2.5952235107473395e-05,0
2024-01-09,S003,P0015,0,0.0,0
2024-01-10,S003,P0015,0,8.674000935154948e-05,0
2024-01-11,S003,P0015,0,0.00031373993737414814,0
2024-01-12,S003,P0015,1,0.98386256971384,1
2024-01-13,S003,P0015,0,0.0,0
2024-01-14,S003,P0015,0,0.0,0
2024-01-15,S003,P0015,0,0.0,0
2024-01-16,S003,P0015,0,0.0,0
2024-01-17,S003,P0015,0,5.122548784720817e-06,0
2024-01-18,S003,P0015,0,1.6767282727573657e-05,0
2024-01-19,S003,P0015,0,0.0,0
2024-01-20,S003,P0015,0,5.122548784720817e-06,0
2024-01-21,S003,P0015,0,0.0,0
2024-01-22,S003,P0015,0,0.0,0
2024-01-23,S003,P0015,0,0.0,0
2024-01-24,S003,P0015,0,0.0,0
2024-01-25,S003,P0015,0,0.0,0
2024-01-26,S003,P0015,0,3.865509901105446e-05,0
2024-01-27,S003,P0015,0,0.00018088248084686219,0
2024-01-28,S003,P0015,0,5.3899723596192384e-05,0
2024-01-29,S003,P0015,0,0.00011269224445902287,0
2024-01-30,S003,P0015,0,1.6767282727573657e-05,0
2023-10-13,S003,P0016,0,0.006818964049497162,0
2023-10-14,S003,P0016,0,0.0,0
2023-10-15,S003,P0016,0,0.0003297676615514946,0
2023-10-16,S003,P0016,0,1.164473394285284e-05,0
2023-10-17,S003,P0016,0,0.0,0
2023-10-18,S003,P0016,0,6.0042010313652403e-05,0
2023-10-19,S003,P0016,0,1.164473394285284e-05,0
2023-10-20,S003,P0016,0,0.0,0
2023-10-21,S003,P0016,0,1.3454263660232394e-05,0
2023-10-22,S003,P0016,0,0.00030200589672664166,0
2023-10-23,S003,P0016,0,0.0,0
2023-10-24,S003,P0016,0,1.164473394285284e-05,0
2023-10-25,S003,P0016,0,0.01054934726127796,0
2023-10-26,S003,P0016,1,0.9975880930355302,1
2023-10-27,S003,P0016,0,0.0,0
2023-10-28,S003,P0016,0,5.3899723596192384e-05,0
2023-10-29,S003,P0016,0,0.0,0
2023-10-30,S003,P0016,0,1.6767282727573657e-05,0
2023-10-31,S003,P0016,0,0.0,0
2023-11-01,S003,P0016,1,0.9865125749976332,1
2023-11-02,S003,P0016,0,0.0,0
2023-11-03,S003,P0016,0,0.013711982069123834,0
2023-11-04,S003,P0016,0,2.8536515574327032e-05,0
2023-11-05,S003,P0016,0,0.021332815887194795,0
2023-11-06,S003,P0016,0,1.3151999304208986e-05,0
2023-11-07,S003,P0016,0,2.8536515574327032e-05,0
2023-11-08,S003,P0016,0,4.951611519221577e-05,0
2023-11-09,S003,P0016,0,0.0,0
2023-11-10,S003,P0016,0,2.5952235107473395e-05,0
2023-11-11,S003,P0016,0,2.8536515574327032e-05,0
2023-11-12,S003,P0016,0,0.06853738621561285,0
2023-11-13,S003,P0016,0,0.00013900116629606766,0
2023-11-14,S003,P0016,0,0.038912127751064736,0
2023-11-15,S003,P0016,1,0.9998045112400793,1
2023-11-16,S003,P0016,0,0.00032026212253228014,0
2023-11-17,S003,P0016,0,0.0,0
2023-11-18,S003,P0016,0,0.020168939871856428,0
2023-11-19,S003,P0016,1,0.9999831108265517,1
2023-11-20,S003,P0016,0,0.004400747006661349,0
2023-11-21,S003,P0016,0,4.951611519221577e-05,0
2023-11-22,S003,P0016,0,0.0,0
2023-11-23,S003,P0016,1,0.9713705423232818,1
2023-11-24,S003,P0016,0,0.0010890346499772279,0
2023-11-25,S003,P0016,0,0.05424060057335017,0
2023-11-26,S003,P0016,0,0.0003477216230011097,0
2023-11-27,S003,P0016,0,3.910423441168238e-05,0
2023-11-28,S003,P0016,0,2.8536515574327032e-05,0
2023-11-29,S003,P0016,0,0.03688232913000984,0
2023-11-30,S003,P0016,0,0.0003217693878936362,0
2023-12-01,S003,P0016,0,5.122548784720817e-06,0
2023-12-02,S003,P0016,0,0.005356012145835063,0
2023-12-03,S003,P0016,1,0.999271771787141,1
2023-12-04,S003,P0016,0,1.5244624585137928e-05,0
2023-12-05,S003,P0016,0,0.012214761238768546,0
2023-12-06,S003,P0016,0,0.06780817572986686,0
2023-12-07,S003,P0016,0,0.017676260154304412,0
2023-12-08,S003,P0016,1,0.9997521475627417,1
2023-12-09,S003,P0016,0,0.007475518886528754,0
2023-12-10,S003,P0016,0,2.902104423732585e-05,0
2023-12-11,S003,P0016,0,2.5952235107473395e-05,0
2023-12-12,S003,P0016,0,0.00017330934233962523,0
2023-12-13,S003,P0016,0,0.0013641177100237965,0
2023-12-14,S003,P0016,0,1.6767282727573657e-05,0
2023-12-15,S003,P0016,0,0.00038154403486491157,0
2023-12-16,S003,P0016,1,0.9975957527515085,1
2023-12-17,S003,P0016,0,0.0013976520385666552,0
2023-12-18,S003,P0016,1,0.9999561401421283,1
2023-12-19,S003,P0016,0,0.0,0
2023-12-20,S003,P0016,0,1.6767282727573657e-05,0
2023-12-21,S003,P0016,0,5.122548784720817e-06,0
2023-12-22,S003,P0016,0,3.865509901105446e-05,0
2023-12-23,S003,P0016,0,0.00014222738183580772,0
2023-12-24,S003,P0016,0,2.902104423732585e-05,0
2023-12-25,S003,P0016,0,1.6767282727573657e-05,0
2023-12-26,S003,P0016,0,0.0170147169432593,0
2023-12-27,S003,P0016,1,0.9943183815430489,1
2023-12-28,S003,P0016,0,1.6767282727573657e-05,0
2023-12-29,S003,P0016,0,5.122548784720817e-06,0
2023-12-30,S003,P0016,0,1.6767282727573657e-05,0
2023-12-31,S003,P0016,0,2.902104423732585e-05,0
2024-01-01,S003,P0016,0,5.122548784720817e-06,0
2024-01-02,S003,P0016,0,0.005,0
2024-01-03,S003,P0016,0,1.164473394285284e-05,0
2024-01-04,S003,P0016,0,0.0,0
2024-01-05,S003,P0016,0,2.5952235107473395e-05,0
2024-01-06,S003,P0016,0,0.0006596212780151652,0
2024-01-07,S003,P0016,0,0.00015165428474894657,0
2024-01-08,S003,P0016,0,5.97049361691353e-05,0
2024-01-09,S003,P0016,0,0.0,0
2024-01-10,S003,P0016,1,0.954840538757244,1
2024-01-11,S003,P0016,0,0.00039535739794097676,0
2024-01-12,S003,P0016,0,1.6767282727573657e-05,0
2024-01-13,S003,P0016,0,0.00016832583041252874,0
2024-01-14,S003,P0016,0,0.0016008146053430447,0
2024-01-15,S003,P0016,1,0.9994908358334466,1
2024-01-16,S003,P0016,0,0.0007388584435010097,0
2024-01-17,S003,P0016,0,0.006113589877717609,0
2024-01-18,S003,P0016,0,0.0,0
2024-01-19,S003,P0016,0,8.674000935154948e-05,0
2024-01-20,S003,P0016,0,1.6767282727573657e-05,0
2024-01-21,S003,P0016,0,0.0,0
2024-01-22,S003,P0016,0,2.8536515574327032e-05,0
2024-01-23,S003,P0016,0,0.0002528524605211027,0
2024-01-24,S003,P0016,0,0.0,0
2024-01-25,S003,P0016,0,0.00014222738183580772,0
2024-01-26,S003,P0016,0,8.674000935154948e-05,0
2024-01-27,S003,P0016,0,8.674000935154948e-05,0
2024-01-28,S003,P0016,0,2.5952235107473395e-05,0
2024-01-29,S003,P0016,0,2.8536515574327032e-05,0
2024-01-30,S003,P0016,0,0.02629597677770215,0
2023-10-13,S003,P0017,0,0.0,0
2023-10-14,S003,P0017,0,0.0,0
2023-10-15,S003,P0017,0,0.0,0
2023-10-16,S003,P0017,0,0.0,0
2023-10-17,S003,P0017,0,0.0,0
2023-10-18,S003,P0017,0,0.00015165428474894657,0
2023-10-19,S003,P0017,0,0.0,0
2023-10-20,S003,P0017,0,0.00015165428474894657,0
2023-10-21,S003,P0017,0,0.0,0
2023-10-22,S003,P0017,0,0.0,0
2023-10-23,S003,P0017,0,9.04134321610054e-05,0
2023-10-24,S003,P0017,0,0.0,0
2023-10-25,S003,P0017,0,9.04134321610054e-05,0
2023-10-26,S003,P0017,0,3.92012889557018e-05,0
2023-10-27,S003,P0017,0,0.0019776109463714112,0
2023-10-28,S003,P0017,1,0.9756746288218163,1
2023-10-29,S003,P0017,0,2.902104423732585e-05,0
2023-10-30,S003,P0017,0,2.5952235107473395e-05,0
2023-10-31,S003,P0017,0,0.0006596212780151652,0
2023-11-01,S003,P0017,0,1.164473394285284e-05,0
2023-11-02,S003,P0017,0,5.2353288259910785e-05,0
2023-11-03,S003,P0017,0,0.0,0
2023-11-04,S003,P0017,0,3.92012889557018e-05,0
2023-11-05,S003,P0017,0,0.013144438771782365,0
2023-11-06,S003,P0017,0,0.11045083511680391,0
2023-11-07,S003,P0017,0,5.122548784720817e-06,0
2023-11-08,S003,P0017,0,0.00013479328018619512,0
2023-11-09,S003,P0017,0,0.0,0
2023-11-10,S003,P0017,0,1.6767282727573657e-05,0
2023-11-11,S003,P0017,0,5.122548784720817e-06,0
2023-11-12,S003,P0017,0,0.0006596212780151652,0
2023-11-13,S003,P0017,0,7.396108493833302e-05,0
2023-11-14,S003,P0017,0,3.92012889557018e-05,0
2023-11-15,S003,P0017,0,0.0,0
2023-11-16,S003,P0017,0,0.0,0
2023-11-17,S003,P0017,0,1.164473394285284e-05,0
2023-11-18,S003,P0017,0,0.0,0
2023-11-19,S003,P0017,0,1.164473394285284e-05,0
2023-11-20,S003,P0017,0,0.0,0
2023-11-21,S003,P0017,0,1.164473394285284e-05,0
2023-11-22,S003,P0017,0,0.057119090083434916,0
2023-11-23,S003,P0017,1,0.9997606665782888,1
2023-11-24,S003,P0017,0,2.5952235107473395e-05,0
2023-11-25,S003,P0017,0,2.5952235107473395e-05,0
2023-11-26,S003,P0017,0,0.00019085557370464835,0
2023-11-27,S003,P0017,0,2.5952235107473395e-05,0
2023-11-28,S003,P0017,0,0.0006596212780151652,0
2023-11-29,S003,P0017,0,0.0006596212780151652,0
2023-11-30,S003,P0017,0,1.164473394285284e-05,0
2023-12-01,S003,P0017,0,1.164473394285284e-05,0
2023-12-02,S003,P0017,0,0.0,0
2023-12-03,S003,P0017,0,0.0,0
2023-12-04,S003,P0017,0,2.5952235107473395e-05,0
2023-12-05,S003,P0017,0,0.000981692930264825,0
2023-12-06,S003,P0017,1,0.9817045385534773,1
2023-12-07,S003,P0017,0,0.0,0
2023-12-08,S003,P0017,0,5.122548784720817e-06,0
2023-12-09,S003,P0017,0,0.0,0
2023-12-10,S003,P0017,0,2.902104423732585e-05,0
2023-12-11,S003,P0017,0,0.00021648176970280266,0
2023-12-12,S003,P0017,0,0.00015677683353366737,0
2023-12-13,S003,P0017,0,0.0,0
2023-12-14,S003,P0017,0,3.107478389219421e-05,0
2023-12-15,S003,P0017,0,0.0,0
2023-12-16,S003,P0017,0,2.5952235107473395e-05,0
2023-12-17,S003,P0017,0,1.164473394285284e-05,0
2023-12-18,S003,P0017,0,1.164473394285284e-05,0
2023-12-19,S003,P0017,0,1.164473394285284e-05,0
2023-12-20,S003,P0017,0,0.0,0
2023-12-21,S003,P0017,0,3.910423441168238e-05,0
2023-12-22,S003,P0017,0,0.0,0
2023-12-23,S003,P0017,0,0.0003477216230011097,0
2023-12-24,S003,P0017,0,0.0,0
2023-12-25,S003,P0017,0,2.5952235107473395e-05,0
2023-12-26,S003,P0017,0,0.0006596212780151652,0
2023-12-27,S003,P0017,0,0.00015165428474894657,0
2023-12-28,S003,P0017,0,0.0006479765440723125,0
2023-12-29,S003,P0017,0,0.0006479765440723125,0
2023-12-30,S003,P0017,0,0.0006479765440723125,0
2023-12-31,S003,P0017,0,0.0,0
2024-01-01,S003,P0017,0,1.3454263660232394e-05,0
2024-01-02,S003,P0017,0,1.3454263660232394e-05,0
2024-01-03,S003,P0017,0,0.0,0
2024-01-04,S003,P0017,0,0.0,0
2024-01-05,S003,P0017,0,0.0,0
2024-01-06,S003,P0017,0,0.0,0
2024-01-07,S003,P0017,0,0.0,0
2024-01-08,S003,P0017,0,5.97049361691353e-05,0
2024-01-09,S003,P0017,0,1.3454263660232394e-05,0
2024-01-10,S003,P0017,0,0.005,0
2024-01-11,S003,P0017,1,0.9708450710927912,1
2024-01-12,S003,P0017,1,0.9945726337299757,1
2024-01-13,S003,P0017,0,0.004220177625032398,0
2024-01-14,S003,P0017,0,0.0,0
2024-01-15,S003,P0017,0,1.164473394285284e-05,0
2024-01-16,S003,P0017,0,1.164473394285284e-05,0
2024-01-17,S003,P0017,0,1.164473394285284e-05,0
2024-01-18,S003,P0017,0,2.5952235107473395e-05,0
2024-01-19,S003,P0017,0,0.0,0
2024-01-20,S003,P0017,0,0.00019085557370464835,0
2024-01-21,S003,P0017,0,0.0,0
2024-01-22,S003,P0017,0,0.0046366826761401365,0
2024-01-23,S003,P0017,0,0.00011269224445902287,0
2024-01-24,S003,P0017,0,0.0014355371394335153,0
2024-01-25,S003,P0017,0,0.05039754190787981,0
2024-01-26,S003,P0017,0,0.0006596212780151652,0
2024-01-27,S003,P0017,0,0.0,0
2024-01-28,S003,P0017,0,0.00011269224445902287,0
2024-01-29,S003,P0017,0,0.00011269224445902287,0
2024-01-30,S003,P0017,0,0.0006596212780151652,0
2023-10-13,S003,P0018,0,0.00015165428474894657,0
2023-10-14,S003,P0018,0,0.0006479765440723125,0
2023-10-15,S003,P0018,0,0.00015165428474894657,0
2023-10-16,S003,P0018,0,0.0,0
2023-10-17,S003,P0018,0,1.164473394285284e-05,0
2023-10-18,S003,P0018,0,2.5098997603085232e-05,0
2023-10-19,S003,P0018,0,0.0,0
2023-10-20,S003,P0018,0,0.00015165428474894657,0
2023-10-21,S003,P0018,0,0.0,0
2023-10-22,S003,P0018,0,0.0,0
2023-10-23,S003,P0018,0,1.164473394285284e-05,0
2023-10-24,S003,P0018,0,0.0006479765440723125,0
2023-10-25,S003,P0018,0,0.0006479765440723125,0
2023-10-26,S003,P0018,0,0.0,0
2023-10-27,S003,P0018,0,3.107478389219421e-05,0
2023-10-28,S003,P0018,0,4.4323837740422614e-05,0
2023-10-29,S003,P0018,0,0.0008744182935054912,0
2023-10-30,S003,P0018,0,5.122548784720817e-06,0
2023-10-31,S003,P0018,0,5.122548784720817e-06,0
2023-11-01,S003,P0018,0,0.0,0
2023-11-02,S003,P0018,0,3.92012889557018e-05,0
2023-11-03,S003,P0018,0,0.0003660276055007103,0
2023-11-04,S003,P0018,0,0.0008337525153253125,0
2023-11-05,S003,P0018,0,6.822233319302765e-05,0
2023-11-06,S003,P0018,0,1.164473394285284e-05,0
2023-11-07,S003,P0018,0,0.0,0
2023-11-08,S003,P0018,0,0.00015165428474894657,0
2023-11-09,S003,P0018,0,1.3151999304208986e-05,0
2023-11-10,S003,P0018,0,0.02866717271414205,0
2023-11-11,S003,P0018,0,2.5952235107473395e-05,0
2023-11-12,S003,P0018,0,0.04154566954253269,0
2023-11-13,S003,P0018,1,0.9996713332538684,1
2023-11-14,S003,P0018,0,2.5952235107473395e-05,0
2023-11-15,S003,P0018,0,0.0006959853939031721,0
2023-11-16,S003,P0018,0,3.910423441168238e-05,0
2023-11-17,S003,P0018,0,1.164473394285284e-05,0
2023-11-18,S003,P0018,0,5.122548784720817e-06,0
2023-11-19,S003,P0018,0,0.00015869177563880012,0
2023-11-20,S003,P0018,0,0.0,0
2023-11-21,S003,P0018,0,3.107478389219421e-05,0
2023-11-22,S003,P0018,0,0.00015165428474894657,0
2023-11-23,S003,P0018,0,0.0003477216230011097,0
2023-11-24,S003,P0018,0,0.0,0
2023-11-25,S003,P0018,0,1.3151999304208986e-05,0
2023-11-26,S003,P0018,0,2.5952235107473395e-05,0
2023-11-27,S003,P0018,0,0.0006596212780151652,0
2023-11-28,S003,P0018,0,1.164473394285284e-05,0
2023-11-29,S003,P0018,0,1.164473394285284e-05,0
2023-11-30,S003,P0018,0,3.910423441168238e-05,0
2023-12-01,S003,P0018,0,0.0006596212780151652,0
2023-12-02,S003,P0018,0,0.0,0
2023-12-03,S003,P0018,0,0.0,0
2023-12-04,S003,P0018,0,3.910423441168238e-05,0
2023-12-05,S003,P0018,0,0.0,0
2023-12-06,S003,P0018,0,0.0003345696236969007,0
2023-12-07,S003,P0018,0,6.231635099548019e-05,0
2023-12-08,S003,P0018,0,0.0006479765440723125,0
2023-12-09,S003,P0018,0,0.0006596212780151652,0
2023-12-10,S003,P0018,0,0.0,0
2023-12-11,S003,P0018,0,2.5952235107473395e-05,0
2023-12-12,S003,P0018,0,0.000981692930264825,0
2023-12-13,S003,P0018,0,0.02908154442140983,0
2023-12-14,S003,P0018,0,1.164473394285284e-05,0
2023-12-15,S003,P0018,0,1.164473394285284e-05,0
2023-12-16,S003,P0018,0,0.0,0
2023-12-17,S003,P0018,0,0.0,0
2023-12-18,S003,P0018,0,0.0,0
2023-12-19,S003,P0018,0,1.3151999304208986e-05,0
2023-12-20,S003,P0018,0,0.008642434886235109,0
2023-12-21,S003,P0018,1,0.9998681323127557,1
2023-12-22,S003,P0018,0,5.122548784720817e-06,0
2023-12-23,S003,P0018,0,0.00015677683353366737,0
2023-12-24,S003,P0018,0,0.0,0
2023-12-25,S003,P0018,0,0.0006479765440723125,0
2023-12-26,S003,P0018,0,0.0006479765440723125,0
2023-12-27,S003,P0018,0,2.5952235107473395e-05,0
2023-12-28,S003,P0018,0,0.0,0
2023-12-29,S003,P0018,0,0.0,0
2023-12-30,S003,P0018,0,3.6364115888006784e-05,0
2023-12-31,S003,P0018,0,0.0006479765440723125,0
2024-01-01,S003,P0018,0,5.97049361691353e-05,0
2024-01-02,S003,P0018,0,0.0006479765440723125,0
2024-01-03,S003,P0018,0,0.0,0
2024-01-04,S003,P0018,0,0.0,0
2024-01-05,S003,P0018,0,0.0,0
2024-01-06,S003,P0018,0,1.164473394285284e-05,0
2024-01-07,S003,P0018,0,0.0,0
2024-01-08,S003,P0018,0,0.0,0
2024-01-09,S003,P0018,0,0.0,0
2024-01-10,S003,P0018,0,0.0,0
2024-01-11,S003,P0018,0,0.00034350591567614274,0
2024-01-12,S003,P0018,0,3.92012889557018e-05,0
2024-01-13,S003,P0018,0,1.164473394285284e-05,0
2024-01-14,S003,P0018,0,1.164473394285284e-05,0
2024-01-15,S003,P0018,0,1.3454263660232394e-05,0
2024-01-16,S003,P0018,0,0.0,0
2024-01-17,S003,P0018,0,0.0,0
2024-01-18,S003,P0018,0,0.0,0
2024-01-19,S003,P0018,0,0.00019085557370464835,0
2024-01-20,S003,P0018,0,0.0,0
2024-01-21,S003,P0018,0,0.00011269224445902287,0
2024-01-22,S003,P0018,0,1.164473394285284e-05,0
2024-01-23,S003,P0018,0,2.5952235107473395e-05,0
2024-01-24,S003,P0018,0,2.5952235107473395e-05,0
2024-01-25,S003,P0018,0,1.164473394285284e-05,0
2024-01-26,S003,P0018,0,3.92012889557018e-05,0
2024-01-27,S003,P0018,0,0.00012594129830725126,0
2024-01-28,S003,P0018,0,2.902104423732585e-05,0
2024-01-29,S003,P0018,0,5.122548784720817e-06,0
2024-01-30,S003,P0018,0,1.6767282727573657e-05,0
2023-10-13,S003,P0019,1,0.9981026316472159,1
2023-10-14,S003,P0019,0,0.002508386989234999,0
2023-10-15,S003,P0019,0,0.0013116018283513208,0
2023-10-16,S003,P0019,0,0.0023779926037026484,0
2023-10-17,S003,P0019,0,0.02134853179984889,0
2023-10-18,S003,P0019,0,0.00032749937126111525,0
2023-10-19,S003,P0019,0,0.02016136116953547,0
2023-10-20,S003,P0019,0,0.007120018110077775,0
2023-10-21,S003,P0019,0,0.0010722813967498817,0
2023-10-22,S003,P0019,0,0.015330773720236245,0
2023-10-23,S003,P0019,0,0.01335285897117227,0
2023-10-24,S003,P0019,0,0.0,0
2023-10-25,S003,P0019,1,0.999646006375326,1
2023-10-26,S003,P0019,0,0.008449555187023268,0
2023-10-27,S003,P0019,1,0.999573161345404,1
2023-10-28,S003,P0019,0,0.007917951659441431,0
2023-10-29,S003,P0019,1,0.9798213003079019,1
2023-10-30,S003,P0019,1,0.9823572818703006,1
2023-10-31,S003,P0019,0,0.0006521173278652376,0
2023-11-01,S003,P0019,1,0.9998180331839781,1
2023-11-02,S003,P0019,0,0.013501938249821037,0
2023-11-03,S003,P0019,0,0.001174567088975804,0
2023-11-04,S003,P0019,1,0.9998180331839781,1
2023-11-05,S003,P0019,0,0.001612632930168671,0
2023-11-06,S003,P0019,1,0.9997821745196579,1
2023-11-07,S003,P0019,0,0.0031716039372557342,0
2023-11-08,S003,P0019,0,0.01788437495234803,0
2023-11-09,S003,P0019,0,0.03881465907824376,0
2023-11-10,S003,P0019,0,0.053200967865299625,0
2023-11-11,S003,P0019,0,1.3151999304208986e-05,0
2023-11-12,S003,P0019,1,0.9990332396539832,1
2023-11-13,S003,P0019,0,0.010722321777128287,0
2023-11-14,S003,P0019,0,0.002314410042029381,0
2023-11-15,S003,P0019,0,0.05581352695612468,0
2023-11-16,S003,P0019,1,0.9993396774859806,1
2023-11-17,S003,P0019,0,0.032754679530665715,0
2023-11-18,S003,P0019,0,0.024253375133282004,0
2023-11-19,S003,P0019,0,0.0003477216230011097,0
2023-11-20,S003,P0019,0,0.0013312820934136707,0
2023-11-21,S003,P0019,0,0.06727383838988722,0
2023-11-22,S003,P0019,1,0.9752191669922984,1
2023-11-23,S003,P0019,0,0.0003217693878936362,0
2023-11-24,S003,P0019,1,0.9816900986144416,1
2023-11-25,S003,P0019,1,0.9997732253726056,1
2023-11-26,S003,P0019,1,0.9986488068453547,1
2023-11-27,S003,P0019,0,0.0008171020504015699,0
2023-11-28,S003,P0019,1,0.9995374351064918,1
2023-11-29,S003,P0019,0,0.00034850885806039637,0
2023-11-30,S003,P0019,0,0.05322257082983849,0
2023-12-01,S003,P0019,1,0.99124744485845,1
2023-12-02,S003,P0019,1,0.9986979527243779,1
2023-12-03,S003,P0019,0,0.04001927356898318,0
2023-12-04,S003,P0019,0,0.0,0
2023-12-05,S003,P0019,0,0.0,0
2023-12-06,S003,P0019,0,0.05315353657826339,0
2023-12-07,S003,P0019,0,0.0,0
2023-12-08,S003,P0019,0,0.029415530748559137,0
2023-12-09,S003,P0019,0,0.0016158863554999675,0
2023-12-10,S003,P0019,0,0.06324031729932658,0
2023-12-11,S003,P0019,1,0.998778096753654,1
2023-12-12,S003,P0019,0,0.00840571189161293,0
2023-12-13,S003,P0019,1,0.9722405424005448,1
2023-12-14,S003,P0019,0,0.014487111855413397,0
2023-12-15,S003,P0019,0,0.0007037656195148343,0
2023-12-16,S003,P0019,0,0.036495212897695695,0
2023-12-17,S003,P0019,1,0.999315942072642,1
2023-12-18,S003,P0019,0,0.0029566968526557012,0
2023-12-19,S003,P0019,0,0.0006933389686443573,0
2023-12-20,S003,P0019,0,0.0011048240510564667,0
2023-12-21,S003,P0019,1,0.9988048387193564,1
2023-12-22,S003,P0019,0,0.0,0
2023-12-23,S003,P0019,1,0.998884938193613,1
2023-12-24,S003,P0019,0,0.0,0
2023-12-25,S003,P0019,0,0.042056486594591325,0
2023-12-26,S003,P0019,1,0.993197013416192,1
2023-12-27,S003,P0019,0,0.0747412053886122,0
2023-12-28,S003,P0019,0,0.03571347298476266,0
2023-12-29,S003,P0019,0,0.00030734328114474514,0
2023-12-30,S003,P0019,0,0.0024944491115904024,0
2023-12-31,S003,P0019,1,0.9998051428784384,1
2024-01-01,S003,P0019,0,0.01218695112357803,0
2024-01-02,S003,P0019,0,0.0011011984849165152,0
2024-01-03,S003,P0019,0,0.00022535588723242788,0
2024-01-04,S003,P0019,0,0.00044667558752429186,0
2024-01-05,S003,P0019,1,0.9901197174770684,1
2024-01-06,S003,P0019,0,0.029798852854632157,0
2024-01-07,S003,P0019,1,0.9944138313657669,1
2024-01-08,S003,P0019,0,0.06953706124566754,0
2024-01-09,S003,P0019,1,0.9741511674321207,1
2024-01-10,S003,P0019,0,0.00052686917738417,0
2024-01-11,S003,P0019,1,0.9996251149434535,1
2024-01-12,S003,P0019,0,0.09746435853873474,0
2024-01-13,S003,P0019,0,0.005814377322737518,0
2024-01-14,S003,P0019,0,0.00039535739794097676,0
2024-01-15,S003,P0019,0,0.05789789390437791,0
2024-01-16,S003,P0019,0,0.020884725154618238,0
2024-01-17,S003,P0019,0,0.0741387118233041,0
2024-01-18,S003,P0019,1,0.9924852906946636,1
2024-01-19,S003,P0019,0,0.0466159203682035,0
2024-01-20,S003,P0019,0,0.0010890346499772279,0
2024-01-21,S003,P0019,0,0.00011269224445902287,0
2024-01-22,S003,P0019,1,0.9939775491141735,1
2024-01-23,S003,P0019,0,8.674000935154948e-05,0
2024-01-24,S003,P0019,1,0.9990724175190104,1
2024-01-25,S003,P0019,1,0.9993237674809272,1
2024-01-26,S003,P0019,0,0.058727953676787854,0
2024-01-27,S003,P0019,0,0.005357916361597088,0
2024-01-28,S003,P0019,1,0.9942376192541401,1
2024-01-29,S003,P0019,0,0.00040568172248544123,0
2024-01-30,S003,P0019,1,0.9915854164409262,1
2023-10-13,S003,P0020,0,0.036922702105198706,0
2023-10-14,S003,P0020,1,0.9997373680402799,1
2023-10-15,S003,P0020,1,0.9895683132788993,1
2023-10-16,S003,P0020,0,7.494956075427323e-05,0
2023-10-17,S003,P0020,0,0.0,0
2023-10-18,S003,P0020,0,5.3899723596192384e-05,0
2023-10-19,S003,P0020,0,1.6767282727573657e-05,0
2023-10-20,S003,P0020,0,0.0,0
2023-10-21,S003,P0020,0,1.6767282727573657e-05,0
2023-10-22,S003,P0020,0,2.902104423732585e-05,0
2023-10-23,S003,P0020,0,0.005038655099011055,0
2023-10-24,S003,P0020,0,0.0,0
2023-10-25,S003,P0020,0,0.009184298139305968,0
2023-10-26,S003,P0020,1,0.9998602121412233,1
2023-10-27,S003,P0020,0,0.0,0
2023-10-28,S003,P0020,0,0.0,0
2023-10-29,S003,P0020,0,4.0665778180178686e-05,0
2023-10-30,S003,P0020,0,5.122548784720817e-06,0
2023-10-31,S003,P0020,0,3.910423441168238e-05,0
2023-11-01,S003,P0020,0,3.910423441168238e-05,0
2023-11-02,S003,P0020,0,2.8396623889346913e-05,0
2023-11-03,S003,P0020,0,2.8536515574327032e-05,0
2023-11-04,S003,P0020,0,1.3151999304208986e-05,0
2023-11-05,S003,P0020,0,1.164473394285284e-05,0
2023-11-06,S003,P0020,0,0.005103286892234644,0
2023-11-07,S003,P0020,0,2.8536515574327032e-05,0
2023-11-08,S003,P0020,0,1.3151999304208986e-05,0
2023-11-09,S003,P0020,0,1.164473394285284e-05,0
2023-11-10,S003,P0020,0,0.0006111507590336802,0
2023-11-11,S003,P0020,0,1.3151999304208986e-05,0
2023-11-12,S003,P0020,0,2.8536515574327032e-05,0
2023-11-13,S003,P0020,0,1.3151999304208986e-05,0
2023-11-14,S003,P0020,0,0.0003086173885894273,0
2023-11-15,S003,P0020,1,0.9993534530280431,1
2023-11-16,S003,P0020,0,1.3151999304208986e-05,0
2023-11-17,S003,P0020,0,0.0,0
2023-11-18,S003,P0020,0,1.3151999304208986e-05,0
2023-11-19,S003,P0020,0,7.546835029968916e-05,0
2023-11-20,S003,P0020,0,1.6767282727573657e-05,0
2023-11-21,S003,P0020,0,0.00020805700030249736,0
2023-11-22,S003,P0020,0,1.6767282727573657e-05,0
2023-11-23,S003,P0020,0,5.122548784720817e-06,0
2023-11-24,S003,P0020,0,1.6767282727573657e-05,0
2023-11-25,S003,P0020,0,3.6035542183692063e-05,0
2023-11-26,S003,P0020,0,0.0,0
2023-11-27,S003,P0020,0,7.285693547334429e-05,0
2023-11-28,S003,P0020,0,0.0776174280440328,0
2023-11-29,S003,P0020,0,3.910423441168238e-05,0
2023-11-30,S003,P0020,0,2.5952235107473395e-05,0
2023-12-01,S003,P0020,0,0.0031981084178932086,0
2023-12-02,S003,P0020,0,2.8396623889346913e-05,0
2023-12-03,S003,P0020,0,3.910423441168238e-05,0
2023-12-04,S003,P0020,0,2.8396623889346913e-05,0
2023-12-05,S003,P0020,0,1.3151999304208986e-05,0
2023-12-06,S003,P0020,0,0.00014222738183580772,0
2023-12-07,S003,P0020,0,1.3151999304208986e-05,0
2023-12-08,S003,P0020,0,2.8396623889346913e-05,0
2023-12-09,S003,P0020,0,0.0007794601898853054,0
2023-12-10,S003,P0020,0,1.3151999304208986e-05,0
2023-12-11,S003,P0020,0,0.00019543193254472184,0
2023-12-12,S003,P0020,0,0.0,0
2023-12-13,S003,P0020,0,2.8536515574327032e-05,0
2023-12-14,S003,P0020,0,0.0,0
2023-12-15,S003,P0020,0,0.0,0
2023-12-16,S003,P0020,1,0.9933674242134447,1
2023-12-17,S003,P0020,0,0.0,0
2023-12-18,S003,P0020,0,0.00014222738183580772,0
2023-12-19,S003,P0020,0,0.0,0
2023-12-20,S003,P0020,0,0.0,0
2023-12-21,S003,P0020,0,0.023572517147544613,0
2023-12-22,S003,P0020,0,5.3899723596192384e-05,0
2023-12-23,S003,P0020,0,5.3899723596192384e-05,0
2023-12-24,S003,P0020,0,0.0,0
2023-12-25,S003,P0020,0,0.0,0
2023-12-26,S003,P0020,0,0.0,0
2023-12-27,S003,P0020,0,0.0,0
2023-12-28,S003,P0020,0,2.8536515574327032e-05,0
2023-12-29,S003,P0020,0,1.3151999304208986e-05,0
2023-12-30,S003,P0020,0,0.021994413680166428,0
2023-12-31,S003,P0020,1,0.9847025060285578,1
2024-01-01,S003,P0020,0,8.674000935154948e-05,0
2024-01-02,S003,P0020,0,0.00019543193254472184,0
2024-01-03,S003,P0020,0,0.0,0
2024-01-04,S003,P0020,0,1.6767282727573657e-05,0
2024-01-05,S003,P0020,0,0.006892188540369606,0
2024-01-06,S003,P0020,0,5.3899723596192384e-05,0
2024-01-07,S003,P0020,0,2.902104423732585e-05,0
2024-01-08,S003,P0020,0,5.122548784720817e-06,0
2024-01-09,S003,P0020,0,0.0,0
2024-01-10,S003,P0020,0,1.6767282727573657e-05,0
2024-01-11,S003,P0020,0,0.0,0
2024-01-12,S003,P0020,0,0.0,0
2024-01-13,S003,P0020,0,8.674000935154948e-05,0
2024-01-14,S003,P0020,0,0.00014222738183580772,0
2024-01-15,S003,P0020,0,0.0,0
2024-01-16,S003,P0020,0,0.0,0
2024-01-17,S003,P0020,0,5.122548784720817e-06,0
2024-01-18,S003,P0020,0,1.6767282727573657e-05,0
2024-01-19,S003,P0020,0,0.0,0
2024-01-20,S003,P0020,0,1.6767282727573657e-05,0
2024-01-21,S003,P0020,0,8.292076783351823e-05,0
2024-01-22,S003,P0020,0,1.5244624585137928e-05,0
2024-01-23,S003,P0020,0,0.00011269224445902287,0
2024-01-24,S003,P0020,0,0.00010198463393668741,0
2024-01-25,S003,P0020,0,0.00011269224445902287,0
2024-01-26,S003,P0020,0,0.00012310412523955624,0
2024-01-27,S003,P0020,0,0.0006959853939031721,0
2024-01-28,S003,P0020,0,0.00015747200642094564,0
2024-01-29,S003,P0020,0,8.674000935154948e-05,0
2024-01-30,S003,P0020,0,0.027888437211480835,0
2023-10-13,S004,P0001,0,1.3151999304208986e-05,0
2023-10-14,S004,P0001,0,2.5952235107473395e-05,0
2023-10-15,S004,P0001,0,1.3151999304208986e-05,0
2023-10-16,S004,P0001,0,1.164473394285284e-05,0
2023-10-17,S004,P0001,0,0.0,0
2023-10-18,S004,P0001,0,0.0,0
2023-10-19,S004,P0001,0,0.0001668989093340845,0
2023-10-20,S004,P0001,0,0.0,0
2023-10-21,S004,P0001,0,7.546835029968916e-05,0
2023-10-22,S004,P0001,0,1.164473394285284e-05,0
2023-10-23,S004,P0001,0,7.285693547334429e-05,0
2023-10-24,S004,P0001,0,0.0,0
2023-10-25,S004,P0001,0,0.0,0
2023-10-26,S004,P0001,0,8.993526577988445e-05,0
2023-10-27,S004,P0001,1,0.9787670200517112,1
2023-10-28,S004,P0001,1,0.9947141428156817,1
2023-10-29,S004,P0001,0,1.164473394285284e-05,0
2023-10-30,S004,P0001,0,0.0,0
2023-10-31,S004,P0001,0,0.0,0
2023-11-01,S004,P0001,0,0.0002972613212591474,0
2023-11-02,S004,P0001,0,0.0,0
2023-11-03,S004,P0001,0,1.5244624585137928e-05,0
2023-11-04,S004,P0001,0,0.0,0
2023-11-05,S004,P0001,0,6.231635099548019e-05,0
2023-11-06,S004,P0001,0,7.546835029968916e-05,0
2023-11-07,S004,P0001,0,0.00014222738183580772,0
2023-11-08,S004,P0001,0,0.0,0
2023-11-09,S004,P0001,0,0.0002903611627837912,0
2023-11-10,S004,P0001,1,0.9984581667001245,1
2023-11-11,S004,P0001,0,0.0,0
2023-11-12,S004,P0001,0,0.0,0
2023-11-13,S004,P0001,0,0.00015747200642094564,0
2023-11-14,S004,P0001,0,1.3151999304208986e-05,0
2023-11-15,S004,P0001,0,2.5952235107473395e-05,0
2023-11-16,S004,P0001,0,0.00012829355577373218,0
2023-11-17,S004,P0001,0,4.951611519221577e-05,0
2023-11-18,S004,P0001,0,0.00015747200642094564,0
2023-11-19,S004,P0001,0,4.951611519221577e-05,0
2023-11-20,S004,P0001,0,2.8396623889346913e-05,0
2023-11-21,S004,P0001,0,0.0,0
2023-11-22,S004,P0001,0,1.164473394285284e-05,0
2023-11-23,S004,P0001,0,1.164473394285284e-05,0
2023-11-24,S004,P0001,0,0.0,0
2023-11-25,S004,P0001,0,0.00014222738183580772,0
2023-11-26,S004,P0001,0,2.8396623889346913e-05,0
2023-11-27,S004,P0001,0,3.910423441168238e-05,0
2023-11-28,S004,P0001,0,3.910423441168238e-05,0
2023-11-29,S004,P0001,0,1.164473394285284e-05,0
2023-11-30,S004,P0001,0,1.164473394285284e-05,0
2023-12-01,S004,P0001,0,3.910423441168238e-05,0
2023-12-02,S004,P0001,0,1.164473394285284e-05,0
2023-12-03,S004,P0001,0,0.0,0
2023-12-04,S004,P0001,0,0.0002044777629344335,0
2023-12-05,S004,P0001,0,0.01530472601424401,0
2023-12-06,S004,P0001,1,0.9998725396550988,1
2023-12-07,S004,P0001,0,1.164473394285284e-05,0
2023-12-08,S004,P0001,0,5.3899723596192384e-05,0
2023-12-09,S004,P0001,0,0.0,0
2023-12-10,S004,P0001,0,5.3899723596192384e-05,0
2023-12-11,S004,P0001,0,1.164473394285284e-05,0
2023-12-12,S004,P0001,0,0.0001668989093340845,0
2023-12-13,S004,P0001,0,0.0,0
2023-12-14,S004,P0001,0,0.0,0
2023-12-15,S004,P0001,0,0.00015747200642094564,0
2023-12-16,S004,P0001,0,0.0,0
2023-12-17,S004,P0001,0,0.0,0
2023-12-18,S004,P0001,0,0.0,0
2023-12-19,S004,P0001,0,0.0,0
2023-12-20,S004,P0001,0,0.0,0
2023-12-21,S004,P0001,0,0.0,0
2023-12-22,S004,P0001,0,0.0,0
2023-12-23,S004,P0001,0,3.910423441168238e-05,0
2023-12-24,S004,P0001,0,0.00015747200642094564,0
2023-12-25,S004,P0001,0,2.8396623889346913e-05,0
2023-12-26,S004,P0001,1,0.9988920731587634,1
2023-12-27,S004,P0001,1,0.9742824855447906,1
2023-12-28,S004,P0001,0,1.164473394285284e-05,0
2023-12-29,S004,P0001,0,0.0,0
2023-12-30,S004,P0001,0,1.164473394285284e-05,0
2023-12-31,S004,P0001,0,1.164473394285284e-05,0
2024-01-01,S004,P0001,0,1.164473394285284e-05,0
2024-01-02,S004,P0001,0,0.0,0
2024-01-03,S004,P0001,0,0.0,0
2024-01-04,S004,P0001,0,0.004530880797944323,0
2024-01-05,S004,P0001,0,0.00014905636034702964,0
2024-01-06,S004,P0001,0,0.005,0
2024-01-07,S004,P0001,0,1.164473394285284e-05,0
2024-01-08,S004,P0001,0,0.00021135922091808186,0
2024-01-09,S004,P0001,0,0.0,0
2024-01-10,S004,P0001,0,0.00011269224445902287,0
2024-01-11,S004,P0001,0,0.03110597917839683,0
2024-01-12,S004,P0001,1,0.9998581639896845,1
2024-01-13,S004,P0001,0,0.0003352247397466132,0
2024-01-14,S004,P0001,0,0.0,0
2024-01-15,S004,P0001,0,0.0,0
2024-01-16,S004,P0001,0,0.0,0
2024-01-17,S004,P0001,0,0.0,0
2024-01-18,S004,P0001,0,1.164473394285284e-05,0
2024-01-19,S004,P0001,0,0.0001835704549976667,0
2024-01-20,S004,P0001,0,0.0,0
2024-01-21,S004,P0001,0,0.0001296707314014743,0
2024-01-22,S004,P0001,0,0.00014222738183580772,0
2024-01-23,S004,P0001,0,0.00012310412523955624,0
2024-01-24,S004,P0001,0,0.00018768982693263863,0
2024-01-25,S004,P0001,0,0.00011269224445902287,0
2024-01-26,S004,P0001,0,0.00011269224445902287,0
2024-01-27,S004,P0001,0,0.0,0
2024-01-28,S004,P0001,0,2.8536515574327032e-05,0
2024-01-29,S004,P0001,0,8.674000935154948e-05,0
2024-01-30,S004,P0001,0,0.0,0
2023-10-13,S004,P0002,0,0.0,0
2023-10-14,S004,P0002,0,5.122548784720817e-06,0
2023-10-15,S004,P0002,0,0.0,0
2023-10-16,S004,P0002,0,0.0006977949236205516,0
2023-10-17,S004,P0002,1,0.9232092651968493,1
2023-10-18,S004,P0002,1,0.9997102873747953,1
2023-10-19,S004,P0002,0,0.0,0
2023-10-20,S004,P0002,0,5.122548784720817e-06,0
2023-10-21,S004,P0002,0,1.6767282727573657e-05,0
2023-10-22,S004,P0002,0,4.0665778180178686e-05,0
2023-10-23,S004,P0002,0,0.00021135922091808186,0
2023-10-24,S004,P0002,0,0.0,0
2023-10-25,S004,P0002,0,0.026262925837755965,0
2023-10-26,S004,P0002,1,0.9998447945205342,1
2023-10-27,S004,P0002,0,0.0,0
2023-10-28,S004,P0002,0,5.122548784720817e-06,0
2023-10-29,S004,P0002,0,2.902104423732585e-05,0
2023-10-30,S004,P0002,0,1.6767282727573657e-05,0
2023-10-31,S004,P0002,0,0.0,0
2023-11-01,S004,P0002,0,0.0,0
2023-11-02,S004,P0002,0,0.0018278687928782388,0
2023-11-03,S004,P0002,0,3.92012889557018e-05,0
2023-11-04,S004,P0002,0,3.910423441168238e-05,0
2023-11-05,S004,P0002,0,3.910423441168238e-05,0
2023-11-06,S004,P0002,0,2.8536515574327032e-05,0
2023-11-07,S004,P0002,0,0.015330556693152142,0
2023-11-08,S004,P0002,0,5.122548784720817e-06,0
2023-11-09,S004,P0002,0,0.0,0
2023-11-10,S004,P0002,0,0.0017879994970448443,0
2023-11-11,S004,P0002,0,0.003045454863247854,0
2023-11-12,S004,P0002,0,0.0003352247397466132,0
2023-11-13,S004,P0002,0,5.122548784720817e-06,0
2023-11-14,S004,P0002,0,0.0,0
2023-11-15,S004,P0002,1,0.9989967787358078,1
2023-11-16,S004,P0002,0,0.0,0
2023-11-17,S004,P0002,0,1.6767282727573657e-05,0
2023-11-18,S004,P0002,0,0.00021067655712985977,0
2023-11-19,S004,P0002,0,0.0,0
2023-11-20,S004,P0002,0,0.00018983219766426974,0
2023-11-21,S004,P0002,0,0.004925756989386305,0
2023-11-22,S004,P0002,1,0.9935296647896894,1
2023-11-23,S004,P0002,1,0.9998382724482664,1
2023-11-24,S004,P0002,0,2.8536515574327032e-05,0
2023-11-25,S004,P0002,0,0.00023742327333545866,0
2023-11-26,S004,P0002,0,0.0,0
2023-11-27,S004,P0002,0,5.122548784720817e-06,0
2023-11-28,S004,P0002,0,0.0,0
2023-11-29,S004,P0002,0,0.00011369086626148068,0
2023-11-30,S004,P0002,1,0.9259150664570897,1
2023-12-01,S004,P0002,0,0.00015747200642094564,0
2023-12-02,S004,P0002,0,0.057421123533730904,0
2023-12-03,S004,P0002,0,4.0665778180178686e-05,0
2023-12-04,S004,P0002,0,0.005044908362596905,0
2023-12-05,S004,P0002,1,0.9766499223942234,1
2023-12-06,S004,P0002,0,1.3151999304208986e-05,0
2023-12-07,S004,P0002,0,2.5952235107473395e-05,0
2023-12-08,S004,P0002,0,1.6767282727573657e-05,0
2023-12-09,S004,P0002,0,6.231635099548019e-05,0
2023-12-10,S004,P0002,0,0.043202458479792545,0
2023-12-11,S004,P0002,1,0.9996313169447884,1
2023-12-12,S004,P0002,0,4.3781140159464967e-05,0
2023-12-13,S004,P0002,1,0.9641297734411104,1
2023-12-14,S004,P0002,0,0.0,0
2023-12-15,S004,P0002,0,0.0,0
2023-12-16,S004,P0002,0,0.0,0
2023-12-17,S004,P0002,0,0.009607205015045953,0
2023-12-18,S004,P0002,0,0.06731443329436262,0
2023-12-19,S004,P0002,0,0.02680407913017408,0
2023-12-20,S004,P0002,1,0.9999776350043125,1
2023-12-21,S004,P0002,0,5.3899723596192384e-05,0
2023-12-22,S004,P0002,0,0.0,0
2023-12-23,S004,P0002,0,0.0,0
2023-12-24,S004,P0002,0,5.3899723596192384e-05,0
2023-12-25,S004,P0002,0,0.0,0
2023-12-26,S004,P0002,0,0.003146692559704956,0
2023-12-27,S004,P0002,1,0.9362694661427698,1
2023-12-28,S004,P0002,0,0.001007937524252391,0
2023-12-29,S004,P0002,0,0.0,0
2023-12-30,S004,P0002,0,3.6364115888006784e-05,0
2023-12-31,S004,P0002,0,6.146311349109202e-05,0
2024-01-01,S004,P0002,0,0.07810937795356025,0
2024-01-02,S004,P0002,1,0.9940176359590603,1
2024-01-03,S004,P0002,0,0.00011369086626148068,0
2024-01-04,S004,P0002,0,0.006693911370326163,0
2024-01-05,S004,P0002,0,0.0006959853939031721,0
2024-01-06,S004,P0002,0,0.0006479765440723125,0
2024-01-07,S004,P0002,0,6.0042010313652403e-05,0
2024-01-08,S004,P0002,0,0.0031508907304114643,0
2024-01-09,S004,P0002,0,0.0006596212780151652,0
2024-01-10,S004,P0002,0,0.0,0
2024-01-11,S004,P0002,0,0.029145040940013953,0
2024-01-12,S004,P0002,0,1.164473394285284e-05,0
2024-01-13,S004,P0002,0,0.0006596212780151652,0
2024-01-14,S004,P0002,1,0.9817788985274024,1
2024-01-15,S004,P0002,1,0.9998786158336703,1
2024-01-16,S004,P0002,0,5.3899723596192384e-05,0
2024-01-17,S004,P0002,0,5.122548784720817e-06,0
2024-01-18,S004,P0002,0,0.0,0
2024-01-19,S004,P0002,0,0.0,0
2024-01-20,S004,P0002,0,0.0067532012388039145,0
2024-01-21,S004,P0002,0,0.000601252599365449,0
2024-01-22,S004,P0002,0,0.027825729415727342,0
2024-01-23,S004,P0002,1,0.9996754761111738,1
2024-01-24,S004,P0002,0,6.0042010313652403e-05,0
2024-01-25,S004,P0002,1,0.9793468208864583,1
2024-01-26,S004,P0002,0,9.92432992693542e-05,0
2024-01-27,S004,P0002,1,0.9984338363410324,1
2024-01-28,S004,P0002,0,0.0,0
2024-01-29,S004,P0002,0,6.231635099548019e-05,0
2024-01-30,S004,P0002,0,0.00014905636034702964,0
2023-10-13,S004,P0003,0,0.0006530990928570332,0
2023-10-14,S004,P0003,0,0.0,0
2023-10-15,S004,P0003,0,0.0,0
2023-10-16,S004,P0003,0,0.0,0
2023-10-17,S004,P0003,0,0.0,0
2023-10-18,S004,P0003,0,0.0,0
2023-10-19,S004,P0003,0,0.0002398026031200692,0
2023-10-20,S004,P0003,0,2.5098997603085232e-05,0
2023-10-21,S004,P0003,0,0.0,0
2023-10-22,S004,P0003,0,0.0,0
2023-10-23,S004,P0003,0,5.97049361691353e-05,0
2023-10-24,S004,P0003,0,0.0,0
2023-10-25,S004,P0003,0,0.023384901794099022,0
2023-10-26,S004,P0003,1,0.9998656536426832,1
2023-10-27,S004,P0003,0,0.005152638611190563,0
2023-10-28,S004,P0003,0,5.122548784720817e-06,0
2023-10-29,S004,P0003,0,2.902104423732585e-05,0
2023-10-30,S004,P0003,0,5.122548784720817e-06,0
2023-10-31,S004,P0003,0,0.0,0
2023-11-01,S004,P0003,0,0.0003271942010343805,0
2023-11-02,S004,P0003,0,0.002389202555651746,0
2023-11-03,S004,P0003,0,0.0,0
2023-11-04,S004,P0003,0,1.164473394285284e-05,0
2023-11-05,S004,P0003,0,0.0,0
2023-11-06,S004,P0003,0,0.012543284888440373,0
2023-11-07,S004,P0003,1,0.9992547922922063,1
2023-11-08,S004,P0003,0,0.00015165428474894657,0
2023-11-09,S004,P0003,0,0.0,0
2023-11-10,S004,P0003,0,2.5952235107473395e-05,0
2023-11-11,S004,P0003,0,0.0,0
2023-11-12,S004,P0003,0,0.00020610019828978628,0
2023-11-13,S004,P0003,0,0.0006479765440723125,0
2023-11-14,S004,P0003,0,0.0,0
2023-11-15,S004,P0003,0,0.0014059107388137188,0
2023-11-16,S004,P0003,0,0.06208941064889688,0
2023-11-17,S004,P0003,0,1.6767282727573657e-05,0
2023-11-18,S004,P0003,0,0.0,0
2023-11-19,S004,P0003,0,0.005,0
2023-11-20,S004,P0003,0,0.0,0
2023-11-21,S004,P0003,0,0.0011586237682931677,0
2023-11-22,S004,P0003,0,1.6767282727573657e-05,0
2023-11-23,S004,P0003,0,0.0,0
2023-11-24,S004,P0003,0,7.546835029968916e-05,0
2023-11-25,S004,P0003,0,0.0006959853939031721,0
2023-11-26,S004,P0003,0,3.910423441168238e-05,0
2023-11-27,S004,P0003,0,9.89062251248371e-05,0
2023-11-28,S004,P0003,0,0.0,0
2023-11-29,S004,P0003,0,1.6767282727573657e-05,0
2023-11-30,S004,P0003,0,0.0,0
2023-12-01,S004,P0003,0,1.6767282727573657e-05,0
2023-12-02,S004,P0003,0,4.377764779577528e-05,0
2023-12-03,S004,P0003,0,2.902104423732585e-05,0
2023-12-04,S004,P0003,0,5.122548784720817e-06,0
2023-12-05,S004,P0003,0,5.122548784720817e-06,0
2023-12-06,S004,P0003,0,0.0,0
2023-12-07,S004,P0003,0,0.004710496228499403,0
2023-12-08,S004,P0003,1,0.9996193065436261,1
2023-12-09,S004,P0003,0,0.00015677683353366737,0
2023-12-10,S004,P0003,0,2.902104423732585e-05,0
2023-12-11,S004,P0003,0,5.122548784720817e-06,0
2023-12-12,S004,P0003,0,1.6767282727573657e-05,0
2023-12-13,S004,P0003,0,0.0,0
2023-12-14,S004,P0003,0,3.910423441168238e-05,0
2023-12-15,S004,P0003,1,0.990861708653496,1
2023-12-16,S004,P0003,0,1.3151999304208986e-05,0
2023-12-17,S004,P0003,0,3.910423441168238e-05,0
2023-12-18,S004,P0003,0,0.00015165428474894657,0
2023-12-19,S004,P0003,0,0.0,0
2023-12-20,S004,P0003,0,7.546835029968916e-05,0
2023-12-21,S004,P0003,0,6.231635099548019e-05,0
2023-12-22,S004,P0003,0,7.546835029968916e-05,0
2023-12-23,S004,P0003,0,0.0006479765440723125,0
2023-12-24,S004,P0003,0,4.0665778180178686e-05,0
2023-12-25,S004,P0003,0,3.107478389219421e-05,0
2023-12-26,S004,P0003,0,0.000664743826799886,0
2023-12-27,S004,P0003,0,0.00015165428474894657,0
2023-12-28,S004,P0003,0,0.0006479765440723125,0
2023-12-29,S004,P0003,0,0.0,0
2023-12-30,S004,P0003,0,0.0006479765440723125,0
2023-12-31,S004,P0003,0,0.0006479765440723125,0
2024-01-01,S004,P0003,0,0.0006479765440723125,0
2024-01-02,S004,P0003,0,0.0,0
2024-01-03,S004,P0003,0,2.5098997603085232e-05,0
2024-01-04,S004,P0003,0,1.3454263660232394e-05,0
2024-01-05,S004,P0003,0,0.0002398026031200692,0
2024-01-06,S004,P0003,0,0.00015165428474894657,0
2024-01-07,S004,P0003,0,0.0006479765440723125,0
2024-01-08,S004,P0003,0,5.97049361691353e-05,0
2024-01-09,S004,P0003,0,0.0,0
2024-01-10,S004,P0003,0,0.000279003892075771,0
2024-01-11,S004,P0003,0,3.92012889557018e-05,0
2024-01-12,S004,P0003,0,0.00444556353466053,0
2024-01-13,S004,P0003,0,0.0,0
2024-01-14,S004,P0003,0,0.0,0
2024-01-15,S004,P0003,0,1.164473394285284e-05,0
2024-01-16,S004,P0003,0,0.0,0
2024-01-17,S004,P0003,0,0.0,0
2024-01-18,S004,P0003,0,0.0,0
2024-01-19,S004,P0003,0,0.0002398026031200692,0
2024-01-20,S004,P0003,0,0.00032026212253228014,0
2024-01-21,S004,P0003,0,0.0032476546162377856,0
2024-01-22,S004,P0003,0,9.89062251248371e-05,0
2024-01-23,S004,P0003,0,0.0,0
2024-01-24,S004,P0003,0,6.0042010313652403e-05,0
2024-01-25,S004,P0003,0,0.03870803471731543,0
2024-01-26,S004,P0003,0,1.164473394285284e-05,0
2024-01-27,S004,P0003,0,0.00011269224445902287,0
2024-01-28,S004,P0003,0,3.92012889557018e-05,0
2024-01-29,S004,P0003,0,0.00011269224445902287,0
2024-01-30,S004,P0003,0,0.0003337163861925125,0
2023-10-13,S004,P0004,0,0.0,0
2023-10-14,S004,P0004,0,2.5952235107473395e-05,0
2023-10-15,S004,P0004,0,0.0,0
2023-10-16,S004,P0004,0,0.0006596212780151652,0
2023-10-17,S004,P0004,0,0.0006596212780151652,0
2023-10-18,S004,P0004,0,0.0,0
2023-10-19,S004,P0004,0,1.3151999304208986e-05,0
2023-10-20,S004,P0004,0,0.04537416349786198,0
2023-10-21,S004,P0004,0,3.910423441168238e-05,0
2023-10-22,S004,P0004,0,0.0006959853939031721,0
2023-10-23,S004,P0004,0,4.8008849830859627e-05,0
2023-10-24,S004,P0004,0,5.122548784720817e-06,0
2023-10-25,S004,P0004,0,1.6767282727573657e-05,0
2023-10-26,S004,P0004,0,0.0,0
2023-10-27,S004,P0004,0,0.0,0
2023-10-28,S004,P0004,0,0.0001835704549976667,0
2023-10-29,S004,P0004,0,0.001174567088975804,0
2023-10-30,S004,P0004,0,0.0,0
2023-10-31,S004,P0004,0,2.8536515574327032e-05,0
2023-11-01,S004,P0004,0,2.8396623889346913e-05,0
2023-11-02,S004,P0004,0,5.122548784720817e-06,0
2023-11-03,S004,P0004,0,1.6767282727573657e-05,0
2023-11-04,S004,P0004,0,8.298242911516675e-05,0
2023-11-05,S004,P0004,0,0.0,0
2023-11-06,S004,P0004,0,0.00032538467131700097,0
2023-11-07,S004,P0004,0,0.0,0
2023-11-08,S004,P0004,0,5.128016676882999e-05,0
2023-11-09,S004,P0004,0,1.3151999304208986e-05,0
2023-11-10,S004,P0004,0,3.910423441168238e-05,0
2023-11-11,S004,P0004,0,0.00015747200642094564,0
2023-11-12,S004,P0004,0,0.002322649426907557,0
2023-11-13,S004,P0004,1,0.9985746426998756,1
2023-11-14,S004,P0004,0,2.8536515574327032e-05,0
2023-11-15,S004,P0004,0,3.910423441168238e-05,0
2023-11-16,S004,P0004,0,2.5952235107473395e-05,0
2023-11-17,S004,P0004,0,3.910423441168238e-05,0
2023-11-18,S004,P0004,0,0.00015747200642094564,0
2023-11-19,S004,P0004,0,5.2353288259910785e-05,0
2023-11-20,S004,P0004,0,0.031301550165328096,0
2023-11-21,S004,P0004,0,3.910423441168238e-05,0
2023-11-22,S004,P0004,0,2.8536515574327032e-05,0
2023-11-23,S004,P0004,1,0.9977058974139534,1
2023-11-24,S004,P0004,1,0.9999618540944742,1
2023-11-25,S004,P0004,0,0.0,0
2023-11-26,S004,P0004,0,0.0,0
2023-11-27,S004,P0004,0,0.0,0
2023-11-28,S004,P0004,0,7.981318997946733e-05,0
2023-11-29,S004,P0004,0,0.0,0
2023-11-30,S004,P0004,0,2.8536515574327032e-05,0
2023-12-01,S004,P0004,0,5.3899723596192384e-05,0
2023-12-02,S004,P0004,0,0.0014803188616091423,0
2023-12-03,S004,P0004,0,2.902104423732585e-05,0
2023-12-04,S004,P0004,0,0.00014222738183580772,0
2023-12-05,S004,P0004,0,2.8396623889346913e-05,0
2023-12-06,S004,P0004,0,0.0050437776477957755,0
2023-12-07,S004,P0004,0,0.0,0
2023-12-08,S004,P0004,0,0.0,0
2023-12-09,S004,P0004,0,0.023110068700926547,0
2023-12-10,S004,P0004,0,0.0,0
2023-12-11,S004,P0004,0,0.005,0
2023-12-12,S004,P0004,0,1.6767282727573657e-05,0
2023-12-13,S004,P0004,0,0.0,0
2023-12-14,S004,P0004,0,2.8536515574327032e-05,0
2023-12-15,S004,P0004,0,1.3151999304208986e-05,0
2023-12-16,S004,P0004,1,0.9833351036569656,1
2023-12-17,S004,P0004,0,0.0,0
2023-12-18,S004,P0004,0,0.0,0
2023-12-19,S004,P0004,0,1.3151999304208986e-05,0
2023-12-20,S004,P0004,0,5.122548784720817e-06,0
2023-12-21,S004,P0004,0,2.5952235107473395e-05,0
2023-12-22,S004,P0004,0,0.00014222738183580772,0
2023-12-23,S004,P0004,0,1.3151999304208986e-05,0
2023-12-24,S004,P0004,0,1.5244624585137928e-05,0
2023-12-25,S004,P0004,0,4.3781140159464967e-05,0
2023-12-26,S004,P0004,0,0.0,0
2023-12-27,S004,P0004,0,0.0,0
2023-12-28,S004,P0004,0,1.6767282727573657e-05,0
2023-12-29,S004,P0004,0,1.6767282727573657e-05,0
2023-12-30,S004,P0004,0,1.6767282727573657e-05,0
2023-12-31,S004,P0004,0,0.0,0
2024-01-01,S004,P0004,0,1.6767282727573657e-05,0
2024-01-02,S004,P0004,0,2.5952235107473395e-05,0
2024-01-03,S004,P0004,0,0.0006843406599603192,0
2024-01-04,S004,P0004,0,0.0006959853939031721,0
2024-01-05,S004,P0004,0,4.8008849830859627e-05,0
2024-01-06,S004,P0004,0,0.0,0
2024-01-07,S004,P0004,0,0.0006730755416753977,0
2024-01-08,S004,P0004,1,0.997548782845407,1
2024-01-09,S004,P0004,0,2.5952235107473395e-05,0
2024-01-10,S004,P0004,0,0.020681156550973953,0
2024-01-11,S004,P0004,0,8.674000935154948e-05,0
2024-01-12,S004,P0004,0,0.0,0
2024-01-13,S004,P0004,0,0.0,0
2024-01-14,S004,P0004,0,8.298242911516675e-05,0
2024-01-15,S004,P0004,0,0.00011269224445902287,0
2024-01-16,S004,P0004,0,0.004027927566284549,0
2024-01-17,S004,P0004,0,2.8536515574327032e-05,0
2024-01-18,S004,P0004,0,0.0001411859228923892,0
2024-01-19,S004,P0004,0,0.0004924217318369907,0
2024-01-20,S004,P0004,0,0.00019667329537664742,0
2024-01-21,S004,P0004,0,0.00013802017612037947,0
2024-01-22,S004,P0004,0,8.674000935154948e-05,0
2024-01-23,S004,P0004,0,8.674000935154948e-05,0
2024-01-24,S004,P0004,0,8.674000935154948e-05,0
2024-01-25,S004,P0004,0,8.674000935154948e-05,0
2024-01-26,S004,P0004,0,0.00015747200642094564,0
2024-01-27,S004,P0004,0,0.0038726637690741626,0
2024-01-28,S004,P0004,1,0.9997123398986951,1
2024-01-29,S004,P0004,0,8.674000935154948e-05,0
2024-01-30,S004,P0004,0,2.8536515574327032e-05,0
2023-10-13,S004,P0005,0,0.08555909556315894,0
2023-10-14,S004,P0005,1,0.9755315339939604,1
2023-10-15,S004,P0005,0,0.01961144687186777,0
2023-10-16,S004,P0005,0,0.0033271407954188637,0
2023-10-17,S004,P0005,0,0.0010722685535161827,0
2023-10-18,S004,P0005,0,0.010325990269239355,0
2023-10-19,S004,P0005,0,0.020144969898171997,0
2023-10-20,S004,P0005,0,0.0004192306494590068,0
2023-10-21,S004,P0005,0,0.0013133599617181255,0
2023-10-22,S004,P0005,0,0.0034407503862430773,0
2023-10-23,S004,P0005,1,0.9974809293721077,1
2023-10-24,S004,P0005,1,0.993440850904079,1
2023-10-25,S004,P0005,0,0.01829741674667622,0
2023-10-26,S004,P0005,0,0.018685189745462925,0
2023-10-27,S004,P0005,0,0.00032207165224965966,0
2023-10-28,S004,P0005,0,0.01672903820618149,0
2023-10-29,S004,P0005,0,1.3454263660232394e-05,0
2023-10-30,S004,P0005,0,1.3151999304208986e-05,0
2023-10-31,S004,P0005,1,0.9521152260683095,1
2023-11-01,S004,P0005,1,0.9939961248676606,1
2023-11-02,S004,P0005,0,0.08361868701753288,0
2023-11-03,S004,P0005,1,0.986349715626786,1
2023-11-04,S004,P0005,0,0.0008171020504015699,0
2023-11-05,S004,P0005,0,0.017628544229477416,0
2023-11-06,S004,P0005,1,0.9992732295977301,1
2023-11-07,S004,P0005,0,0.04776705453932212,0
2023-11-08,S004,P0005,0,0.024574264654133975,0
2023-11-09,S004,P0005,1,0.9992933352232122,1
2023-11-10,S004,P0005,0,0.0021430874330109497,0
2023-11-11,S004,P0005,0,0.04142107333112365,0
2023-11-12,S004,P0005,0,0.03640226669319186,0
2023-11-13,S004,P0005,0,0.0006111507590336802,0
2023-11-14,S004,P0005,0,0.007917951659441431,0
2023-11-15,S004,P0005,1,0.9983750318744046,1
2023-11-16,S004,P0005,0,0.0029203941884664835,0
2023-11-17,S004,P0005,1,0.9813294570204242,1
2023-11-18,S004,P0005,1,0.993212282290989,1
2023-11-19,S004,P0005,0,0.027728343091464557,0
2023-11-20,S004,P0005,1,0.9939797826629614,1
2023-11-21,S004,P0005,0,0.0,0
2023-11-22,S004,P0005,0,0.0010887333045555853,0
2023-11-23,S004,P0005,1,0.9998359234820369,1
2023-11-24,S004,P0005,0,0.013346359528471265,0
2023-11-25,S004,P0005,0,0.0057586302043280265,0
2023-11-26,S004,P0005,0,0.005075363314207309,0
2023-11-27,S004,P0005,0,0.0006522463388913413,0
2023-11-28,S004,P0005,0,0.0015279502399631745,0
2023-11-29,S004,P0005,0,0.0,0
2023-11-30,S004,P0005,0,0.0,0
2023-12-01,S004,P0005,1,0.9775044715555046,1
2023-12-02,S004,P0005,0,0.002051691314841518,0
2023-12-03,S004,P0005,1,0.9767210413794603,1
2023-12-04,S004,P0005,0,0.0042739677191194585,0
2023-12-05,S004,P0005,1,0.9988918920701956,1
2023-12-06,S004,P0005,0,0.0014431249187791403,0
2023-12-07,S004,P0005,1,0.9915424254618137,1
2023-12-08,S004,P0005,0,0.0012953244935640887,0
2023-12-09,S004,P0005,1,0.9976348826690306,1
2023-12-10,S004,P0005,1,0.9964809379564769,1
2023-12-11,S004,P0005,1,0.9938785628135461,1
2023-12-12,S004,P0005,1,0.9768042069767161,1
2023-12-13,S004,P0005,0,0.04144751234696754,0
2023-12-14,S004,P0005,0,0.0006150223431245314,0
2023-12-15,S004,P0005,1,0.9998034833251742,1
2023-12-16,S004,P0005,0,0.008708090028863275,0
2023-12-17,S004,P0005,1,0.9997373624589531,1
2023-12-18,S004,P0005,0,0.0,0
2023-12-19,S004,P0005,1,0.9998512997145181,1
2023-12-20,S004,P0005,0,0.001383067901956419,0
2023-12-21,S004,P0005,1,0.9999502833519758,1
2023-12-22,S004,P0005,0,0.03228611913478012,0
2023-12-23,S004,P0005,0,0.000556023162030814,0
2023-12-24,S004,P0005,0,0.006200433945497785,0
2023-12-25,S004,P0005,1,0.9902676343548211,1
2023-12-26,S004,P0005,1,0.9865938843583153,1
2023-12-27,S004,P0005,0,0.0002636224494458085,0
2023-12-28,S004,P0005,1,0.9999057869318603,1
2023-12-29,S004,P0005,0,0.0,0
2023-12-30,S004,P0005,1,0.9993039095364712,1
2023-12-31,S004,P0005,0,0.0033105511487201734,0
2024-01-01,S004,P0005,1,0.9998499744395862,1
2024-01-02,S004,P0005,1,0.9938235957886375,1
2024-01-03,S004,P0005,0,0.037909315391649934,0
2024-01-04,S004,P0005,0,0.003515343319048987,0
2024-01-05,S004,P0005,1,0.9990886660136832,1
2024-01-06,S004,P0005,0,0.012924496759852442,0
2024-01-07,S004,P0005,0,0.0115351907388541,0
2024-01-08,S004,P0005,0,0.024211918847259054,0
2024-01-09,S004,P0005,0,0.002221140485355437,0
2024-01-10,S004,P0005,0,0.04602359238647214,0
2024-01-11,S004,P0005,0,0.01872857135399253,0
2024-01-12,S004,P0005,0,0.0007156979101074183,0
2024-01-13,S004,P0005,1,0.9943538229660328,1
2024-01-14,S004,P0005,0,0.0027364749871820237,0
2024-01-15,S004,P0005,0,0.045648608574682205,0
2024-01-16,S004,P0005,0,0.03578320392596197,0
2024-01-17,S004,P0005,0,0.03374636733872953,0
2024-01-18,S004,P0005,0,0.01797707322676914,0
2024-01-19,S004,P0005,1,0.9994786788999965,1
2024-01-20,S004,P0005,1,0.994802892018596,1
2024-01-21,S004,P0005,0,1.5244624585137928e-05,0
2024-01-22,S004,P0005,0,0.005368072596011295,0
2024-01-23,S004,P0005,0,0.0006733745742336204,0
2024-01-24,S004,P0005,0,0.07911778487442137,0
2024-01-25,S004,P0005,0,0.01980762436288262,0
2024-01-26,S004,P0005,1,0.9997049523700202,1
2024-01-27,S004,P0005,1,0.9983021358999034,1
2024-01-28,S004,P0005,0,0.00039816264521629703,0
2024-01-29,S004,P0005,0,0.0,0
2024-01-30,S004,P0005,0,1.6767282727573657e-05,0
2023-10-13,S004,P0006,0,0.0,0
2023-10-14,S004,P0006,0,0.0,0
2023-10-15,S004,P0006,0,0.0006479765440723125,0
2023-10-16,S004,P0006,0,0.0007193262141843006,0
2023-10-17,S004,P0006,0,1.3454263660232394e-05,0
2023-10-18,S004,P0006,0,0.04469150325725929,0
2023-10-19,S004,P0006,0,0.00015165428474894657,0
2023-10-20,S004,P0006,0,1.3454263660232394e-05,0
2023-10-21,S004,P0006,0,0.005464698882363761,0
2023-10-22,S004,P0006,0,0.00030200589672664166,0
2023-10-23,S004,P0006,0,0.0002995075392892045,0
2023-10-24,S004,P0006,0,3.940649876770579e-05,0
2023-10-25,S004,P0006,0,3.6035542183692063e-05,0
2023-10-26,S004,P0006,0,3.910423441168238e-05,0
2023-10-27,S004,P0006,0,0.0001447728267652982,0
2023-10-28,S004,P0006,1,0.9990515374025629,1
2023-10-29,S004,P0006,0,0.0,0
2023-10-30,S004,P0006,0,0.0,0
2023-10-31,S004,P0006,0,5.122548784720817e-06,0
2023-11-01,S004,P0006,0,0.0,0
2023-11-02,S004,P0006,0,0.0,0
2023-11-03,S004,P0006,0,0.07755482577780089,0
2023-11-04,S004,P0006,0,0.005398162645216297,0
2023-11-05,S004,P0006,1,0.9837541175902943,1
2023-11-06,S004,P0006,0,1.3151999304208986e-05,0
2023-11-07,S004,P0006,0,3.910423441168238e-05,0
2023-11-08,S004,P0006,0,2.8536515574327032e-05,0
2023-11-09,S004,P0006,1,0.9958243611447557,1
2023-11-10,S004,P0006,0,1.3151999304208986e-05,0
2023-11-11,S004,P0006,0,1.3151999304208986e-05,0
2023-11-12,S004,P0006,0,2.8396623889346913e-05,0
2023-11-13,S004,P0006,0,0.0,0
2023-11-14,S004,P0006,0,0.031467505291011305,0
2023-11-15,S004,P0006,0,0.00012829355577373218,0
2023-11-16,S004,P0006,0,0.024058643626541483,0
2023-11-17,S004,P0006,1,0.999833795178957,1
2023-11-18,S004,P0006,0,0.00020293445151777656,0
2023-11-19,S004,P0006,0,2.8536515574327032e-05,0
2023-11-20,S004,P0006,0,0.031831179787974034,0
2023-11-21,S004,P0006,0,2.8536515574327032e-05,0
2023-11-22,S004,P0006,0,0.0005394632753444624,0
2023-11-23,S004,P0006,0,7.396108493833302e-05,0
2023-11-24,S004,P0006,0,0.0,0
2023-11-25,S004,P0006,1,0.9829422915072206,1
2023-11-26,S004,P0006,0,1.3151999304208986e-05,0
2023-11-27,S004,P0006,0,2.8396623889346913e-05,0
2023-11-28,S004,P0006,0,0.0001935075486046377,0
2023-11-29,S004,P0006,0,0.0,0
2023-11-30,S004,P0006,0,1.3151999304208986e-05,0
2023-12-01,S004,P0006,0,1.3151999304208986e-05,0
2023-12-02,S004,P0006,0,2.8536515574327032e-05,0
2023-12-03,S004,P0006,0,0.0005277844361192499,0
2023-12-04,S004,P0006,0,5.122548784720817e-06,0
2023-12-05,S004,P0006,0,0.0,0
2023-12-06,S004,P0006,0,0.00022883242273100387,0
2023-12-07,S004,P0006,1,0.9851031628841079,1
2023-12-08,S004,P0006,0,0.0,0
2023-12-09,S004,P0006,0,2.8396623889346913e-05,0
2023-12-10,S004,P0006,0,0.03948229871349116,0
2023-12-11,S004,P0006,1,0.9892035275081671,1
2023-12-12,S004,P0006,0,0.00019543193254472184,0
2023-12-13,S004,P0006,0,0.0012027255162387084,0
2023-12-14,S004,P0006,0,0.009541966049193155,0
2023-12-15,S004,P0006,0,1.5244624585137928e-05,0
2023-12-16,S004,P0006,0,0.0,0
2023-12-17,S004,P0006,0,0.01606556327017631,0
2023-12-18,S004,P0006,0,0.0007193262141843006,0
2023-12-19,S004,P0006,0,0.0,0
2023-12-20,S004,P0006,1,0.9626657326490791,1
2023-12-21,S004,P0006,0,2.8396623889346913e-05,0
2023-12-22,S004,P0006,0,1.6767282727573657e-05,0
2023-12-23,S004,P0006,0,0.02201276424553264,0
2023-12-24,S004,P0006,1,0.9998682380201918,1
2023-12-25,S004,P0006,0,7.546835029968916e-05,0
2023-12-26,S004,P0006,0,0.0014576940488803076,0
2023-12-27,S004,P0006,0,0.0025175307890099364,0
2023-12-28,S004,P0006,0,0.0006479765440723125,0
2023-12-29,S004,P0006,0,0.0,0
2023-12-30,S004,P0006,0,0.0004116169088765294,0
2023-12-31,S004,P0006,0,0.020993098377380254,0
2024-01-01,S004,P0006,0,0.0,0
2024-01-02,S004,P0006,0,0.0025018135159737627,0
2024-01-03,S004,P0006,0,4.8008849830859627e-05,0
2024-01-04,S004,P0006,0,0.0002398026031200692,0
2024-01-05,S004,P0006,0,0.0007299326518703955,0
2024-01-06,S004,P0006,0,5.122548784720817e-06,0
2024-01-07,S004,P0006,0,2.902104423732585e-05,0
2024-01-08,S004,P0006,0,5.97049361691353e-05,0
2024-01-09,S004,P0006,1,0.9511597616201329,1
2024-01-10,S004,P0006,0,0.0,0
2024-01-11,S004,P0006,0,0.0,0
2024-01-12,S004,P0006,0,0.00017344837919724957,0
2024-01-13,S004,P0006,0,5.122548784720817e-06,0
2024-01-14,S004,P0006,0,4.0665778180178686e-05,0
2024-01-15,S004,P0006,0,1.6767282727573657e-05,0
2024-01-16,S004,P0006,0,5.122548784720817e-06,0
2024-01-17,S004,P0006,0,0.001691981226778068,0
2024-01-18,S004,P0006,0,0.045888561725508516,0
2024-01-19,S004,P0006,1,0.9998398496824485,1
2024-01-20,S004,P0006,0,0.0,0
2024-01-21,S004,P0006,0,3.92012889557018e-05,0
2024-01-22,S004,P0006,0,0.002420398660742981,0
2024-01-23,S004,P0006,1,0.9883911888090445,1
2024-01-24,S004,P0006,0,3.6035542183692063e-05,0
2024-01-25,S004,P0006,0,0.07740270274960545,0
2024-01-26,S004,P0006,1,0.9999508036449243,1
2024-01-27,S004,P0006,0,8.674000935154948e-05,0
2024-01-28,S004,P0006,0,8.346695777816559e-05,0
2024-01-29,S004,P0006,0,0.005398162645216297,0
2024-01-30,S004,P0006,0,0.001134299167665845,0
2023-10-13,S004,P0007,0,1.6767282727573657e-05,0
2023-10-14,S004,P0007,0,0.0,0
2023-10-15,S004,P0007,0,0.0006479765440723125,0
2023-10-16,S004,P0007,0,2.5952235107473395e-05,0
2023-10-17,S004,P0007,0,0.0006479765440723125,0
2023-10-18,S004,P0007,0,0.0,0
2023-10-19,S004,P0007,0,7.546835029968916e-05,0
2023-10-20,S004,P0007,0,4.8008849830859627e-05,0
2023-10-21,S004,P0007,0,0.00015165428474894657,0
2023-10-22,S004,P0007,0,0.0,0
2023-10-23,S004,P0007,0,2.5952235107473395e-05,0
2023-10-24,S004,P0007,0,0.003836565492236427,0
2023-10-25,S004,P0007,1,0.999935617534601,1
2023-10-26,S004,P0007,0,1.3151999304208986e-05,0
2023-10-27,S004,P0007,0,0.0,0
2023-10-28,S004,P0007,0,0.0008438381290266782,0
2023-10-29,S004,P0007,0,2.902104423732585e-05,0
2023-10-30,S004,P0007,0,1.6767282727573657e-05,0
2023-10-31,S004,P0007,0,0.0,0
2023-11-01,S004,P0007,0,0.0,0
2023-11-02,S004,P0007,0,1.6767282727573657e-05,0
2023-11-03,S004,P0007,0,1.6767282727573657e-05,0
2023-11-04,S004,P0007,0,0.0,0
2023-11-05,S004,P0007,0,2.8536515574327032e-05,0
2023-11-06,S004,P0007,0,0.0,0
2023-11-07,S004,P0007,0,6.75979128450487e-05,0
2023-11-08,S004,P0007,1,0.9608716979112615,1
2023-11-09,S004,P0007,0,0.0036897517233743164,0
2023-11-10,S004,P0007,0,1.3151999304208986e-05,0
2023-11-11,S004,P0007,0,3.910423441168238e-05,0
2023-11-12,S004,P0007,0,2.5952235107473395e-05,0
2023-11-13,S004,P0007,0,6.75979128450487e-05,0
2023-11-14,S004,P0007,0,0.0,0
2023-11-15,S004,P0007,0,0.0,0
2023-11-16,S004,P0007,0,0.00028714273782241996,0
2023-11-17,S004,P0007,0,5.128016676882999e-05,0
2023-11-18,S004,P0007,0,0.005081577868032325,0
2023-11-19,S004,P0007,1,0.999514835860297,1
2023-11-20,S004,P0007,0,1.3151999304208986e-05,0
2023-11-21,S004,P0007,0,0.00023216264761569217,0
2023-11-22,S004,P0007,0,8.993526577988445e-05,0
2023-11-23,S004,P0007,0,0.00028870344010428864,0
2023-11-24,S004,P0007,0,0.05993389424967727,0
2023-11-25,S004,P0007,0,0.0,0
2023-11-26,S004,P0007,0,0.00015747200642094564,0
2023-11-27,S004,P0007,0,0.0,0
2023-11-28,S004,P0007,0,5.122548784720817e-06,0
2023-11-29,S004,P0007,0,0.0,0
2023-11-30,S004,P0007,0,0.0,0
2023-12-01,S004,P0007,0,0.0,0
2023-12-02,S004,P0007,0,0.00018088248084686219,0
2023-12-03,S004,P0007,0,0.0,0
2023-12-04,S004,P0007,0,1.6767282727573657e-05,0
2023-12-05,S004,P0007,0,5.122548784720817e-06,0
2023-12-06,S004,P0007,0,0.0001883815074562272,0
2023-12-07,S004,P0007,0,0.0,0
2023-12-08,S004,P0007,0,0.0,0
2023-12-09,S004,P0007,0,0.0273534397374901,0
2023-12-10,S004,P0007,0,0.0,0
2023-12-11,S004,P0007,0,5.3899723596192384e-05,0
2023-12-12,S004,P0007,0,0.0,0
2023-12-13,S004,P0007,0,0.0,0
2023-12-14,S004,P0007,0,1.6767282727573657e-05,0
2023-12-15,S004,P0007,0,0.000579089918822559,0
2023-12-16,S004,P0007,0,0.00015234596527253515,0
2023-12-17,S004,P0007,0,0.0,0
2023-12-18,S004,P0007,0,0.0,0
2023-12-19,S004,P0007,0,5.3899723596192384e-05,0
2023-12-20,S004,P0007,0,0.0,0
2023-12-21,S004,P0007,0,1.6767282727573657e-05,0
2023-12-22,S004,P0007,0,5.122548784720817e-06,0
2023-12-23,S004,P0007,0,0.0,0
2023-12-24,S004,P0007,0,0.00014222738183580772,0
2023-12-25,S004,P0007,0,0.0,0
2023-12-26,S004,P0007,0,1.6767282727573657e-05,0
2023-12-27,S004,P0007,0,0.0,0
2023-12-28,S004,P0007,0,5.122548784720817e-06,0
2023-12-29,S004,P0007,0,0.0,0
2023-12-30,S004,P0007,0,5.122548784720817e-06,0
2023-12-31,S004,P0007,0,2.902104423732585e-05,0
2024-01-01,S004,P0007,0,5.97049361691353e-05,0
2024-01-02,S004,P0007,0,5.122548784720817e-06,0
2024-01-03,S004,P0007,0,5.122548784720817e-06,0
2024-01-04,S004,P0007,0,0.00015677683353366737,0
2024-01-05,S004,P0007,0,5.122548784720817e-06,0
2024-01-06,S004,P0007,0,0.0006843406599603192,0
2024-01-07,S004,P0007,0,0.0,0
2024-01-08,S004,P0007,0,1.164473394285284e-05,0
2024-01-09,S004,P0007,0,0.0,0
2024-01-10,S004,P0007,0,0.04904250104841169,0
2024-01-11,S004,P0007,0,0.00011269224445902287,0
2024-01-12,S004,P0007,0,2.5952235107473395e-05,0
2024-01-13,S004,P0007,1,0.996950450996914,1
2024-01-14,S004,P0007,0,0.0,0
2024-01-15,S004,P0007,0,0.0,0
2024-01-16,S004,P0007,0,0.03298636721736879,0
2024-01-17,S004,P0007,0,0.0001411859228923892,0
2024-01-18,S004,P0007,0,1.6767282727573657e-05,0
2024-01-19,S004,P0007,0,5.122548784720817e-06,0
2024-01-20,S004,P0007,0,0.00018869300378238752,0
2024-01-21,S004,P0007,0,0.0,0
2024-01-22,S004,P0007,0,5.122548784720817e-06,0
2024-01-23,S004,P0007,0,1.6767282727573657e-05,0
2024-01-24,S004,P0007,0,2.5952235107473395e-05,0
2024-01-25,S004,P0007,0,2.8536515574327032e-05,0
2024-01-26,S004,P0007,0,8.674000935154948e-05,0
2024-01-27,S004,P0007,1,0.9936323847310945,1
2024-01-28,S004,P0007,1,0.9995954406745889,1
2024-01-29,S004,P0007,0,0.0,0
2024-01-30,S004,P0007,0,5.122548784720817e-06,0
2023-10-13,S004,P0008,0,0.00029036116278378883,0
2023-10-14,S004,P0008,0,0.003590380465729981,0
2023-10-15,S004,P0008,0,0.00029036116278378883,0
2023-10-16,S004,P0008,0,0.0,0
2023-10-17,S004,P0008,0,7.69948015300162e-05,0
2023-10-18,S004,P0008,0,0.0,0
2023-10-19,S004,P0008,0,0.0,0
2023-10-20,S004,P0008,0,7.69948015300162e-05,0
2023-10-21,S004,P0008,0,0.04669392979124663,0
2023-10-22,S004,P0008,0,0.00034350591567614274,0
2023-10-23,S004,P0008,0,0.0,0
2023-10-24,S004,P0008,0,7.69948015300162e-05,0
2023-10-25,S004,P0008,0,0.08407228814755995,0
2023-10-26,S004,P0008,0,0.049246721556709394,0
2023-10-27,S004,P0008,0,0.0007746862009626435,0
2023-10-28,S004,P0008,1,0.9976321170588126,1
2023-10-29,S004,P0008,0,0.0060569934165127645,0
2023-10-30,S004,P0008,0,1.164473394285284e-05,0
2023-10-31,S004,P0008,0,0.0679064510662458,0
2023-11-01,S004,P0008,0,0.04194334520782237,0
2023-11-02,S004,P0008,1,0.9965719964646117,1
2023-11-03,S004,P0008,1,0.9711788093587357,1
2023-11-04,S004,P0008,0,0.002120704999541376,0
2023-11-05,S004,P0008,1,0.9947732093551235,1
2023-11-06,S004,P0008,0,0.0,0
2023-11-07,S004,P0008,0,0.0003223768224763944,0
2023-11-08,S004,P0008,0,0.023001929335888828,0
2023-11-09,S004,P0008,1,0.9997207627788532,1
2023-11-10,S004,P0008,1,0.9844826861687457,1
2023-11-11,S004,P0008,0,0.07730205512697969,0
2023-11-12,S004,P0008,0,0.020382510702153647,0
2023-11-13,S004,P0008,1,0.8108165282629223,1
2023-11-14,S004,P0008,0,0.0004169170514488227,0
2023-11-15,S004,P0008,0,0.003407098251189926,0
2023-11-16,S004,P0008,0,0.004453716612378921,0
2023-11-17,S004,P0008,0,0.025754230730259512,0
2023-11-18,S004,P0008,1,0.9932071178784366,1
2023-11-19,S004,P0008,0,0.00524876123920592,0
2023-11-20,S004,P0008,0,0.0,0
2023-11-21,S004,P0008,0,0.0005288507270371344,0
2023-11-22,S004,P0008,0,0.003063999882741368,0
2023-11-23,S004,P0008,0,0.0003217693878936362,0
2023-11-24,S004,P0008,1,0.9984867913645538,1
2023-11-25,S004,P0008,0,0.0006521173278652376,0
2023-11-26,S004,P0008,0,0.0028173908418518906,0
2023-11-27,S004,P0008,0,0.0019357792673935664,0
2023-11-28,S004,P0008,0,0.03706095478239312,0
2023-11-29,S004,P0008,1,0.9998024931055569,1
2023-11-30,S004,P0008,0,0.001580138567306352,0
2023-12-01,S004,P0008,1,0.9860211299359386,1
2023-12-02,S004,P0008,0,0.030722558509433045,0
2023-12-03,S004,P0008,0,0.0023671290881460264,0
2023-12-04,S004,P0008,0,0.05798814789146288,0
2023-12-05,S004,P0008,1,0.9983716264164839,1
2023-12-06,S004,P0008,0,0.0016329937961617996,0
2023-12-07,S004,P0008,0,0.008634906116248913,0
2023-12-08,S004,P0008,0,0.0010405315901127871,0
2023-12-09,S004,P0008,0,0.013975703272005464,0
2023-12-10,S004,P0008,0,0.039252678302576456,0
2023-12-11,S004,P0008,0,0.0008294486857843649,0
2023-12-12,S004,P0008,1,0.9712279029221846,1
2023-12-13,S004,P0008,0,0.005308617388589427,0
2023-12-14,S004,P0008,0,0.01831868133983975,0
2023-12-15,S004,P0008,0,0.0007746862009626435,0
2023-12-16,S004,P0008,0,0.0016885081341850995,0
2023-12-17,S004,P0008,1,0.9995843048128898,1
2023-12-18,S004,P0008,0,0.012767133589244724,0
2023-12-19,S004,P0008,1,0.985862121275033,1
2023-12-20,S004,P0008,0,0.05999287551826624,0
2023-12-21,S004,P0008,0,0.07978160670503871,0
2023-12-22,S004,P0008,0,0.010320315753144176,0
2023-12-23,S004,P0008,0,0.0019686180218526817,0
2023-12-24,S004,P0008,0,0.008142552451512092,0
2023-12-25,S004,P0008,0,0.004590957787479217,0
2023-12-26,S004,P0008,0,0.007245993055060517,0
2023-12-27,S004,P0008,0,5.255849807191477e-05,0
2023-12-28,S004,P0008,0,0.0006479765440723125,0
2023-12-29,S004,P0008,0,0.00882296977025149,0
2023-12-30,S004,P0008,0,0.00029036116278378883,0
2023-12-31,S004,P0008,0,0.005064934743646204,0
2024-01-01,S004,P0008,0,0.0030461096200889216,0
2024-01-02,S004,P0008,0,0.0014520847140412508,0
2024-01-03,S004,P0008,0,0.0,0
2024-01-04,S004,P0008,0,0.0,0
2024-01-05,S004,P0008,0,0.0035133856641999645,0
2024-01-06,S004,P0008,0,0.000367355964313805,0
2024-01-07,S004,P0008,0,0.037005895578377815,0
2024-01-08,S004,P0008,0,7.69948015300162e-05,0
2024-01-09,S004,P0008,0,0.009720783520780943,0
2024-01-10,S004,P0008,1,0.9815501771080831,1
2024-01-11,S004,P0008,1,0.9492052154491357,1
2024-01-12,S004,P0008,0,0.0143289795945276,0
2024-01-13,S004,P0008,0,0.008425337657891213,0
2024-01-14,S004,P0008,1,0.9645016987996875,1
2024-01-15,S004,P0008,0,0.0004931109183029851,0
2024-01-16,S004,P0008,0,0.08274373329240232,0
2024-01-17,S004,P0008,0,0.004704365528458168,0
2024-01-18,S004,P0008,0,0.0004905050614961632,0
2024-01-19,S004,P0008,0,0.017930628926158466,0
2024-01-20,S004,P0008,0,0.045051681844508,0
2024-01-21,S004,P0008,0,0.03829582633408336,0
2024-01-22,S004,P0008,0,0.0023624891956926294,0
2024-01-23,S004,P0008,0,0.07548855723413932,0
2024-01-24,S004,P0008,1,0.9807333227532521,1
2024-01-25,S004,P0008,0,0.10347682425891593,0
2024-01-26,S004,P0008,0,0.036960831794407706,0
2024-01-27,S004,P0008,0,0.004073170918784032,0
2024-01-28,S004,P0008,0,0.000981692930264825,0
2024-01-29,S004,P0008,0,0.11590678195718515,0
2024-01-30,S004,P0008,0,0.003314003595182735,0
2023-10-13,S004,P0009,0,0.0,0
2023-10-14,S004,P0009,0,0.00015165428474894657,0
2023-10-15,S004,P0009,1,0.9982708885390541,1
2023-10-16,S004,P0009,0,3.910423441168238e-05,0
2023-10-17,S004,P0009,0,5.122548784720817e-06,0
2023-10-18,S004,P0009,0,0.0,0
2023-10-19,S004,P0009,0,0.0,0
2023-10-20,S004,P0009,0,5.122548784720817e-06,0
2023-10-21,S004,P0009,0,5.122548784720817e-06,0
2023-10-22,S004,P0009,0,2.902104423732585e-05,0
2023-10-23,S004,P0009,0,5.97049361691353e-05,0
2023-10-24,S004,P0009,0,1.3151999304208986e-05,0
2023-10-25,S004,P0009,0,0.0781937504682548,0
2023-10-26,S004,P0009,0,5.2353288259910785e-05,0
2023-10-27,S004,P0009,0,0.034315484910951495,0
2023-10-28,S004,P0009,0,1.3151999304208986e-05,0
2023-10-29,S004,P0009,0,4.0665778180178686e-05,0
2023-10-30,S004,P0009,0,1.164473394285284e-05,0
2023-10-31,S004,P0009,0,0.000516815258015768,0
2023-11-01,S004,P0009,0,0.06798469029904466,0
2023-11-02,S004,P0009,1,0.9998453922874475,1
2023-11-03,S004,P0009,0,0.0,0
2023-11-04,S004,P0009,0,5.122548784720817e-06,0
2023-11-05,S004,P0009,0,2.8536515574327032e-05,0
2023-11-06,S004,P0009,0,0.0,0
2023-11-07,S004,P0009,0,0.00032538467131700097,0
2023-11-08,S004,P0009,0,5.122548784720817e-06,0
2023-11-09,S004,P0009,0,5.122548784720817e-06,0
2023-11-10,S004,P0009,0,3.107478389219421e-05,0
2023-11-11,S004,P0009,0,0.000664743826799886,0
2023-11-12,S004,P0009,0,5.497327934479925e-05,0
2023-11-13,S004,P0009,0,9.89062251248371e-05,0
2023-11-14,S004,P0009,0,0.0,0
2023-11-15,S004,P0009,0,0.0003778128170371403,0
2023-11-16,S004,P0009,0,1.3151999304208986e-05,0
2023-11-17,S004,P0009,0,0.0,0
2023-11-18,S004,P0009,0,3.92012889557018e-05,0
2023-11-19,S004,P0009,0,0.0003337163861925125,0
2023-11-20,S004,P0009,0,1.164473394285284e-05,0
2023-11-21,S004,P0009,0,0.0,0
2023-11-22,S004,P0009,0,7.546835029968916e-05,0
2023-11-23,S004,P0009,0,0.022121934641794693,0
2023-11-24,S004,P0009,0,6.231635099548019e-05,0
2023-11-25,S004,P0009,0,0.00015165428474894657,0
2023-11-26,S004,P0009,0,0.0,0
2023-11-27,S004,P0009,0,6.231635099548019e-05,0
2023-11-28,S004,P0009,0,0.07961943916054125,0
2023-11-29,S004,P0009,0,1.3151999304208986e-05,0
2023-11-30,S004,P0009,0,0.0009565939326617398,0
2023-12-01,S004,P0009,0,2.8396623889346913e-05,0
2023-12-02,S004,P0009,0,5.122548784720817e-06,0
2023-12-03,S004,P0009,0,0.0,0
2023-12-04,S004,P0009,0,1.5244624585137928e-05,0
2023-12-05,S004,P0009,1,0.9882233425643429,1
2023-12-06,S004,P0009,0,3.865509901105446e-05,0
2023-12-07,S004,P0009,1,0.9697183103433633,1
2023-12-08,S004,P0009,0,0.0,0
2023-12-09,S004,P0009,0,0.0,0
2023-12-10,S004,P0009,0,0.0,0
2023-12-11,S004,P0009,0,0.0,0
2023-12-12,S004,P0009,0,3.865509901105446e-05,0
2023-12-13,S004,P0009,0,0.0,0
2023-12-14,S004,P0009,0,1.3151999304208986e-05,0
2023-12-15,S004,P0009,0,5.122548784720817e-06,0
2023-12-16,S004,P0009,0,1.6767282727573657e-05,0
2023-12-17,S004,P0009,0,0.00018088248084686219,0
2023-12-18,S004,P0009,0,0.0,0
2023-12-19,S004,P0009,0,1.3151999304208986e-05,0
2023-12-20,S004,P0009,0,1.3151999304208986e-05,0
2023-12-21,S004,P0009,0,0.00014222738183580772,0
2023-12-22,S004,P0009,0,1.3151999304208986e-05,0
2023-12-23,S004,P0009,0,0.002561959973080081,0
2023-12-24,S004,P0009,0,2.902104423732585e-05,0
2023-12-25,S004,P0009,0,0.00038154403486491157,0
2023-12-26,S004,P0009,0,0.0,0
2023-12-27,S004,P0009,0,0.0,0
2023-12-28,S004,P0009,0,0.0,0
2023-12-29,S004,P0009,0,2.5952235107473395e-05,0
2023-12-30,S004,P0009,0,3.910423441168238e-05,0
2023-12-31,S004,P0009,0,2.8536515574327032e-05,0
2024-01-01,S004,P0009,0,8.674000935154948e-05,0
2024-01-02,S004,P0009,0,0.009522669784631678,0
2024-01-03,S004,P0009,0,0.0,0
2024-01-04,S004,P0009,0,0.0,0
2024-01-05,S004,P0009,0,2.8536515574327032e-05,0
2024-01-06,S004,P0009,1,0.974767145985278,1
2024-01-07,S004,P0009,1,0.9995178771648842,1
2024-01-08,S004,P0009,0,8.674000935154948e-05,0
2024-01-09,S004,P0009,0,8.674000935154948e-05,0
2024-01-10,S004,P0009,0,2.8536515574327032e-05,0
2024-01-11,S004,P0009,0,9.989693188438528e-05,0
2024-01-12,S004,P0009,0,0.00953681355329309,0
2024-01-13,S004,P0009,0,5.122548784720817e-06,0
2024-01-14,S004,P0009,0,2.8536515574327032e-05,0
2024-01-15,S004,P0009,0,2.5952235107473395e-05,0
2024-01-16,S004,P0009,1,0.9299893543803909,1
2024-01-17,S004,P0009,0,8.674000935154948e-05,0
2024-01-18,S004,P0009,0,2.5952235107473395e-05,0
2024-01-19,S004,P0009,0,0.00014905636034702964,0
2024-01-20,S004,P0009,0,0.00015677683353366737,0
2024-01-21,S004,P0009,0,3.865509901105446e-05,0
2024-01-22,S004,P0009,0,1.6767282727573657e-05,0
2024-01-23,S004,P0009,0,2.8536515574327032e-05,0
2024-01-24,S004,P0009,0,0.04429065979682103,0
2024-01-25,S004,P0009,1,0.9998176918835696,1
2024-01-26,S004,P0009,0,0.0,0
2024-01-27,S004,P0009,0,3.865509901105446e-05,0
2024-01-28,S004,P0009,0,0.0,0
2024-01-29,S004,P0009,0,1.6767282727573657e-05,0
2024-01-30,S004,P0009,0,5.122548784720817e-06,0
2023-10-13,S004,P0010,0,0.0006596212780151652,0
2023-10-14,S004,P0010,0,1.3151999304208986e-05,0
2023-10-15,S004,P0010,0,3.7596969050326233e-05,0
2023-10-16,S004,P0010,0,3.910423441168238e-05,0
2023-10-17,S004,P0010,0,0.0006596212780151652,0
2023-10-18,S004,P0010,0,0.0,0
2023-10-19,S004,P0010,0,0.0,0
2023-10-20,S004,P0010,0,3.910423441168238e-05,0
2023-10-21,S004,P0010,0,0.00015165428474894657,0
2023-10-22,S004,P0010,0,0.0024690627780457786,0
2023-10-23,S004,P0010,0,3.910423441168238e-05,0
2023-10-24,S004,P0010,0,1.164473394285284e-05,0
2023-10-25,S004,P0010,0,0.0,0
2023-10-26,S004,P0010,1,0.9170961254539209,1
2023-10-27,S004,P0010,1,0.9998666550725236,1
2023-10-28,S004,P0010,1,0.9898763745876257,1
2023-10-29,S004,P0010,0,0.0,0
2023-10-30,S004,P0010,0,0.0,0
2023-10-31,S004,P0010,0,0.0,0
2023-11-01,S004,P0010,0,0.0,0
2023-11-02,S004,P0010,0,7.981668234315703e-05,0
2023-11-03,S004,P0010,0,1.3151999304208986e-05,0
2023-11-04,S004,P0010,0,0.011020495094655258,0
2023-11-05,S004,P0010,1,0.9990964979842114,1
2023-11-06,S004,P0010,0,3.910423441168238e-05,0
2023-11-07,S004,P0010,0,3.92012889557018e-05,0
2023-11-08,S004,P0010,0,0.00015747200642094564,0
2023-11-09,S004,P0010,0,2.8396623889346913e-05,0
2023-11-10,S004,P0010,0,3.910423441168238e-05,0
2023-11-11,S004,P0010,0,0.01916606892195204,0
2023-11-12,S004,P0010,0,0.00015747200642094564,0
2023-11-13,S004,P0010,0,0.0,0
2023-11-14,S004,P0010,0,1.6767282727573657e-05,0
2023-11-15,S004,P0010,0,1.6767282727573657e-05,0
2023-11-16,S004,P0010,0,0.0,0
2023-11-17,S004,P0010,0,5.122548784720817e-06,0
2023-11-18,S004,P0010,0,1.6767282727573657e-05,0
2023-11-19,S004,P0010,0,8.243623917051943e-05,0
2023-11-20,S004,P0010,0,0.0,0
2023-11-21,S004,P0010,0,0.0,0
2023-11-22,S004,P0010,0,0.0017285499880715458,0
2023-11-23,S004,P0010,0,5.9022272380913206e-05,0
2023-11-24,S004,P0010,0,0.0,0
2023-11-25,S004,P0010,0,5.122548784720817e-06,0
2023-11-26,S004,P0010,0,2.902104423732585e-05,0
2023-11-27,S004,P0010,0,0.0,0
2023-11-28,S004,P0010,0,2.8536515574327032e-05,0
2023-11-29,S004,P0010,0,1.3151999304208986e-05,0
2023-11-30,S004,P0010,1,0.9854230397269216,1
2023-12-01,S004,P0010,1,0.9996037928541255,1
2023-12-02,S004,P0010,0,5.122548784720817e-06,0
2023-12-03,S004,P0010,0,0.00014222738183580772,0
2023-12-04,S004,P0010,0,3.910423441168238e-05,0
2023-12-05,S004,P0010,0,5.122548784720817e-06,0
2023-12-06,S004,P0010,0,5.122548784720817e-06,0
2023-12-07,S004,P0010,0,2.8536515574327032e-05,0
2023-12-08,S004,P0010,0,5.3899723596192384e-05,0
2023-12-09,S004,P0010,0,0.00021067655712985977,0
2023-12-10,S004,P0010,0,0.05187962819899677,0
2023-12-11,S004,P0010,0,3.865509901105446e-05,0
2023-12-12,S004,P0010,0,1.6767282727573657e-05,0
2023-12-13,S004,P0010,0,5.122548784720817e-06,0
2023-12-14,S004,P0010,0,0.0,0
2023-12-15,S004,P0010,0,0.0,0
2023-12-16,S004,P0010,0,0.009248698338182804,0
2023-12-17,S004,P0010,1,0.9938860921009052,1
2023-12-18,S004,P0010,0,2.8396623889346913e-05,0
2023-12-19,S004,P0010,0,0.0037820830513184186,0
2023-12-20,S004,P0010,0,0.0001668989093340845,0
2023-12-21,S004,P0010,0,0.00014222738183580772,0
2023-12-22,S004,P0010,0,0.0,0
2023-12-23,S004,P0010,0,5.122548784720817e-06,0
2023-12-24,S004,P0010,0,0.0001189563100172103,0
2023-12-25,S004,P0010,0,5.3899723596192384e-05,0
2023-12-26,S004,P0010,0,0.0,0
2023-12-27,S004,P0010,0,5.3899723596192384e-05,0
2023-12-28,S004,P0010,0,0.0,0
2023-12-29,S004,P0010,0,1.6767282727573657e-05,0
2023-12-30,S004,P0010,0,0.00011369086626148068,0
2023-12-31,S004,P0010,0,0.0,0
2024-01-01,S004,P0010,0,5.122548784720817e-06,0
2024-01-02,S004,P0010,0,0.0,0
2024-01-03,S004,P0010,0,5.122548784720817e-06,0
2024-01-04,S004,P0010,0,0.00019543193254472184,0
2024-01-05,S004,P0010,0,3.865509901105446e-05,0
2024-01-06,S004,P0010,0,0.0,0
2024-01-07,S004,P0010,0,0.00018067532898627243,0
2024-01-08,S004,P0010,0,2.8536515574327032e-05,0
2024-01-09,S004,P0010,0,0.00011269224445902287,0
2024-01-10,S004,P0010,0,0.009476070253386433,0
2024-01-11,S004,P0010,1,0.9922195821688993,1
2024-01-12,S004,P0010,0,0.0,0
2024-01-13,S004,P0010,0,0.0,0
2024-01-14,S004,P0010,0,0.0,0
2024-01-15,S004,P0010,0,5.122548784720817e-06,0
2024-01-16,S004,P0010,0,5.3899723596192384e-05,0
2024-01-17,S004,P0010,0,0.0003251026639461961,0
2024-01-18,S004,P0010,0,5.122548784720817e-06,0
2024-01-19,S004,P0010,0,0.0,0
2024-01-20,S004,P0010,0,0.00014222738183580772,0
2024-01-21,S004,P0010,0,1.5244624585137928e-05,0
2024-01-22,S004,P0010,0,0.0,0
2024-01-23,S004,P0010,0,0.04231407961337935,0
2024-01-24,S004,P0010,0,0.00010198463393668741,0
2024-01-25,S004,P0010,0,0.00011269224445902287,0
2024-01-26,S004,P0010,0,0.0019113173127722387,0
2024-01-27,S004,P0010,0,5.128016676882999e-05,0
2024-01-28,S004,P0010,0,2.8536515574327032e-05,0
2024-01-29,S004,P0010,0,8.674000935154948e-05,0
2024-01-30,S004,P0010,0,8.674000935154948e-05,0
2023-10-13,S004,P0011,0,5.122548784720817e-06,0
2023-10-14,S004,P0011,0,2.8536515574327032e-05,0
2023-10-15,S004,P0011,0,1.3151999304208986e-05,0
2023-10-16,S004,P0011,0,1.6767282727573657e-05,0
2023-10-17,S004,P0011,0,0.0,0
2023-10-18,S004,P0011,0,2.5952235107473395e-05,0
2023-10-19,S004,P0011,0,0.0,0
2023-10-20,S004,P0011,0,2.5952235107473395e-05,0
2023-10-21,S004,P0011,0,2.8396623889346913e-05,0
2023-10-22,S004,P0011,0,0.00010829966285939541,0
2023-10-23,S004,P0011,0,5.97049361691353e-05,0
2023-10-24,S004,P0011,0,3.910423441168238e-05,0
2023-10-25,S004,P0011,0,3.910423441168238e-05,0
2023-10-26,S004,P0011,0,0.0017757309820960335,0
2023-10-27,S004,P0011,0,0.0,0
2023-10-28,S004,P0011,0,0.0,0
2023-10-29,S004,P0011,0,0.0,0
2023-10-30,S004,P0011,0,1.6767282727573657e-05,0
2023-10-31,S004,P0011,0,3.910423441168238e-05,0
2023-11-01,S004,P0011,0,0.0,0
2023-11-02,S004,P0011,0,1.3151999304208986e-05,0
2023-11-03,S004,P0011,0,0.000664743826799886,0
2023-11-04,S004,P0011,0,2.8396623889346913e-05,0
2023-11-05,S004,P0011,0,3.910423441168238e-05,0
2023-11-06,S004,P0011,0,1.5244624585137928e-05,0
2023-11-07,S004,P0011,0,3.107478389219421e-05,0
2023-11-08,S004,P0011,0,3.910423441168238e-05,0
2023-11-09,S004,P0011,0,4.8008849830859627e-05,0
2023-11-10,S004,P0011,0,3.910423441168238e-05,0
2023-11-11,S004,P0011,0,4.3781140159464967e-05,0
2023-11-12,S004,P0011,0,0.0,0
2023-11-13,S004,P0011,0,5.122548784720817e-06,0
2023-11-14,S004,P0011,0,1.6767282727573657e-05,0
2023-11-15,S004,P0011,0,0.00021067655712985977,0
2023-11-16,S004,P0011,0,0.0,0
2023-11-17,S004,P0011,0,1.5244624585137928e-05,0
2023-11-18,S004,P0011,0,0.0,0
2023-11-19,S004,P0011,0,0.0006596212780151652,0
2023-11-20,S004,P0011,0,0.0006596212780151652,0
2023-11-21,S004,P0011,0,6.443216607303898e-05,0
2023-11-22,S004,P0011,0,0.0006596212780151652,0
2023-11-23,S004,P0011,0,2.8536515574327032e-05,0
2023-11-24,S004,P0011,0,3.6035542183692063e-05,0
2023-11-25,S004,P0011,0,0.006935980438784189,0
2023-11-26,S004,P0011,1,0.9919557637046604,1
2023-11-27,S004,P0011,0,1.3151999304208986e-05,0
2023-11-28,S004,P0011,0,1.3151999304208986e-05,0
2023-11-29,S004,P0011,0,1.3151999304208986e-05,0
2023-11-30,S004,P0011,0,1.3151999304208986e-05,0
2023-12-01,S004,P0011,0,2.8536515574327032e-05,0
2023-12-02,S004,P0011,0,0.0,0
2023-12-03,S004,P0011,0,4.0665778180178686e-05,0
2023-12-04,S004,P0011,0,5.3899723596192384e-05,0
2023-12-05,S004,P0011,0,5.122548784720817e-06,0
2023-12-06,S004,P0011,0,0.0,0
2023-12-07,S004,P0011,0,8.993526577988445e-05,0
2023-12-08,S004,P0011,0,0.0,0
2023-12-09,S004,P0011,0,5.9022272380913206e-05,0
2023-12-10,S004,P0011,0,0.0,0
2023-12-11,S004,P0011,0,0.00023216264761569217,0
2023-12-12,S004,P0011,0,0.0,0
2023-12-13,S004,P0011,0,5.122548784720817e-06,0
2023-12-14,S004,P0011,0,0.0020517732673105814,0
2023-12-15,S004,P0011,0,1.164473394285284e-05,0
2023-12-16,S004,P0011,0,0.00015747200642094564,0
2023-12-17,S004,P0011,0,2.5952235107473395e-05,0
2023-12-18,S004,P0011,0,0.030362600608209483,0
2023-12-19,S004,P0011,1,0.9999700921646761,1
2023-12-20,S004,P0011,0,1.3151999304208986e-05,0
2023-12-21,S004,P0011,0,1.6767282727573657e-05,0
2023-12-22,S004,P0011,0,5.122548784720817e-06,0
2023-12-23,S004,P0011,0,0.0,0
2023-12-24,S004,P0011,0,0.0,0
2023-12-25,S004,P0011,0,2.8536515574327032e-05,0
2023-12-26,S004,P0011,0,2.8396623889346913e-05,0
2023-12-27,S004,P0011,0,1.3151999304208986e-05,0
2023-12-28,S004,P0011,0,0.004490820000517351,0
2023-12-29,S004,P0011,0,2.8536515574327032e-05,0
2023-12-30,S004,P0011,0,0.0,0
2023-12-31,S004,P0011,0,2.902104423732585e-05,0
2024-01-01,S004,P0011,0,0.0,0
2024-01-02,S004,P0011,0,0.0,0
2024-01-03,S004,P0011,0,1.5244624585137928e-05,0
2024-01-04,S004,P0011,0,0.0,0
2024-01-05,S004,P0011,0,0.0033424484705603854,0
2024-01-06,S004,P0011,0,0.00010198463393668741,0
2024-01-07,S004,P0011,0,0.03260800412911704,0
2024-01-08,S004,P0011,1,0.9990811691772052,1
2024-01-09,S004,P0011,0,0.0,0
2024-01-10,S004,P0011,0,5.122548784720817e-06,0
2024-01-11,S004,P0011,0,0.00032579783683347443,0
2024-01-12,S004,P0011,0,0.0,0
2024-01-13,S004,P0011,0,0.0050437776477957755,0
2024-01-14,S004,P0011,0,0.005773969887616174,0
2024-01-15,S004,P0011,0,0.0,0
2024-01-16,S004,P0011,0,0.0,0
2024-01-17,S004,P0011,0,0.00021067655712985977,0
2024-01-18,S004,P0011,0,5.122548784720817e-06,0
2024-01-19,S004,P0011,0,0.0,0
2024-01-20,S004,P0011,0,5.122548784720817e-06,0
2024-01-21,S004,P0011,0,2.902104423732585e-05,0
2024-01-22,S004,P0011,0,2.8536515574327032e-05,0
2024-01-23,S004,P0011,0,8.674000935154948e-05,0
2024-01-24,S004,P0011,0,0.00011269224445902287,0
2024-01-25,S004,P0011,0,1.6767282727573657e-05,0
2024-01-26,S004,P0011,0,8.674000935154948e-05,0
2024-01-27,S004,P0011,0,2.5952235107473395e-05,0
2024-01-28,S004,P0011,0,2.902104423732585e-05,0
2024-01-29,S004,P0011,0,5.122548784720817e-06,0
2024-01-30,S004,P0011,0,5.122548784720817e-06,0
2023-10-13,S004,P0012,0,0.0005430725697172659,0
2023-10-14,S004,P0012,1,0.9786390314411006,1
2023-10-15,S004,P0012,0,0.0006599258955554187,0
2023-10-16,S004,P0012,0,1.164473394285284e-05,0
2023-10-17,S004,P0012,0,0.0029230945116878832,0
2023-10-18,S004,P0012,0,0.02557388073131839,0
2023-10-19,S004,P0012,0,0.0,0
2023-10-20,S004,P0012,0,0.00031631339789126223,0
2023-10-21,S004,P0012,0,0.00029036116278378883,0
2023-10-22,S004,P0012,0,0.00029036116278378883,0
2023-10-23,S004,P0012,0,0.00022727560902830203,0
2023-10-24,S004,P0012,0,0.0006596212780151652,0
2023-10-25,S004,P0012,1,0.9882180073130544,1
2023-10-26,S004,P0012,1,0.966864838826253,1
2023-10-27,S004,P0012,0,0.02908948245290218,0
2023-10-28,S004,P0012,0,0.00010829966285939541,0
2023-10-29,S004,P0012,0,0.059837746007840725,0
2023-10-30,S004,P0012,1,0.9830096780762715,1
2023-10-31,S004,P0012,0,0.02462963431616305,0
2023-11-01,S004,P0012,1,0.9947289071495033,1
2023-11-02,S004,P0012,0,0.0017418265209947043,0
2023-11-03,S004,P0012,1,0.9997548859456244,1
2023-11-04,S004,P0012,1,0.9952604381212328,1
2023-11-05,S004,P0012,0,0.004609613963899904,0
2023-11-06,S004,P0012,0,0.010337112151505994,0
2023-11-07,S004,P0012,0,0.0029789562488364224,0
2023-11-08,S004,P0012,1,0.9997488036064008,1
2023-11-09,S004,P0012,1,0.9989027682677564,1
2023-11-10,S004,P0012,0,0.0,0
2023-11-11,S004,P0012,0,0.0003086173885894273,0
2023-11-12,S004,P0012,1,0.9603537345302555,1
2023-11-13,S004,P0012,0,0.05787945000372515,0
2023-11-14,S004,P0012,1,0.9785943130952417,1
2023-11-15,S004,P0012,0,0.004276960204334223,0
2023-11-16,S004,P0012,1,0.9587905816930352,1
2023-11-17,S004,P0012,1,0.9805159191694224,1
2023-11-18,S004,P0012,0,0.060685989648506904,0
2023-11-19,S004,P0012,0,0.0001296707314014743,0
2023-11-20,S004,P0012,0,0.0011386522161220421,0
2023-11-21,S004,P0012,0,0.013401029675917726,0
2023-11-22,S004,P0012,1,0.9943391962134424,1
2023-11-23,S004,P0012,1,0.9693700977511875,1
2023-11-24,S004,P0012,0,0.025796799275173022,0
2023-11-25,S004,P0012,0,0.010963872471505664,0
2023-11-26,S004,P0012,0,0.08271970272948823,0
2023-11-27,S004,P0012,1,0.999784110183874,1
2023-11-28,S004,P0012,0,0.06617665712983654,0
2023-11-29,S004,P0012,1,0.9997592344043009,1
2023-11-30,S004,P0012,0,0.04753496674341094,0
2023-12-01,S004,P0012,0,0.020710575550352744,0
2023-12-02,S004,P0012,0,0.0024532999706589533,0
2023-12-03,S004,P0012,1,0.9998977874742756,1
2023-12-04,S004,P0012,0,0.05452646340066792,0
2023-12-05,S004,P0012,0,0.02409277844737253,0
2023-12-06,S004,P0012,0,0.062143236824988686,0
2023-12-07,S004,P0012,0,0.0725058662002958,0
2023-12-08,S004,P0012,0,0.001591052750514837,0
2023-12-09,S004,P0012,1,0.9849564626206545,1
2023-12-10,S004,P0012,0,0.06312547577928362,0
2023-12-11,S004,P0012,0,0.04971638180356733,0
2023-12-12,S004,P0012,1,0.9873900005375638,1
2023-12-13,S004,P0012,0,0.005769992387774631,0
2023-12-14,S004,P0012,1,0.9998090436449572,1
2023-12-15,S004,P0012,0,0.01194571990215574,0
2023-12-16,S004,P0012,0,0.0013689298422633167,0
2023-12-17,S004,P0012,1,0.999805997112734,1
2023-12-18,S004,P0012,0,0.014939386333074607,0
2023-12-19,S004,P0012,1,0.9998602121412233,1
2023-12-20,S004,P0012,0,0.0005490895817937636,0
2023-12-21,S004,P0012,1,0.9814599512106116,1
2023-12-22,S004,P0012,1,0.9898293682287982,1
2023-12-23,S004,P0012,0,0.0,0
2023-12-24,S004,P0012,0,0.004288346924435254,0
2023-12-25,S004,P0012,1,0.9997224468652108,1
2023-12-26,S004,P0012,0,0.005490715838145744,0
2023-12-27,S004,P0012,0,0.000556023162030814,0
2023-12-28,S004,P0012,0,0.009540673886966382,0
2023-12-29,S004,P0012,0,0.00040192452581979966,0
2023-12-30,S004,P0012,0,0.031557189212220164,0
2023-12-31,S004,P0012,0,0.008054588372046142,0
2024-01-01,S004,P0012,0,0.017330560511515318,0
2024-01-02,S004,P0012,0,0.00023808698301943764,0
2024-01-03,S004,P0012,1,0.9542554084767589,1
2024-01-04,S004,P0012,0,0.004599814472169368,0
2024-01-05,S004,P0012,0,0.00039141828496831927,0
2024-01-06,S004,P0012,0,0.0028113857966743754,0
2024-01-07,S004,P0012,1,0.9753489726522508,1
2024-01-08,S004,P0012,0,0.01376150910169485,0
2024-01-09,S004,P0012,1,0.9882348351503883,1
2024-01-10,S004,P0012,0,0.013789951162761091,0
2024-01-11,S004,P0012,1,0.9997555140334532,1
2024-01-12,S004,P0012,0,0.013800998251525854,0
2024-01-13,S004,P0012,1,0.999777983288174,1
2024-01-14,S004,P0012,0,0.0014431249187791403,0
2024-01-15,S004,P0012,1,0.9995111438052885,1
2024-01-16,S004,P0012,0,0.03242945133984241,0
2024-01-17,S004,P0012,0,0.046892492713849564,0
2024-01-18,S004,P0012,0,0.1413141603109029,0
2024-01-19,S004,P0012,0,0.008782920369449968,0
2024-01-20,S004,P0012,1,0.9997119233405662,1
2024-01-21,S004,P0012,0,0.0001559354377992625,0
2024-01-22,S004,P0012,0,0.006865578931398779,0
2024-01-23,S004,P0012,0,0.0006171947089447473,0
2024-01-24,S004,P0012,0,0.0025898931066639357,0
2024-01-25,S004,P0012,1,0.9994255902049163,1
2024-01-26,S004,P0012,0,0.00560215983785522,0
2024-01-27,S004,P0012,0,0.0012983901226629616,0
2024-01-28,S004,P0012,1,0.9996262336852294,1
2024-01-29,S004,P0012,1,0.9309309801392243,1
2024-01-30,S004,P0012,0,0.0003086173885894273,0
2023-10-13,S004,P0013,0,6.231635099548019e-05,0
2023-10-14,S004,P0013,0,0.00014222738183580772,0
2023-10-15,S004,P0013,0,0.0,0
2023-10-16,S004,P0013,1,0.9777029256158808,1
2023-10-17,S004,P0013,0,1.3151999304208986e-05,0
2023-10-18,S004,P0013,0,3.6364115888006784e-05,0
2023-10-19,S004,P0013,0,0.0006479765440723125,0
2023-10-20,S004,P0013,0,1.164473394285284e-05,0
2023-10-21,S004,P0013,0,0.0006959853939031721,0
2023-10-22,S004,P0013,0,0.0,0
2023-10-23,S004,P0013,0,0.00021135922091808186,0
2023-10-24,S004,P0013,0,2.5098997603085232e-05,0
2023-10-25,S004,P0013,0,0.006978268893063453,0
2023-10-26,S004,P0013,1,0.9934950435518975,1
2023-10-27,S004,P0013,1,0.9995677104586942,1
2023-10-28,S004,P0013,0,1.6767282727573657e-05,0
2023-10-29,S004,P0013,0,4.0665778180178686e-05,0
2023-10-30,S004,P0013,0,0.0,0
2023-10-31,S004,P0013,0,1.164473394285284e-05,0
2023-11-01,S004,P0013,0,0.0051835704549976665,0
2023-11-02,S004,P0013,0,0.0,0
2023-11-03,S004,P0013,0,0.014164595782925744,0
2023-11-04,S004,P0013,0,0.0,0
2023-11-05,S004,P0013,0,0.00014222738183580772,0
2023-11-06,S004,P0013,0,0.0,0
2023-11-07,S004,P0013,0,0.017315709528009218,0
2023-11-08,S004,P0013,0,0.00014222738183580772,0
2023-11-09,S004,P0013,0,1.3151999304208986e-05,0
2023-11-10,S004,P0013,0,7.546835029968916e-05,0
2023-11-11,S004,P0013,0,7.546835029968916e-05,0
2023-11-12,S004,P0013,0,2.8536515574327032e-05,0
2023-11-13,S004,P0013,0,0.03471738648454551,0
2023-11-14,S004,P0013,1,0.9995681372334434,1
2023-11-15,S004,P0013,0,7.546835029968916e-05,0
2023-11-16,S004,P0013,0,2.8396623889346913e-05,0
2023-11-17,S004,P0013,0,5.122548784720817e-06,0
2023-11-18,S004,P0013,0,0.0001961271054320001,0
2023-11-19,S004,P0013,0,0.0,0
2023-11-20,S004,P0013,0,8.993526577988445e-05,0
2023-11-21,S004,P0013,0,7.981318997946733e-05,0
2023-11-22,S004,P0013,0,5.122548784720817e-06,0
2023-11-23,S004,P0013,0,5.122548784720817e-06,0
2023-11-24,S004,P0013,0,3.910423441168238e-05,0
2023-11-25,S004,P0013,0,4.3781140159464967e-05,0
2023-11-26,S004,P0013,0,4.8008849830859627e-05,0
2023-11-27,S004,P0013,0,0.02762678431859408,0
2023-11-28,S004,P0013,0,7.546835029968916e-05,0
2023-11-29,S004,P0013,0,0.0001447728267652982,0
2023-11-30,S004,P0013,0,1.3151999304208986e-05,0
2023-12-01,S004,P0013,0,5.3899723596192384e-05,0
2023-12-02,S004,P0013,0,8.993526577988445e-05,0
2023-12-03,S004,P0013,0,2.8536515574327032e-05,0
2023-12-04,S004,P0013,0,2.8396623889346913e-05,0
2023-12-05,S004,P0013,0,0.0659960653193571,0
2023-12-06,S004,P0013,0,6.443216607303898e-05,0
2023-12-07,S004,P0013,0,1.3151999304208986e-05,0
2023-12-08,S004,P0013,0,1.3151999304208986e-05,0
2023-12-09,S004,P0013,0,1.6767282727573657e-05,0
2023-12-10,S004,P0013,0,1.3151999304208986e-05,0
2023-12-11,S004,P0013,0,1.6767282727573657e-05,0
2023-12-12,S004,P0013,0,2.8536515574327032e-05,0
2023-12-13,S004,P0013,0,0.008504193378723754,0
2023-12-14,S004,P0013,1,0.9997942790328126,1
2023-12-15,S004,P0013,0,0.0,0
2023-12-16,S004,P0013,0,0.0,0
2023-12-17,S004,P0013,0,6.767614324838031e-05,0
2023-12-18,S004,P0013,0,0.0,0
2023-12-19,S004,P0013,0,0.0,0
2023-12-20,S004,P0013,0,0.00021067655712985977,0
2023-12-21,S004,P0013,0,0.0,0
2023-12-22,S004,P0013,0,5.3899723596192384e-05,0
2023-12-23,S004,P0013,1,0.972786647870998,1
2023-12-24,S004,P0013,0,1.3151999304208986e-05,0
2023-12-25,S004,P0013,0,3.910423441168238e-05,0
2023-12-26,S004,P0013,0,1.6767282727573657e-05,0
2023-12-27,S004,P0013,0,1.5244624585137928e-05,0
2023-12-28,S004,P0013,0,0.0,0
2023-12-29,S004,P0013,0,5.122548784720817e-06,0
2023-12-30,S004,P0013,0,0.0,0
2023-12-31,S004,P0013,0,1.164473394285284e-05,0
2024-01-01,S004,P0013,0,0.0006479765440723125,0
2024-01-02,S004,P0013,0,0.00011269224445902287,0
2024-01-03,S004,P0013,0,2.5952235107473395e-05,0
2024-01-04,S004,P0013,0,6.231635099548019e-05,0
2024-01-05,S004,P0013,0,0.0,0
2024-01-06,S004,P0013,0,0.00040320737319859994,0
2024-01-07,S004,P0013,0,0.030120391616250793,0
2024-01-08,S004,P0013,0,2.5952235107473395e-05,0
2024-01-09,S004,P0013,0,0.0,0
2024-01-10,S004,P0013,0,0.00011269224445902287,0
2024-01-11,S004,P0013,0,0.0005713673118864274,0
2024-01-12,S004,P0013,0,0.00011269224445902287,0
2024-01-13,S004,P0013,0,1.6767282727573657e-05,0
2024-01-14,S004,P0013,0,0.0,0
2024-01-15,S004,P0013,0,2.5952235107473395e-05,0
2024-01-16,S004,P0013,0,0.08334461054299867,0
2024-01-17,S004,P0013,0,0.0001411859228923892,0
2024-01-18,S004,P0013,0,0.018034970420775356,0
2024-01-19,S004,P0013,0,8.674000935154948e-05,0
2024-01-20,S004,P0013,0,2.8536515574327032e-05,0
2024-01-21,S004,P0013,0,0.0,0
2024-01-22,S004,P0013,0,0.0015450215273324173,0
2024-01-23,S004,P0013,0,0.00014222738183580772,0
2024-01-24,S004,P0013,0,0.0,0
2024-01-25,S004,P0013,0,0.004100788914282122,0
2024-01-26,S004,P0013,0,0.0,0
2024-01-27,S004,P0013,0,0.0001835704549976667,0
2024-01-28,S004,P0013,0,0.0,0
2024-01-29,S004,P0013,0,8.674000935154948e-05,0
2024-01-30,S004,P0013,0,8.674000935154948e-05,0
2023-10-13,S004,P0014,0,0.0003071284455113625,0
2023-10-14,S004,P0014,0,0.0006479765440723125,0
2023-10-15,S004,P0014,0,0.0,0
2023-10-16,S004,P0014,0,0.00196114447613026,0
2023-10-17,S004,P0014,0,0.0,0
2023-10-18,S004,P0014,0,0.0,0
2023-10-19,S004,P0014,0,0.0,0
2023-10-20,S004,P0014,0,0.0052903611627837886,0
2023-10-21,S004,P0014,0,9.04134321610054e-05,0
2023-10-22,S004,P0014,0,0.00029036116278378883,0
2023-10-23,S004,P0014,0,0.0,0
2023-10-24,S004,P0014,0,9.04134321610054e-05,0
2023-10-25,S004,P0014,0,0.0012093984607287921,0
2023-10-26,S004,P0014,1,0.9480454962831899,1
2023-10-27,S004,P0014,0,0.0,0
2023-10-28,S004,P0014,0,1.6767282727573657e-05,0
2023-10-29,S004,P0014,0,1.3454263660232394e-05,0
2023-10-30,S004,P0014,0,0.039456994756815716,0
2023-10-31,S004,P0014,0,0.0012228527243890246,0
2023-11-01,S004,P0014,0,0.016906371925015956,0
2023-11-02,S004,P0014,0,9.92432992693542e-05,0
2023-11-03,S004,P0014,0,0.0004812167364884372,0
2023-11-04,S004,P0014,0,3.92012889557018e-05,0
2023-11-05,S004,P0014,0,0.009316464454659234,0
2023-11-06,S004,P0014,0,5.122548784720817e-06,0
2023-11-07,S004,P0014,0,1.164473394285284e-05,0
2023-11-08,S004,P0014,0,0.003245194619184861,0
2023-11-09,S004,P0014,1,0.9657468911250827,1
2023-11-10,S004,P0014,0,3.92012889557018e-05,0
2023-11-11,S004,P0014,1,0.9854789193255802,1
2023-11-12,S004,P0014,0,5.2353288259910785e-05,0
2023-11-13,S004,P0014,0,0.0006596212780151652,0
2023-11-14,S004,P0014,0,6.0042010313652403e-05,0
2023-11-15,S004,P0014,1,0.9929694456622307,1
2023-11-16,S004,P0014,0,1.3151999304208986e-05,0
2023-11-17,S004,P0014,0,5.122548784720817e-06,0
2023-11-18,S004,P0014,0,5.122548784720817e-06,0
2023-11-19,S004,P0014,0,2.5952235107473395e-05,0
2023-11-20,S004,P0014,0,0.0006730755416753977,0
2023-11-21,S004,P0014,0,0.041871787950397435,0
2023-11-22,S004,P0014,1,0.9998355480475415,1
2023-11-23,S004,P0014,0,0.0006596212780151652,0
2023-11-24,S004,P0014,0,0.00032207165224965966,0
2023-11-25,S004,P0014,0,0.0007297995015792456,0
2023-11-26,S004,P0014,0,1.164473394285284e-05,0
2023-11-27,S004,P0014,0,0.0007323465601636991,0
2023-11-28,S004,P0014,1,0.993123886065289,1
2023-11-29,S004,P0014,0,0.0004201553778398965,0
2023-11-30,S004,P0014,0,0.0,0
2023-12-01,S004,P0014,0,2.5952235107473395e-05,0
2023-12-02,S004,P0014,0,0.00032207165224965966,0
2023-12-03,S004,P0014,0,0.00658407275360586,0
2023-12-04,S004,P0014,0,0.0052198426336016205,0
2023-12-05,S004,P0014,1,0.9876505820475772,1
2023-12-06,S004,P0014,0,0.0006596212780151652,0
2023-12-07,S004,P0014,0,0.0,0
2023-12-08,S004,P0014,0,0.0009565939326617398,0
2023-12-09,S004,P0014,0,0.01695850621310562,0
2023-12-10,S004,P0014,1,0.998874286849622,1
2023-12-11,S004,P0014,0,0.00021648176970280266,0
2023-12-12,S004,P0014,0,0.00015677683353366737,0
2023-12-13,S004,P0014,0,6.0042010313652403e-05,0
2023-12-14,S004,P0014,0,0.0,0
2023-12-15,S004,P0014,0,2.5952235107473395e-05,0
2023-12-16,S004,P0014,0,0.01696068905263447,0
2023-12-17,S004,P0014,0,0.0598861378237811,0
2023-12-18,S004,P0014,0,5.122548784720817e-06,0
2023-12-19,S004,P0014,0,5.122548784720817e-06,0
2023-12-20,S004,P0014,0,0.0,0
2023-12-21,S004,P0014,0,0.0,0
2023-12-22,S004,P0014,0,0.0094981875639888,0
2023-12-23,S004,P0014,0,4.377764779577528e-05,0
2023-12-24,S004,P0014,0,0.014261108127740897,0
2023-12-25,S004,P0014,1,0.9996772178364437,1
2023-12-26,S004,P0014,0,1.6767282727573657e-05,0
2023-12-27,S004,P0014,0,5.122548784720817e-06,0
2023-12-28,S004,P0014,0,5.122548784720817e-06,0
2023-12-29,S004,P0014,0,5.122548784720817e-06,0
2023-12-30,S004,P0014,0,5.122548784720817e-06,0
2023-12-31,S004,P0014,0,2.902104423732585e-05,0
2024-01-01,S004,P0014,0,5.97049361691353e-05,0
2024-01-02,S004,P0014,0,1.164473394285284e-05,0
2024-01-03,S004,P0014,0,0.0,0
2024-01-04,S004,P0014,0,0.030231610751973705,0
2024-01-05,S004,P0014,0,0.00029036116278378883,0
2024-01-06,S004,P0014,0,0.0,0
2024-01-07,S004,P0014,0,0.006123822686332229,0
2024-01-08,S004,P0014,0,1.3454263660232394e-05,0
2024-01-09,S004,P0014,0,0.0,0
2024-01-10,S004,P0014,1,0.9280193440121441,1
2024-01-11,S004,P0014,0,0.004588262856300504,0
2024-01-12,S004,P0014,1,0.9879114565717139,1
2024-01-13,S004,P0014,0,0.005039406498767706,0
2024-01-14,S004,P0014,0,0.0062093984607287924,0
2024-01-15,S004,P0014,0,0.0002607261990595698,0
2024-01-16,S004,P0014,0,3.92012889557018e-05,0
2024-01-17,S004,P0014,0,0.00011269224445902287,0
2024-01-18,S004,P0014,0,0.0019881464720410556,0
2024-01-19,S004,P0014,1,0.9740807564239318,1
2024-01-20,S004,P0014,0,0.007136419473072924,0
2024-01-21,S004,P0014,1,0.9987611707170605,1
2024-01-22,S004,P0014,0,9.92432992693542e-05,0
2024-01-23,S004,P0014,0,0.008157612300328255,0
2024-01-24,S004,P0014,0,0.0,0
2024-01-25,S004,P0014,0,0.001579119799393465,0
2024-01-26,S004,P0014,0,0.03620272164981343,0
2024-01-27,S004,P0014,0,0.053900847387462106,0
2024-01-28,S004,P0014,1,0.9998291907499203,1
2024-01-29,S004,P0014,0,0.00011269224445902287,0
2024-01-30,S004,P0014,0,0.0006596212780151652,0
2023-10-13,S004,P0015,0,5.122548784720817e-06,0
2023-10-14,S004,P0015,0,0.0,0
2023-10-15,S004,P0015,0,0.0002398026031200692,0
2023-10-16,S004,P0015,0,0.0006596212780151652,0
2023-10-17,S004,P0015,0,0.0006730755416753977,0
2023-10-18,S004,P0015,0,0.0,0
2023-10-19,S004,P0015,0,1.164473394285284e-05,0
2023-10-20,S004,P0015,0,0.0,0
2023-10-21,S004,P0015,0,0.0,0
2023-10-22,S004,P0015,0,6.0042010313652403e-05,0
2023-10-23,S004,P0015,0,1.3454263660232394e-05,0
2023-10-24,S004,P0015,0,0.0,0
2023-10-25,S004,P0015,0,9.04134321610054e-05,0
2023-10-26,S004,P0015,0,0.00012961472111670718,0
2023-10-27,S004,P0015,0,0.00030200589672664166,0
2023-10-28,S004,P0015,0,3.92012889557018e-05,0
2023-10-29,S004,P0015,0,0.0006479765440723125,0
2023-10-30,S004,P0015,0,0.0006596212780151652,0
2023-10-31,S004,P0015,0,0.0,0
2023-11-01,S004,P0015,0,2.5952235107473395e-05,0
2023-11-02,S004,P0015,0,0.0,0
2023-11-03,S004,P0015,0,3.910423441168238e-05,0
2023-11-04,S004,P0015,0,1.164473394285284e-05,0
2023-11-05,S004,P0015,0,0.0,0
2023-11-06,S004,P0015,0,2.5952235107473395e-05,0
2023-11-07,S004,P0015,0,1.164473394285284e-05,0
2023-11-08,S004,P0015,0,0.0,0
2023-11-09,S004,P0015,0,2.5952235107473395e-05,0
2023-11-10,S004,P0015,0,0.0006596212780151652,0
2023-11-11,S004,P0015,0,0.00019085557370464835,0
2023-11-12,S004,P0015,0,3.910423441168238e-05,0
2023-11-13,S004,P0015,0,0.0,0
2023-11-14,S004,P0015,0,0.0,0
2023-11-15,S004,P0015,0,0.00032207165224965966,0
2023-11-16,S004,P0015,1,0.9989356990014544,1
2023-11-17,S004,P0015,0,1.164473394285284e-05,0
2023-11-18,S004,P0015,0,0.0,0
2023-11-19,S004,P0015,0,0.0003345696236969007,0
2023-11-20,S004,P0015,0,0.05506155489777693,0
2023-11-21,S004,P0015,0,0.0,0
2023-11-22,S004,P0015,0,0.004587074725708241,0
2023-11-23,S004,P0015,0,0.016109093258169144,0
2023-11-24,S004,P0015,0,1.6767282727573657e-05,0
2023-11-25,S004,P0015,0,5.122548784720817e-06,0
2023-11-26,S004,P0015,0,0.00018067532898627243,0
2023-11-27,S004,P0015,0,7.647221889670895e-05,0
2023-11-28,S004,P0015,0,5.122548784720817e-06,0
2023-11-29,S004,P0015,0,0.0,0
2023-11-30,S004,P0015,0,3.7596969050326233e-05,0
2023-12-01,S004,P0015,0,0.0,0
2023-12-02,S004,P0015,0,0.004463857942611761,0
2023-12-03,S004,P0015,1,0.99882635054706,1
2023-12-04,S004,P0015,0,0.0007814153531264311,0
2023-12-05,S004,P0015,0,0.0,0
2023-12-06,S004,P0015,0,1.5244624585137928e-05,0
2023-12-07,S004,P0015,0,0.0003345696236969007,0
2023-12-08,S004,P0015,0,3.6364115888006784e-05,0
2023-12-09,S004,P0015,0,3.6364115888006784e-05,0
2023-12-10,S004,P0015,0,6.231635099548019e-05,0
2023-12-11,S004,P0015,0,0.0,0
2023-12-12,S004,P0015,0,0.0006843406599603192,0
2023-12-13,S004,P0015,0,6.0042010313652403e-05,0
2023-12-14,S004,P0015,0,0.0,0
2023-12-15,S004,P0015,0,0.009579316618995104,0
2023-12-16,S004,P0015,0,0.0,0
2023-12-17,S004,P0015,0,1.3151999304208986e-05,0
2023-12-18,S004,P0015,0,0.0,0
2023-12-19,S004,P0015,0,3.7596969050326233e-05,0
2023-12-20,S004,P0015,0,0.0003345696236969007,0
2023-12-21,S004,P0015,0,2.5952235107473395e-05,0
2023-12-22,S004,P0015,0,1.164473394285284e-05,0
2023-12-23,S004,P0015,0,0.0,0
2023-12-24,S004,P0015,0,0.0003337163861925125,0
2023-12-25,S004,P0015,1,0.9676371927627122,1
2023-12-26,S004,P0015,0,3.910423441168238e-05,0
2023-12-27,S004,P0015,0,0.00015165428474894657,0
2023-12-28,S004,P0015,0,0.0,0
2023-12-29,S004,P0015,0,3.6364115888006784e-05,0
2023-12-30,S004,P0015,0,0.0006479765440723125,0
2023-12-31,S004,P0015,0,2.902104423732585e-05,0
2024-01-01,S004,P0015,0,6.482748495385612e-05,0
2024-01-02,S004,P0015,0,0.0,0
2024-01-03,S004,P0015,0,0.0,0
2024-01-04,S004,P0015,0,0.0,0
2024-01-05,S004,P0015,0,0.0,0
2024-01-06,S004,P0015,0,0.0,0
2024-01-07,S004,P0015,0,0.0,0
2024-01-08,S004,P0015,0,0.0,0
2024-01-09,S004,P0015,0,3.92012889557018e-05,0
2024-01-10,S004,P0015,0,0.003367468493931594,0
2024-01-11,S004,P0015,0,0.0,0
2024-01-12,S004,P0015,0,0.00034350591567614274,0
2024-01-13,S004,P0015,0,3.92012889557018e-05,0
2024-01-14,S004,P0015,0,0.0,0
2024-01-15,S004,P0015,1,0.9910802913522414,1
2024-01-16,S004,P0015,0,0.0,0
2024-01-17,S004,P0015,0,1.164473394285284e-05,0
2024-01-18,S004,P0015,0,1.164473394285284e-05,0
2024-01-19,S004,P0015,0,1.164473394285284e-05,0
2024-01-20,S004,P0015,0,5.122548784720817e-06,0
2024-01-21,S004,P0015,0,2.902104423732585e-05,0
2024-01-22,S004,P0015,0,1.164473394285284e-05,0
2024-01-23,S004,P0015,0,1.164473394285284e-05,0
2024-01-24,S004,P0015,0,0.0,0
2024-01-25,S004,P0015,0,0.0003337163861925125,0
2024-01-26,S004,P0015,0,0.01124291769002116,0
2024-01-27,S004,P0015,0,0.0,0
2024-01-28,S004,P0015,0,0.038184762283329704,0
2024-01-29,S004,P0015,0,2.5952235107473395e-05,0
2024-01-30,S004,P0015,0,0.0006596212780151652,0
2023-10-13,S004,P0016,0,0.004314841660968774,0
2023-10-14,S004,P0016,1,0.9881771687646109,1
2023-10-15,S004,P0016,0,0.00029036116278378883,0
2023-10-16,S004,P0016,0,0.0,0
2023-10-17,S004,P0016,0,0.0,0
2023-10-18,S004,P0016,0,0.0,0
2023-10-19,S004,P0016,0,0.0006479765440723125,0
2023-10-20,S004,P0016,0,0.0006479765440723125,0
2023-10-21,S004,P0016,0,9.04134321610054e-05,0
2023-10-22,S004,P0016,0,9.04134321610054e-05,0
2023-10-23,S004,P0016,0,0.0,0
2023-10-24,S004,P0016,0,0.0,0
2023-10-25,S004,P0016,1,0.9673928188633218,1
2023-10-26,S004,P0016,0,3.940649876770579e-05,0
2023-10-27,S004,P0016,0,0.013376998988839968,0
2023-10-28,S004,P0016,0,0.0,0
2023-10-29,S004,P0016,0,1.3151999304208986e-05,0
2023-10-30,S004,P0016,0,0.0029321824100682157,0
2023-10-31,S004,P0016,0,1.6767282727573657e-05,0
2023-11-01,S004,P0016,0,0.0,0
2023-11-02,S004,P0016,0,3.910423441168238e-05,0
2023-11-03,S004,P0016,0,0.00019085557370464835,0
2023-11-04,S004,P0016,0,1.164473394285284e-05,0
2023-11-05,S004,P0016,0,3.92012889557018e-05,0
2023-11-06,S004,P0016,0,0.0,0
2023-11-07,S004,P0016,0,0.00032026212253228014,0
2023-11-08,S004,P0016,0,0.0,0
2023-11-09,S004,P0016,0,3.92012889557018e-05,0
2023-11-10,S004,P0016,0,1.3151999304208986e-05,0
2023-11-11,S004,P0016,0,0.022877640965355064,0
2023-11-12,S004,P0016,0,3.92012889557018e-05,0
2023-11-13,S004,P0016,0,0.00011205822442904608,0
2023-11-14,S004,P0016,0,1.164473394285284e-05,0
2023-11-15,S004,P0016,0,0.0007202342974659567,0
2023-11-16,S004,P0016,0,0.09154432952138647,0
2023-11-17,S004,P0016,1,0.9997620490876423,1
2023-11-18,S004,P0016,0,0.0004169170514488227,0
2023-11-19,S004,P0016,0,0.0006596212780151652,0
2023-11-20,S004,P0016,0,0.0,0
2023-11-21,S004,P0016,0,2.5952235107473395e-05,0
2023-11-22,S004,P0016,0,0.004878806425615417,0
2023-11-23,S004,P0016,0,0.00015165428474894657,0
2023-11-24,S004,P0016,0,0.00032026212253228014,0
2023-11-25,S004,P0016,0,0.00032207165224965966,0
2023-11-26,S004,P0016,1,0.9628178739092502,1
2023-11-27,S004,P0016,1,0.9998088479337623,1
2023-11-28,S004,P0016,0,2.5952235107473395e-05,0
2023-11-29,S004,P0016,0,0.0003337163861925125,0
2023-11-30,S004,P0016,0,0.0006596212780151652,0
2023-12-01,S004,P0016,0,0.0,0
2023-12-02,S004,P0016,0,0.0006596212780151652,0
2023-12-03,S004,P0016,0,0.00015165428474894657,0
2023-12-04,S004,P0016,0,5.97049361691353e-05,0
2023-12-05,S004,P0016,0,0.003008385660303745,0
2023-12-06,S004,P0016,1,0.9938193600520553,1
2023-12-07,S004,P0016,0,0.0002398026031200692,0
2023-12-08,S004,P0016,1,0.9747512365490203,1
2023-12-09,S004,P0016,1,0.9991677845549957,1
2023-12-10,S004,P0016,0,0.0006596212780151652,0
2023-12-11,S004,P0016,0,0.0006596212780151652,0
2023-12-12,S004,P0016,0,1.164473394285284e-05,0
2023-12-13,S004,P0016,0,2.5952235107473395e-05,0
2023-12-14,S004,P0016,0,3.7596969050326233e-05,0
2023-12-15,S004,P0016,0,0.0006843406599603192,0
2023-12-16,S004,P0016,0,1.164473394285284e-05,0
2023-12-17,S004,P0016,0,0.0,0
2023-12-18,S004,P0016,0,0.0002995075392892045,0
2023-12-19,S004,P0016,0,0.00032026212253228014,0
2023-12-20,S004,P0016,0,0.0003337163861925125,0
2023-12-21,S004,P0016,0,0.0,0
2023-12-22,S004,P0016,0,7.546835029968916e-05,0
2023-12-23,S004,P0016,1,0.9733108874868105,1
2023-12-24,S004,P0016,0,2.5952235107473395e-05,0
2023-12-25,S004,P0016,0,5.122548784720817e-06,0
2023-12-26,S004,P0016,0,0.0002398026031200692,0
2023-12-27,S004,P0016,0,0.0002264422490765848,0
2023-12-28,S004,P0016,0,0.0005478395192611659,0
2023-12-29,S004,P0016,0,5.122548784720817e-06,0
2023-12-30,S004,P0016,0,0.0006479765440723125,0
2023-12-31,S004,P0016,0,0.0006479765440723125,0
2024-01-01,S004,P0016,0,0.0006479765440723125,0
2024-01-02,S004,P0016,0,0.0,0
2024-01-03,S004,P0016,0,9.04134321610054e-05,0
2024-01-04,S004,P0016,0,1.3454263660232394e-05,0
2024-01-05,S004,P0016,0,0.00029036116278378883,0
2024-01-06,S004,P0016,0,0.0,0
2024-01-07,S004,P0016,1,0.9246409857581658,1
2024-01-08,S004,P0016,1,0.9793397415866246,1
2024-01-09,S004,P0016,0,0.00015165428474894657,0
2024-01-10,S004,P0016,0,3.92012889557018e-05,0
2024-01-11,S004,P0016,0,0.00011269224445902287,0
2024-01-12,S004,P0016,0,2.5952235107473395e-05,0
2024-01-13,S004,P0016,0,3.92012889557018e-05,0
2024-01-14,S004,P0016,0,0.00012594129830725126,0
2024-01-15,S004,P0016,0,3.92012889557018e-05,0
2024-01-16,S004,P0016,0,0.0002398026031200692,0
2024-01-17,S004,P0016,0,0.0005550360864843766,0
2024-01-18,S004,P0016,1,0.8991546102298605,1
2024-01-19,S004,P0016,0,8.674000935154948e-05,0
2024-01-20,S004,P0016,0,0.0,0
2024-01-21,S004,P0016,0,0.004283369692886906,0
2024-01-22,S004,P0016,0,0.06846222866333859,0
2024-01-23,S004,P0016,0,1.164473394285284e-05,0
2024-01-24,S004,P0016,0,0.0006596212780151652,0
2024-01-25,S004,P0016,0,0.0006596212780151652,0
2024-01-26,S004,P0016,0,0.0,0
2024-01-27,S004,P0016,0,0.00045956187660760236,0
2024-01-28,S004,P0016,1,0.9774339917695162,1
2024-01-29,S004,P0016,0,0.0,0
2024-01-30,S004,P0016,0,0.0003337163861925125,0
2023-10-13,S004,P0017,0,0.030950561026394388,0
2023-10-14,S004,P0017,0,0.0007410215088042412,0
2023-10-15,S004,P0017,0,0.004969709230779145,0
2023-10-16,S004,P0017,0,5.122548784720817e-06,0
2023-10-17,S004,P0017,1,0.9939453734390864,1
2023-10-18,S004,P0017,0,0.0888807805242337,0
2023-10-19,S004,P0017,0,0.0794251574486962,0
2023-10-20,S004,P0017,0,0.005013151999304209,0
2023-10-21,S004,P0017,0,0.007022356966653823,0
2023-10-22,S004,P0017,0,0.0042396225887244635,0
2023-10-23,S004,P0017,0,0.05067708720337588,0
2023-10-24,S004,P0017,1,0.9771480059758698,1
2023-10-25,S004,P0017,0,0.007761778581885649,0
2023-10-26,S004,P0017,0,0.048026255606006735,0
2023-10-27,S004,P0017,0,0.0038068302490548945,0
2023-10-28,S004,P0017,0,0.0,0
2023-10-29,S004,P0017,0,0.0634936180294078,0
2023-10-30,S004,P0017,0,0.002097798063179931,0
2023-10-31,S004,P0017,0,0.055340684245842695,0
2023-11-01,S004,P0017,0,0.0008061307785267805,0
2023-11-02,S004,P0017,0,0.0006308408195823908,0
2023-11-03,S004,P0017,0,0.005356916973606093,0
2023-11-04,S004,P0017,0,0.009995579872445877,0
2023-11-05,S004,P0017,0,3.910423441168238e-05,0
2023-11-06,S004,P0017,0,0.015463332298894437,0
2023-11-07,S004,P0017,1,0.9906408485084774,1
2023-11-08,S004,P0017,1,0.9931270484898802,1
2023-11-09,S004,P0017,1,0.9963736322615481,1
2023-11-10,S004,P0017,0,0.004402493628315919,0
2023-11-11,S004,P0017,1,0.9999643085689559,1
2023-11-12,S004,P0017,0,0.047956536568791105,0
2023-11-13,S004,P0017,0,0.0033834263883731844,0
2023-11-14,S004,P0017,0,0.0005943689060825806,0
2023-11-15,S004,P0017,0,0.06910233439371166,0
2023-11-16,S004,P0017,0,0.006481895678043344,0
2023-11-17,S004,P0017,0,0.004080462720742133,0
2023-11-18,S004,P0017,1,0.9971844167111823,1
2023-11-19,S004,P0017,0,0.0030010290185542503,0
2023-11-20,S004,P0017,0,0.01701551272280152,0
2023-11-21,S004,P0017,0,0.0037862707440036725,0
2023-11-22,S004,P0017,0,0.04664007172520979,0
2023-11-23,S004,P0017,0,4.951611519221577e-05,0
2023-11-24,S004,P0017,1,0.9169363403817782,1
2023-11-25,S004,P0017,0,0.0028516953298170973,0
2023-11-26,S004,P0017,1,0.9992447753893957,1
2023-11-27,S004,P0017,0,0.0033243131614789255,0
2023-11-28,S004,P0017,0,0.0035962710631095053,0
2023-11-29,S004,P0017,0,0.0003477216230011097,0
2023-11-30,S004,P0017,0,0.00066798652631187,0
2023-12-01,S004,P0017,1,0.9673793000091393,1
2023-12-02,S004,P0017,0,0.024847935116235828,0
2023-12-03,S004,P0017,0,0.003163635224062245,0
2023-12-04,S004,P0017,0,2.5952235107473395e-05,0
2023-12-05,S004,P0017,1,0.9943395591258128,1
2023-12-06,S004,P0017,0,0.014983653096420562,0
2023-12-07,S004,P0017,0,0.0004169170514488227,0
2023-12-08,S004,P0017,0,0.018041843972687394,0
2023-12-09,S004,P0017,1,0.9942305933500255,1
2023-12-10,S004,P0017,0,0.0004842897659448964,0
2023-12-11,S004,P0017,0,0.007256460254603438,0
2023-12-12,S004,P0017,0,0.012309463701760679,0
2023-12-13,S004,P0017,0,0.06495597568947094,0
2023-12-14,S004,P0017,1,0.9534006297574087,1
2023-12-15,S004,P0017,1,0.9915220474201888,1
2023-12-16,S004,P0017,0,5.3899723596192384e-05,0
2023-12-17,S004,P0017,0,0.003311929610830501,0
2023-12-18,S004,P0017,0,0.0015588010465180631,0
2023-12-19,S004,P0017,0,0.029703164999247925,0
2023-12-20,S004,P0017,0,0.0226324404466992,0
2023-12-21,S004,P0017,0,0.0012061402382290154,0
2023-12-22,S004,P0017,1,0.999777226390094,1
2023-12-23,S004,P0017,0,0.00978873456308117,0
2023-12-24,S004,P0017,0,0.046208562513425006,0
2023-12-25,S004,P0017,0,0.0003217693878936362,0
2023-12-26,S004,P0017,1,0.9995487326173635,1
2023-12-27,S004,P0017,0,0.043758969079849795,0
2023-12-28,S004,P0017,0,0.0,0
2023-12-29,S004,P0017,0,3.910423441168238e-05,0
2023-12-30,S004,P0017,1,0.9887490930899112,1
2023-12-31,S004,P0017,0,0.0,0
2024-01-01,S004,P0017,0,0.00016986510888406772,0
2024-01-02,S004,P0017,1,0.9993204796032416,1
2024-01-03,S004,P0017,1,0.9113236316077307,1
2024-01-04,S004,P0017,1,0.9744556140019058,1
2024-01-05,S004,P0017,1,0.9955776220710149,1
2024-01-06,S004,P0017,0,8.674000935154948e-05,0
2024-01-07,S004,P0017,0,0.03437587250915704,0
2024-01-08,S004,P0017,1,0.9933663298067852,1
2024-01-09,S004,P0017,0,0.0,0
2024-01-10,S004,P0017,1,0.987444029002879,1
2024-01-11,S004,P0017,0,0.003224545623703945,0
2024-01-12,S004,P0017,0,0.003854560321256145,0
2024-01-13,S004,P0017,1,0.9998526885495842,1
2024-01-14,S004,P0017,0,0.0005801473070462784,0
2024-01-15,S004,P0017,0,0.008677775611105025,0
2024-01-16,S004,P0017,0,0.0039545645185166635,0
2024-01-17,S004,P0017,0,0.024161627492552254,0
2024-01-18,S004,P0017,0,0.000969077511621193,0
2024-01-19,S004,P0017,1,0.9989124119770862,1
2024-01-20,S004,P0017,1,0.9998617076279881,1
2024-01-21,S004,P0017,0,0.005,0
2024-01-22,S004,P0017,0,0.020872078870372138,0
2024-01-23,S004,P0017,0,0.0,0
2024-01-24,S004,P0017,0,0.010972444915953354,0
2024-01-25,S004,P0017,0,0.0,0
2024-01-26,S004,P0017,0,0.04383960207025364,0
2024-01-27,S004,P0017,0,0.0032305815408068613,0
2024-01-28,S004,P0017,0,0.045520908757272736,0
2024-01-29,S004,P0017,1,0.9939365028359886,1
2024-01-30,S004,P0017,0,0.011186025004442712,0
2023-10-13,S004,P0018,0,0.0030189551130332865,0
2023-10-14,S004,P0018,0,0.00029036116278378883,0
2023-10-15,S004,P0018,0,0.00029036116278378883,0
2023-10-16,S004,P0018,0,0.0038068302490548937,0
2023-10-17,S004,P0018,0,0.008588033457042047,0
2023-10-18,S004,P0018,0,0.004661698410051767,0
2023-10-19,S004,P0018,0,0.0026779967876850814,0
2023-10-20,S004,P0018,0,0.00029036116278378883,0
2023-10-21,S004,P0018,0,0.00029036116278378883,0
2023-10-22,S004,P0018,0,0.00029036116278378883,0
2023-10-23,S004,P0018,0,0.0,0
2023-10-24,S004,P0018,0,7.69948015300162e-05,0
2023-10-25,S004,P0018,0,0.019777984619481884,0
2023-10-26,S004,P0018,0,0.00484297310710264,0
2023-10-27,S004,P0018,0,0.0005510873618433587,0
2023-10-28,S004,P0018,1,0.9993793581088951,1
2023-10-29,S004,P0018,0,0.000807370576539379,0
2023-10-30,S004,P0018,0,0.00013082095020602947,0
2023-10-31,S004,P0018,0,0.0006614308077325448,0
2023-11-01,S004,P0018,0,0.07637574338818227,0
2023-11-02,S004,P0018,0,0.005900977531810283,0
2023-11-03,S004,P0018,0,0.020797309854619674,0
2023-11-04,S004,P0018,0,0.0006383850501409219,0
2023-11-05,S004,P0018,0,0.0790748451128772,0
2023-11-06,S004,P0018,0,0.0017586936486605905,0
2023-11-07,S004,P0018,0,4.9818379548239175e-05,0
2023-11-08,S004,P0018,0,0.0010408478045980053,0
2023-11-09,S004,P0018,0,0.06789247163576397,0
2023-11-10,S004,P0018,1,0.999187413202675,1
2023-11-11,S004,P0018,0,0.0022306655504395175,0
2023-11-12,S004,P0018,0,0.004922121768790048,0
2023-11-13,S004,P0018,0,0.0003337163861925125,0
2023-11-14,S004,P0018,0,0.06214418378244422,0
2023-11-15,S004,P0018,1,0.9895643867313159,1
2023-11-16,S004,P0018,1,0.9679458690052001,1
2023-11-17,S004,P0018,0,0.00038520656198295184,0
2023-11-18,S004,P0018,1,0.9830695362851875,1
2023-11-19,S004,P0018,0,0.05914604318145331,0
2023-11-20,S004,P0018,1,0.9990670584282494,1
2023-11-21,S004,P0018,0,0.004196167857634871,0
2023-11-22,S004,P0018,0,0.0115177510976043,0
2023-11-23,S004,P0018,0,0.017104016921885935,0
2023-11-24,S004,P0018,0,0.00043178608213365597,0
2023-11-25,S004,P0018,1,0.9998232678240625,1
2023-11-26,S004,P0018,0,0.0015852143160684784,0
2023-11-27,S004,P0018,0,0.04188344554503876,0
2023-11-28,S004,P0018,0,0.0141096133820967,0
2023-11-29,S004,P0018,0,0.010611015084142498,0
2023-11-30,S004,P0018,1,0.840704384731406,1
2023-12-01,S004,P0018,0,0.0005168034118603736,0
2023-12-02,S004,P0018,0,0.06928199011346949,0
2023-12-03,S004,P0018,0,0.014918824548054486,0
2023-12-04,S004,P0018,1,0.961152595416819,1
2023-12-05,S004,P0018,0,0.030967661655465797,0
2023-12-06,S004,P0018,1,0.9919201159307662,1
2023-12-07,S004,P0018,0,0.04679215851169802,0
2023-12-08,S004,P0018,0,0.005475817485235424,0
2023-12-09,S004,P0018,0,0.0003086173885894273,0
2023-12-10,S004,P0018,0,0.0020743195284532775,0
2023-12-11,S004,P0018,0,0.0003086173885894273,0
2023-12-12,S004,P0018,0,0.0002809251972987607,0
2023-12-13,S004,P0018,0,0.007844792138697827,0
2023-12-14,S004,P0018,0,0.0003086173885894273,0
2023-12-15,S004,P0018,0,0.00015165428474894657,0
2023-12-16,S004,P0018,0,0.0904174535774619,0
2023-12-17,S004,P0018,0,0.0990935157543335,0
2023-12-18,S004,P0018,0,0.0003909648163413493,0
2023-12-19,S004,P0018,0,2.5952235107473395e-05,0
2023-12-20,S004,P0018,0,0.001747016571981644,0
2023-12-21,S004,P0018,0,0.06453340616605557,0
2023-12-22,S004,P0018,0,0.0010094601649147396,0
2023-12-23,S004,P0018,0,0.025066573275384103,0
2023-12-24,S004,P0018,1,0.989158572410577,1
2023-12-25,S004,P0018,1,0.9820649658680058,1
2023-12-26,S004,P0018,1,0.8850785767173147,1
2023-12-27,S004,P0018,0,0.008482529052027848,0
2023-12-28,S004,P0018,0,0.011611632343076066,0
2023-12-29,S004,P0018,0,0.0027889080084714333,0
2023-12-30,S004,P0018,0,0.00039654083375304005,0
2023-12-31,S004,P0018,0,0.005368137935577591,0
2024-01-01,S004,P0018,0,0.002683119336469802,0
2024-01-02,S004,P0018,0,0.002588584399443404,0
2024-01-03,S004,P0018,0,0.0,0
2024-01-04,S004,P0018,0,0.0,0
2024-01-05,S004,P0018,0,0.00029036116278378883,0
2024-01-06,S004,P0018,0,0.00029036116278378883,0
2024-01-07,S004,P0018,0,0.00029036116278378883,0
2024-01-08,S004,P0018,0,0.0025769396655005512,0
2024-01-09,S004,P0018,0,0.0,0
2024-01-10,S004,P0018,0,0.0001038676958212378,0
2024-01-11,S004,P0018,1,0.9613410109476643,1
2024-01-12,S004,P0018,1,0.9699159547012016,1
2024-01-13,S004,P0018,1,0.9863201800749118,1
2024-01-14,S004,P0018,0,0.033693001174839796,0
2024-01-15,S004,P0018,0,0.005651498800330973,0
2024-01-16,S004,P0018,0,0.04941768890810152,0
2024-01-17,S004,P0018,0,0.0004213192447168106,0
2024-01-18,S004,P0018,0,0.0004213192447168106,0
2024-01-19,S004,P0018,0,0.00032956245173949064,0
2024-01-20,S004,P0018,0,0.0032225435728520046,0
2024-01-21,S004,P0018,0,0.013156164786113325,0
2024-01-22,S004,P0018,1,0.9856702855163025,1
2024-01-23,S004,P0018,0,0.0003086173885894273,0
2024-01-24,S004,P0018,0,0.000594730414207317,0
2024-01-25,S004,P0018,0,0.01054157970009662,0
2024-01-26,S004,P0018,0,0.005275003494808215,0
2024-01-27,S004,P0018,0,0.04135019433779216,0
2024-01-28,S004,P0018,0,0.08252786941257323,0
2024-01-29,S004,P0018,0,0.0319245085394737,0
2024-01-30,S004,P0018,0,0.0056127322211245,0
2023-10-13,S004,P0019,0,0.013493914987206155,0
2023-10-14,S004,P0019,0,0.0046231578420957205,0
2023-10-15,S004,P0019,0,0.002543696592941416,0
2023-10-16,S004,P0019,0,1.3151999304208986e-05,0
2023-10-17,S004,P0019,0,0.02676969778000895,0
2023-10-18,S004,P0019,0,0.007821117541047936,0
2023-10-19,S004,P0019,0,0.049707901092809675,0
2023-10-20,S004,P0019,0,0.0008377947662514479,0
2023-10-21,S004,P0019,1,0.9975113234067586,1
2023-10-22,S004,P0019,0,0.008806830249054895,0
2023-10-23,S004,P0019,0,0.0,0
2023-10-24,S004,P0019,0,0.00038505544785830576,0
2023-10-25,S004,P0019,1,0.9997742484575519,1
2023-10-26,S004,P0019,1,0.9966835698875898,1
2023-10-27,S004,P0019,0,0.0030399111509847353,0
2023-10-28,S004,P0019,0,0.03483018429948817,0
2023-10-29,S004,P0019,0,3.910423441168238e-05,0
2023-10-30,S004,P0019,0,0.00031373993737414814,0
2023-10-31,S004,P0019,1,0.9887063515864216,1
2023-11-01,S004,P0019,1,0.9662635489047734,1
2023-11-02,S004,P0019,1,0.9918977984312636,1
2023-11-03,S004,P0019,0,0.0,0
2023-11-04,S004,P0019,0,0.0011272903399582302,0
2023-11-05,S004,P0019,1,0.9946526852467429,1
2023-11-06,S004,P0019,0,0.04767877567893406,0
2023-11-07,S004,P0019,0,0.0031090233287668044,0
2023-11-08,S004,P0019,0,0.00031373993737414814,0
2023-11-09,S004,P0019,0,0.0008952937285365934,0
2023-11-10,S004,P0019,1,0.9971470394954121,1
2023-11-11,S004,P0019,0,0.0003086173885894273,0
2023-11-12,S004,P0019,0,1.3151999304208986e-05,0
2023-11-13,S004,P0019,1,0.9987241692811035,1
2023-11-14,S004,P0019,0,0.02880843789245505,0
2023-11-15,S004,P0019,1,0.9507661754671577,1
2023-11-16,S004,P0019,0,1.3151999304208986e-05,0
2023-11-17,S004,P0019,0,0.03301933046591498,0
2023-11-18,S004,P0019,1,0.9997990787394008,1
2023-11-19,S004,P0019,0,0.0040837110292660074,0
2023-11-20,S004,P0019,0,0.0006306489726049797,0
2023-11-21,S004,P0019,0,0.0751511438338095,0
2023-11-22,S004,P0019,0,0.0318379402032041,0
2023-11-23,S004,P0019,0,0.001560556302852484,0
2023-11-24,S004,P0019,1,0.9997884466302441,1
2023-11-25,S004,P0019,0,0.031298414046245004,0
2023-11-26,S004,P0019,1,0.9996601755777038,1
2023-11-27,S004,P0019,0,0.08514295794406125,0
2023-11-28,S004,P0019,0,0.0,0
2023-11-29,S004,P0019,0,0.01393614370541091,0
2023-11-30,S004,P0019,0,0.032438338446735514,0
2023-12-01,S004,P0019,0,0.0029112337863863107,0
2023-12-02,S004,P0019,1,0.9766964073678766,1
2023-12-03,S004,P0019,0,0.007135667678793572,0
2023-12-04,S004,P0019,1,0.9672340875271276,1
2023-12-05,S004,P0019,1,0.9768476520707137,1
2023-12-06,S004,P0019,0,0.027128875100355287,0
2023-12-07,S004,P0019,0,0.004562159987292107,0
2023-12-08,S004,P0019,0,0.0013312820934136707,0
2023-12-09,S004,P0019,0,0.015276718019499518,0
2023-12-10,S004,P0019,0,0.04097817841647939,0
2023-12-11,S004,P0019,0,0.003536695329004903,0
2023-12-12,S004,P0019,0,0.0887411147657562,0
2023-12-13,S004,P0019,0,0.0014465023675744749,0
2023-12-14,S004,P0019,1,0.999829456311616,1
2023-12-15,S004,P0019,0,0.0033243131614789255,0
2023-12-16,S004,P0019,0,0.04659744850686799,0
2023-12-17,S004,P0019,0,0.04915655836684096,0
2023-12-18,S004,P0019,0,1.3151999304208986e-05,0
2023-12-19,S004,P0019,0,0.07132640586528093,0
2023-12-20,S004,P0019,0,0.016181888568953244,0
2023-12-21,S004,P0019,1,0.9997641874393908,1
2023-12-22,S004,P0019,0,0.016409782213970995,0
2023-12-23,S004,P0019,1,0.998554826823416,1
2023-12-24,S004,P0019,0,0.003230594046766502,0
2023-12-25,S004,P0019,1,0.9902058204255689,1
2023-12-26,S004,P0019,0,0.0,0
2023-12-27,S004,P0019,1,0.9996334210397194,1
2023-12-28,S004,P0019,0,0.01686661388842498,0
2023-12-29,S004,P0019,0,0.0011241726492367257,0
2023-12-30,S004,P0019,1,0.9986128768272866,1
2023-12-31,S004,P0019,0,0.016400569087614624,0
2024-01-01,S004,P0019,0,0.10553819398335977,0
2024-01-02,S004,P0019,0,0.011542675956787714,0
2024-01-03,S004,P0019,1,0.9994896080134249,1
2024-01-04,S004,P0019,0,0.00014391287377659432,0
2024-01-05,S004,P0019,1,0.9989107284213175,1
2024-01-06,S004,P0019,1,0.9924397054442248,1
2024-01-07,S004,P0019,0,0.033844226549528234,0
2024-01-08,S004,P0019,0,0.07604635370652157,0
2024-01-09,S004,P0019,0,0.005161377087896225,0
2024-01-10,S004,P0019,1,0.9996717658205854,1
2024-01-11,S004,P0019,1,0.9927213136036377,1
2024-01-12,S004,P0019,0,0.009755833235668712,0
2024-01-13,S004,P0019,1,0.9992469294623056,1
2024-01-14,S004,P0019,0,0.004374984545615709,0
2024-01-15,S004,P0019,0,0.05292272200527783,0
2024-01-16,S004,P0019,0,0.0048768983271541685,0
2024-01-17,S004,P0019,0,0.00011153798925046922,0
2024-01-18,S004,P0019,1,0.9287378482392447,1
2024-01-19,S004,P0019,0,0.0,0
2024-01-20,S004,P0019,0,0.01009011515699945,0
2024-01-21,S004,P0019,0,0.0036340222655627933,0
2024-01-22,S004,P0019,1,0.9940745345480559,1
2024-01-23,S004,P0019,0,0.003435531397268029,0
2024-01-24,S004,P0019,0,0.0005337776578198634,0
2024-01-25,S004,P0019,1,0.983563343980114,1
2024-01-26,S004,P0019,1,0.9953641104653674,1
2024-01-27,S004,P0019,0,0.0,0
2024-01-28,S004,P0019,0,1.164473394285284e-05,0
2024-01-29,S004,P0019,0,0.001101213693000705,0
2024-01-30,S004,P0019,0,0.0,0
2023-10-13,S004,P0020,0,4.377764779577528e-05,0
2023-10-14,S004,P0020,0,0.0,0
2023-10-15,S004,P0020,0,0.00030381542644402124,0
2023-10-16,S004,P0020,0,0.0,0
2023-10-17,S004,P0020,0,0.0,0
2023-10-18,S004,P0020,0,0.0,0
2023-10-19,S004,P0020,0,0.0,0
2023-10-20,S004,P0020,0,0.0,0
2023-10-21,S004,P0020,0,9.04134321610054e-05,0
2023-10-22,S004,P0020,0,7.69948015300162e-05,0
2023-10-23,S004,P0020,0,9.04134321610054e-05,0
2023-10-24,S004,P0020,0,0.00042050071720615897,0
2023-10-25,S004,P0020,0,9.92432992693542e-05,0
2023-10-26,S004,P0020,0,0.008007147247611833,0
2023-10-27,S004,P0020,0,3.92012889557018e-05,0
2023-10-28,S004,P0020,0,0.0003569601793363751,0
2023-10-29,S004,P0020,0,0.0,0
2023-10-30,S004,P0020,0,0.015216034129406484,0
2023-10-31,S004,P0020,0,0.00048798836951826437,0
2023-11-01,S004,P0020,1,0.9996759022962354,1
2023-11-02,S004,P0020,0,0.003586220096828138,0
2023-11-03,S004,P0020,0,3.910423441168238e-05,0
2023-11-04,S004,P0020,0,0.0003345696236969007,0
2023-11-05,S004,P0020,0,0.0010409639487531264,0
2023-11-06,S004,P0020,0,0.05861390846153457,0
2023-11-07,S004,P0020,0,0.0,0
2023-11-08,S004,P0020,0,0.006497227312955999,0
2023-11-09,S004,P0020,0,3.6364115888006784e-05,0
2023-11-10,S004,P0020,0,0.05326671934755394,0
2023-11-11,S004,P0020,1,0.9991677845549957,1
2023-11-12,S004,P0020,0,2.5952235107473395e-05,0
2023-11-13,S004,P0020,0,6.0042010313652403e-05,0
2023-11-14,S004,P0020,0,0.014774640591394092,0
2023-11-15,S004,P0020,0,0.00015165428474894657,0
2023-11-16,S004,P0020,0,0.0003086173885894273,0
2023-11-17,S004,P0020,0,0.013499162581224735,0
2023-11-18,S004,P0020,0,0.0,0
2023-11-19,S004,P0020,0,0.0003086173885894273,0
2023-11-20,S004,P0020,0,0.0032786935759361847,0
2023-11-21,S004,P0020,0,0.0006479765440723125,0
2023-11-22,S004,P0020,0,0.0003337163861925125,0
2023-11-23,S004,P0020,0,0.0022669329788645044,0
2023-11-24,S004,P0020,0,0.00788797299407272,0
2023-11-25,S004,P0020,1,0.9945244628781486,1
2023-11-26,S004,P0020,1,0.9395793203898514,1
2023-11-27,S004,P0020,0,0.00015165428474894657,0
2023-11-28,S004,P0020,0,0.0011241726492367257,0
2023-11-29,S004,P0020,0,0.0013862674493737592,0
2023-11-30,S004,P0020,0,1.3454263660232394e-05,0
2023-12-01,S004,P0020,0,0.052634939953060435,0
2023-12-02,S004,P0020,0,6.0042010313652403e-05,0
2023-12-03,S004,P0020,0,0.000610623285316069,0
2023-12-04,S004,P0020,0,0.00021135922091808186,0
2023-12-05,S004,P0020,0,0.00029984461343372164,0
2023-12-06,S004,P0020,0,0.007506775127291944,0
2023-12-07,S004,P0020,0,1.164473394285284e-05,0
2023-12-08,S004,P0020,0,6.0042010313652403e-05,0
2023-12-09,S004,P0020,1,0.999739922370547,1
2023-12-10,S004,P0020,0,0.0,0
2023-12-11,S004,P0020,0,6.482748495385612e-05,0
2023-12-12,S004,P0020,0,1.3151999304208986e-05,0
2023-12-13,S004,P0020,0,0.00032207165224965966,0
2023-12-14,S004,P0020,0,0.0005594842532040188,0
2023-12-15,S004,P0020,0,0.00031373993737414814,0
2023-12-16,S004,P0020,0,0.00991652239232124,0
2023-12-17,S004,P0020,0,0.07800499571273585,0
2023-12-18,S004,P0020,0,6.0042010313652403e-05,0
2023-12-19,S004,P0020,0,0.033102116309184464,0
2023-12-20,S004,P0020,0,1.164473394285284e-05,0
2023-12-21,S004,P0020,1,0.9354614611960812,1
2023-12-22,S004,P0020,1,0.9995698309940707,1
2023-12-23,S004,P0020,0,1.3151999304208986e-05,0
2023-12-24,S004,P0020,0,0.0,0
2023-12-25,S004,P0020,0,5.122548784720817e-06,0
2023-12-26,S004,P0020,0,1.6767282727573657e-05,0
2023-12-27,S004,P0020,0,5.122548784720817e-06,0
2023-12-28,S004,P0020,0,5.122548784720817e-06,0
2023-12-29,S004,P0020,0,5.122548784720817e-06,0
2023-12-30,S004,P0020,0,0.0,0
2023-12-31,S004,P0020,0,0.0,0
2024-01-01,S004,P0020,0,0.0,0
2024-01-02,S004,P0020,0,0.00015165428474894657,0
2024-01-03,S004,P0020,0,0.0,0
2024-01-04,S004,P0020,0,0.0,0
2024-01-05,S004,P0020,0,0.00029036116278378883,0
2024-01-06,S004,P0020,0,0.0,0
2024-01-07,S004,P0020,0,0.005811004127481252,0
2024-01-08,S004,P0020,0,0.0,0
2024-01-09,S004,P0020,0,0.0,0
2024-01-10,S004,P0020,0,0.005555112314524766,0
2024-01-11,S004,P0020,0,0.011924983615699422,0
2024-01-12,S004,P0020,0,0.004856427370762872,0
2024-01-13,S004,P0020,0,0.004006140436991052,0
2024-01-14,S004,P0020,0,3.92012889557018e-05,0
2024-01-15,S004,P0020,0,1.164473394285284e-05,0
2024-01-16,S004,P0020,0,1.164473394285284e-05,0
2024-01-17,S004,P0020,0,0.00032207165224965966,0
2024-01-18,S004,P0020,0,0.030799810279457763,0
2024-01-19,S004,P0020,0,0.0003086173885894273,0
2024-01-20,S004,P0020,0,0.001027509685092894,0
2024-01-21,S004,P0020,1,0.9998416805114477,1
2024-01-22,S004,P0020,1,0.9579898208986224,1
2024-01-23,S004,P0020,0,0.0017874440565994046,0
2024-01-24,S004,P0020,0,0.00019597812248936918,0
2024-01-25,S004,P0020,0,0.000664743826799886,0
2024-01-26,S004,P0020,0,5.122548784720817e-06,0
2024-01-27,S004,P0020,0,1.6767282727573657e-05,0
2024-01-28,S004,P0020,0,0.0002198766179419742,0
2024-01-29,S004,P0020,0,0.00032207165224965966,0
2024-01-30,S004,P0020,1,0.9980356587240703,1
2023-10-13,S005,P0001,0,1.164473394285284e-05,0
2023-10-14,S005,P0001,0,0.005661430807732545,0
2023-10-15,S005,P0001,0,0.000988472460627353,0
2023-10-16,S005,P0001,0,0.05237268518163343,0
2023-10-17,S005,P0001,1,0.9937040549538477,1
2023-10-18,S005,P0001,0,1.3454263660232394e-05,0
2023-10-19,S005,P0001,0,0.005519102232435857,0
2023-10-20,S005,P0001,0,0.013631265453307999,0
2023-10-21,S005,P0001,1,0.9941105942987235,1
2023-10-22,S005,P0001,0,0.0,0
2023-10-23,S005,P0001,0,0.0017962346293094672,0
2023-10-24,S005,P0001,0,0.0009954523641517922,0
2023-10-25,S005,P0001,1,0.9771096156024641,1
2023-10-26,S005,P0001,1,0.994858490914294,1
2023-10-27,S005,P0001,0,1.164473394285284e-05,0
2023-10-28,S005,P0001,0,0.0,0
2023-10-29,S005,P0001,1,0.9985832036037731,1
2023-10-30,S005,P0001,0,0.0,0
2023-10-31,S005,P0001,0,0.0,0
2023-11-01,S005,P0001,0,0.039507398258387706,0
2023-11-02,S005,P0001,1,0.9996851665770321,1
2023-11-03,S005,P0001,0,0.0001935075486046377,0
2023-11-04,S005,P0001,0,0.0006960428852692324,0
2023-11-05,S005,P0001,0,1.164473394285284e-05,0
2023-11-06,S005,P0001,0,1.164473394285284e-05,0
2023-11-07,S005,P0001,0,0.0001835704549976667,0
2023-11-08,S005,P0001,0,5.3899723596192384e-05,0
2023-11-09,S005,P0001,0,0.0,0
2023-11-10,S005,P0001,0,0.0034715728714368476,0
2023-11-11,S005,P0001,1,0.994847895396015,1
2023-11-12,S005,P0001,0,0.0019412703437309243,0
2023-11-13,S005,P0001,0,0.00014222738183580772,0
2023-11-14,S005,P0001,0,9.484539919916303e-05,0
2023-11-15,S005,P0001,0,2.5952235107473395e-05,0
2023-11-16,S005,P0001,0,0.0006596212780151652,0
2023-11-17,S005,P0001,0,1.164473394285284e-05,0
2023-11-18,S005,P0001,1,0.9643103084176643,1
2023-11-19,S005,P0001,1,0.9998725396550988,1
2023-11-20,S005,P0001,0,4.3781140159464967e-05,0
2023-11-21,S005,P0001,0,1.3151999304208986e-05,0
2023-11-22,S005,P0001,0,1.164473394285284e-05,0
2023-11-23,S005,P0001,0,0.0,0
2023-11-24,S005,P0001,0,0.0006251473468534704,0
2023-11-25,S005,P0001,0,0.009020675329203,0
2023-11-26,S005,P0001,0,5.128016676882999e-05,0
2023-11-27,S005,P0001,0,0.005719687184032129,0
2023-11-28,S005,P0001,0,0.053558417036598416,0
2023-11-29,S005,P0001,0,0.0006596212780151652,0
2023-11-30,S005,P0001,0,3.910423441168238e-05,0
2023-12-01,S005,P0001,1,0.9902529765316344,1
2023-12-02,S005,P0001,1,0.9949694593909926,1
2023-12-03,S005,P0001,0,0.0,0
2023-12-04,S005,P0001,0,0.00015747200642094564,0
2023-12-05,S005,P0001,1,0.9972958926224248,1
2023-12-06,S005,P0001,0,1.3151999304208986e-05,0
2023-12-07,S005,P0001,0,0.00011369086626148068,0
2023-12-08,S005,P0001,1,0.99588690661857,1
2023-12-09,S005,P0001,0,0.0,0
2023-12-10,S005,P0001,0,0.005297118792037834,0
2023-12-11,S005,P0001,1,0.9797251256990809,1
2023-12-12,S005,P0001,0,5.3899723596192384e-05,0
2023-12-13,S005,P0001,0,0.009468689828378058,0
2023-12-14,S005,P0001,0,0.05373307528494135,0
2023-12-15,S005,P0001,0,0.00020362613204136514,0
2023-12-16,S005,P0001,0,0.0024900393818022277,0
2023-12-17,S005,P0001,0,0.0,0
2023-12-18,S005,P0001,0,1.164473394285284e-05,0
2023-12-19,S005,P0001,0,0.0,0
2023-12-20,S005,P0001,0,0.00039816264521629703,0
2023-12-21,S005,P0001,1,0.9945057657262464,1
2023-12-22,S005,P0001,0,0.00042402932991821273,0
2023-12-23,S005,P0001,0,0.0,0
2023-12-24,S005,P0001,0,0.0001961271054320001,0
2023-12-25,S005,P0001,1,0.9852393378579479,1
2023-12-26,S005,P0001,0,0.0,0
2023-12-27,S005,P0001,0,0.007921217958640026,0
2023-12-28,S005,P0001,0,0.01685645411003405,0
2023-12-29,S005,P0001,0,1.164473394285284e-05,0
2023-12-30,S005,P0001,0,1.164473394285284e-05,0
2023-12-31,S005,P0001,0,0.011223399792130195,0
2024-01-01,S005,P0001,1,0.9988519876619745,1
2024-01-02,S005,P0001,0,0.00010019427301178188,0
2024-01-03,S005,P0001,0,0.00015165428474894657,0
2024-01-04,S005,P0001,0,0.00015165428474894657,0
2024-01-05,S005,P0001,0,0.0,0
2024-01-06,S005,P0001,0,0.004473650175784872,0
2024-01-07,S005,P0001,0,1.164473394285284e-05,0
2024-01-08,S005,P0001,0,0.0,0
2024-01-09,S005,P0001,1,0.9971606106158812,1
2024-01-10,S005,P0001,0,0.0001559354377992625,0
2024-01-11,S005,P0001,0,3.92012889557018e-05,0
2024-01-12,S005,P0001,0,0.0,0
2024-01-13,S005,P0001,0,0.023777474671791046,0
2024-01-14,S005,P0001,1,0.9995845282931566,1
2024-01-15,S005,P0001,0,0.0,0
2024-01-16,S005,P0001,0,0.0010890346499772279,0
2024-01-17,S005,P0001,0,0.001036880297658938,0
2024-01-18,S005,P0001,0,2.8536515574327032e-05,0
2024-01-19,S005,P0001,0,0.0006222679425493829,0
2024-01-20,S005,P0001,0,0.0,0
2024-01-21,S005,P0001,0,8.298242911516675e-05,0
2024-01-22,S005,P0001,0,0.00399267162559357,0
2024-01-23,S005,P0001,0,0.0,0
2024-01-24,S005,P0001,0,0.005590174185469434,0
2024-01-25,S005,P0001,1,0.999773254009042,1
2024-01-26,S005,P0001,0,0.0,0
2024-01-27,S005,P0001,0,0.0,0
2024-01-28,S005,P0001,0,0.00039816264521629703,0
2024-01-29,S005,P0001,1,0.943864407232484,1
2024-01-30,S005,P0001,0,0.0,0
2023-10-13,S005,P0002,0,0.0006596212780151652,0
2023-10-14,S005,P0002,0,0.0006479765440723125,0
2023-10-15,S005,P0002,0,0.0006596212780151652,0
2023-10-16,S005,P0002,0,0.0,0
2023-10-17,S005,P0002,0,6.0042010313652403e-05,0
2023-10-18,S005,P0002,0,0.0,0
2023-10-19,S005,P0002,0,0.04598858561892033,0
2023-10-20,S005,P0002,0,0.0006596212780151652,0
2023-10-21,S005,P0002,0,0.0006596212780151652,0
2023-10-22,S005,P0002,0,0.0009517919705163335,0
2023-10-23,S005,P0002,0,0.0,0
2023-10-24,S005,P0002,0,0.00018969665765739948,0
2023-10-25,S005,P0002,1,0.940060125906022,1
2023-10-26,S005,P0002,0,0.00019085557370464835,0
2023-10-27,S005,P0002,0,0.00036865939890307964,0
2023-10-28,S005,P0002,1,0.9249413718809458,1
2023-10-29,S005,P0002,1,0.9998715382252584,1
2023-10-30,S005,P0002,0,0.0,0
2023-10-31,S005,P0002,0,1.6767282727573657e-05,0
2023-11-01,S005,P0002,0,1.164473394285284e-05,0
2023-11-02,S005,P0002,0,1.164473394285284e-05,0
2023-11-03,S005,P0002,0,3.92012889557018e-05,0
2023-11-04,S005,P0002,0,3.910423441168238e-05,0
2023-11-05,S005,P0002,0,1.164473394285284e-05,0
2023-11-06,S005,P0002,0,2.5952235107473395e-05,0
2023-11-07,S005,P0002,0,5.2353288259910785e-05,0
2023-11-08,S005,P0002,0,3.92012889557018e-05,0
2023-11-09,S005,P0002,0,0.0003477216230011097,0
2023-11-10,S005,P0002,1,0.9864296379714612,1
2023-11-11,S005,P0002,0,5.128016676882999e-05,0
2023-11-12,S005,P0002,0,1.3151999304208986e-05,0
2023-11-13,S005,P0002,0,1.3151999304208986e-05,0
2023-11-14,S005,P0002,0,1.3151999304208986e-05,0
2023-11-15,S005,P0002,0,0.00021122274707450713,0
2023-11-16,S005,P0002,0,2.8536515574327032e-05,0
2023-11-17,S005,P0002,0,3.910423441168238e-05,0
2023-11-18,S005,P0002,0,0.0006959853939031721,0
2023-11-19,S005,P0002,0,2.8536515574327032e-05,0
2023-11-20,S005,P0002,0,2.8396623889346913e-05,0
2023-11-21,S005,P0002,0,0.0006596212780151652,0
2023-11-22,S005,P0002,0,7.546835029968916e-05,0
2023-11-23,S005,P0002,0,7.546835029968916e-05,0
2023-11-24,S005,P0002,0,2.8536515574327032e-05,0
2023-11-25,S005,P0002,0,0.00013709266436822247,0
2023-11-26,S005,P0002,0,0.022994029809670923,0
2023-11-27,S005,P0002,0,2.8536515574327032e-05,0
2023-11-28,S005,P0002,0,0.0006122845166332134,0
2023-11-29,S005,P0002,0,0.05076949584446663,0
2023-11-30,S005,P0002,0,0.0,0
2023-12-01,S005,P0002,0,0.0066246066600533825,0
2023-12-02,S005,P0002,1,0.9986748627545778,1
2023-12-03,S005,P0002,0,4.0665778180178686e-05,0
2023-12-04,S005,P0002,0,1.5244624585137928e-05,0
2023-12-05,S005,P0002,0,2.5952235107473395e-05,0
2023-12-06,S005,P0002,0,0.021506124266779055,0
2023-12-07,S005,P0002,0,3.910423441168238e-05,0
2023-12-08,S005,P0002,0,0.0,0
2023-12-09,S005,P0002,0,1.3151999304208986e-05,0
2023-12-10,S005,P0002,0,0.00034802388735713307,0
2023-12-11,S005,P0002,0,2.5952235107473395e-05,0
2023-12-12,S005,P0002,0,0.0,0
2023-12-13,S005,P0002,0,0.0,0
2023-12-14,S005,P0002,0,0.02943341546641477,0
2023-12-15,S005,P0002,0,0.0,0
2023-12-16,S005,P0002,0,2.8536515574327032e-05,0
2023-12-17,S005,P0002,0,0.0,0
2023-12-18,S005,P0002,1,0.9952954260632986,1
2023-12-19,S005,P0002,0,1.3151999304208986e-05,0
2023-12-20,S005,P0002,0,0.00015747200642094564,0
2023-12-21,S005,P0002,0,0.004803541229459544,0
2023-12-22,S005,P0002,1,0.9962186697145862,1
2023-12-23,S005,P0002,0,2.8396623889346913e-05,0
2023-12-24,S005,P0002,0,2.8396623889346913e-05,0
2023-12-25,S005,P0002,0,0.00014222738183580772,0
2023-12-26,S005,P0002,0,2.5952235107473395e-05,0
2023-12-27,S005,P0002,0,0.0012485255830268565,0
2023-12-28,S005,P0002,0,5.122548784720817e-06,0
2023-12-29,S005,P0002,0,0.0006596212780151652,0
2023-12-30,S005,P0002,0,5.122548784720817e-06,0
2023-12-31,S005,P0002,0,0.0,0
2024-01-01,S005,P0002,0,0.00021135922091808186,0
2024-01-02,S005,P0002,0,0.0,0
2024-01-03,S005,P0002,0,0.0,0
2024-01-04,S005,P0002,0,0.0478780524555546,0
2024-01-05,S005,P0002,0,0.0,0
2024-01-06,S005,P0002,0,1.164473394285284e-05,0
2024-01-07,S005,P0002,0,0.0,0
2024-01-08,S005,P0002,0,1.164473394285284e-05,0
2024-01-09,S005,P0002,0,0.0,0
2024-01-10,S005,P0002,0,0.0005713673118864274,0
2024-01-11,S005,P0002,0,0.000766937710056572,0
2024-01-12,S005,P0002,0,1.6767282727573657e-05,0
2024-01-13,S005,P0002,0,1.6767282727573657e-05,0
2024-01-14,S005,P0002,0,2.902104423732585e-05,0
2024-01-15,S005,P0002,0,0.0003387088282449063,0
2024-01-16,S005,P0002,0,0.001718391396028007,0
2024-01-17,S005,P0002,0,0.09580915248306054,0
2024-01-18,S005,P0002,0,5.122548784720817e-06,0
2024-01-19,S005,P0002,0,0.0,0
2024-01-20,S005,P0002,0,0.0015359964536433262,0
2024-01-21,S005,P0002,0,4.0665778180178686e-05,0
2024-01-22,S005,P0002,0,0.0,0
2024-01-23,S005,P0002,0,0.0004576737489364569,0
2024-01-24,S005,P0002,0,0.005888188711180984,0
2024-01-25,S005,P0002,0,0.00019085557370464835,0
2024-01-26,S005,P0002,0,0.000279003892075771,0
2024-01-27,S005,P0002,0,0.00019085557370464835,0
2024-01-28,S005,P0002,1,0.9983187114176697,1
2024-01-29,S005,P0002,0,8.674000935154948e-05,0
2024-01-30,S005,P0002,0,0.04566436651154806,0
2023-10-13,S005,P0003,0,0.0017404050801188584,0
2023-10-14,S005,P0003,0,0.00029036116278378883,0
2023-10-15,S005,P0003,0,0.00029036116278378883,0
2023-10-16,S005,P0003,0,0.0,0
2023-10-17,S005,P0003,0,0.0,0
2023-10-18,S005,P0003,0,0.005,0
2023-10-19,S005,P0003,0,0.005,0
2023-10-20,S005,P0003,0,0.002508920602997009,0
2023-10-21,S005,P0003,0,0.0,0
2023-10-22,S005,P0003,0,9.04134321610054e-05,0
2023-10-23,S005,P0003,0,0.005,0
2023-10-24,S005,P0003,0,0.00034350591567614274,0
2023-10-25,S005,P0003,0,0.00724103407524939,0
2023-10-26,S005,P0003,0,0.005831494285194408,0
2023-10-27,S005,P0003,0,0.06158676096124708,0
2023-10-28,S005,P0003,0,0.0007746862009626435,0
2023-10-29,S005,P0003,0,0.004779943436504948,0
2023-10-30,S005,P0003,0,0.00500739025456188,0
2023-10-31,S005,P0003,0,3.910423441168238e-05,0
2023-11-01,S005,P0003,0,0.0018856226201608211,0
2023-11-02,S005,P0003,0,0.0008849862456396199,0
2023-11-03,S005,P0003,0,0.005801635008629664,0
2023-11-04,S005,P0003,0,0.0097403107564461,0
2023-11-05,S005,P0003,0,0.0007259879086652199,0
2023-11-06,S005,P0003,0,0.0008891935198490587,0
2023-11-07,S005,P0003,0,0.0003086173885894273,0
2023-11-08,S005,P0003,0,0.005199552260548963,0
2023-11-09,S005,P0003,0,1.3454263660232394e-05,0
2023-11-10,S005,P0003,0,0.00032207165224965966,0
2023-11-11,S005,P0003,0,0.0021026343958955476,0
2023-11-12,S005,P0003,0,0.03679851157997953,0
2023-11-13,S005,P0003,0,1.3151999304208986e-05,0
2023-11-14,S005,P0003,0,0.01755888240147254,0
2023-11-15,S005,P0003,0,0.07381252490715906,0
2023-11-16,S005,P0003,0,0.0001795615225257084,0
2023-11-17,S005,P0003,0,0.0048081059762830804,0
2023-11-18,S005,P0003,1,0.999596649228991,1
2023-11-19,S005,P0003,0,0.006977270751549335,0
2023-11-20,S005,P0003,0,1.3454263660232394e-05,0
2023-11-21,S005,P0003,0,0.0006382367517406868,0
2023-11-22,S005,P0003,0,0.0026240247130831164,0
2023-11-23,S005,P0003,1,0.9956101861002784,1
2023-11-24,S005,P0003,0,0.051294083280114276,0
2023-11-25,S005,P0003,0,0.06544670978404828,0
2023-11-26,S005,P0003,0,0.027607575216735788,0
2023-11-27,S005,P0003,1,0.9887106499711209,1
2023-11-28,S005,P0003,0,0.0033096464071436776,0
2023-11-29,S005,P0003,0,0.0030010290185542503,0
2023-11-30,S005,P0003,0,0.06334303600569416,0
2023-12-01,S005,P0003,1,0.9707415509909721,1
2023-12-02,S005,P0003,0,0.00026581989722480556,0
2023-12-03,S005,P0003,1,0.9990172093517945,1
2023-12-04,S005,P0003,0,0.0034057118916129307,0
2023-12-05,S005,P0003,0,0.045350559247305966,0
2023-12-06,S005,P0003,0,0.014560293453232937,0
2023-12-07,S005,P0003,0,1.3151999304208986e-05,0
2023-12-08,S005,P0003,0,0.008631380482731902,0
2023-12-09,S005,P0003,0,0.0017120514444607087,0
2023-12-10,S005,P0003,0,0.0,0
2023-12-11,S005,P0003,1,0.9992399577510921,1
2023-12-12,S005,P0003,1,0.9995375059910774,1
2023-12-13,S005,P0003,0,0.0801051160411574,0
2023-12-14,S005,P0003,0,0.001653736892647562,0
2023-12-15,S005,P0003,1,0.9966204370892483,1
2023-12-16,S005,P0003,1,0.9981406487158775,1
2023-12-17,S005,P0003,0,0.07480126596069439,0
2023-12-18,S005,P0003,1,0.8752091374456005,1
2023-12-19,S005,P0003,0,0.00012829355577373218,0
2023-12-20,S005,P0003,0,0.0016633643842774023,0
2023-12-21,S005,P0003,0,0.02901788110271925,0
2023-12-22,S005,P0003,0,0.06013670906684647,0
2023-12-23,S005,P0003,0,0.0123245017015349,0
2023-12-24,S005,P0003,0,0.003356070464858327,0
2023-12-25,S005,P0003,0,0.0005601586352690974,0
2023-12-26,S005,P0003,0,0.06709442424647775,0
2023-12-27,S005,P0003,0,0.004669276772998664,0
2023-12-28,S005,P0003,0,0.0005790810863644519,0
2023-12-29,S005,P0003,0,0.0004873141518407677,0
2023-12-30,S005,P0003,0,0.001164779955932686,0
2023-12-31,S005,P0003,0,0.0017651244620640126,0
2024-01-01,S005,P0003,0,0.0,0
2024-01-02,S005,P0003,0,0.0006479765440723125,0
2024-01-03,S005,P0003,0,0.0,0
2024-01-04,S005,P0003,0,0.0,0
2024-01-05,S005,P0003,0,0.00029036116278378883,0
2024-01-06,S005,P0003,0,0.00029036116278378883,0
2024-01-07,S005,P0003,0,0.0006338670784599315,0
2024-01-08,S005,P0003,0,0.0,0
2024-01-09,S005,P0003,0,0.00048798836951826437,0
2024-01-10,S005,P0003,0,3.92012889557018e-05,0
2024-01-11,S005,P0003,0,0.0014922188058475508,0
2024-01-12,S005,P0003,0,0.0,0
2024-01-13,S005,P0003,1,0.9809426695036499,1
2024-01-14,S005,P0003,0,0.0467139248856776,0
2024-01-15,S005,P0003,0,0.017119572738007304,0
2024-01-16,S005,P0003,0,0.003405154123300491,0
2024-01-17,S005,P0003,0,0.005785327901386477,0
2024-01-18,S005,P0003,0,0.0002464186978949492,0
2024-01-19,S005,P0003,0,0.00029036116278378883,0
2024-01-20,S005,P0003,1,0.9717284925864645,1
2024-01-21,S005,P0003,0,0.005162496762100206,0
2024-01-22,S005,P0003,1,0.9903244488181379,1
2024-01-23,S005,P0003,0,0.0,0
2024-01-24,S005,P0003,1,0.9835608822031874,1
2024-01-25,S005,P0003,0,0.0020555379487183544,0
2024-01-26,S005,P0003,0,0.003966692784994482,0
2024-01-27,S005,P0003,0,0.002292221572705988,0
2024-01-28,S005,P0003,0,0.010612710140350541,0
2024-01-29,S005,P0003,0,0.001101213693000705,0
2024-01-30,S005,P0003,0,2.5952235107473395e-05,0
2023-10-13,S005,P0004,0,0.0,0
2023-10-14,S005,P0004,0,0.005210006376749804,0
2023-10-15,S005,P0004,0,0.00022023333844770705,0
2023-10-16,S005,P0004,0,0.00023296443423471684,0
2023-10-17,S005,P0004,1,0.9022608852740877,1
2023-10-18,S005,P0004,1,0.9221696245815733,1
2023-10-19,S005,P0004,1,0.9815459431797079,1
2023-10-20,S005,P0004,0,0.01670270017167946,0
2023-10-21,S005,P0004,0,0.005368288165130733,0
2023-10-22,S005,P0004,0,0.00046934528731526254,0
2023-10-23,S005,P0004,0,0.002909294460648546,0
2023-10-24,S005,P0004,0,0.009546518473507994,0
2023-10-25,S005,P0004,0,0.0022859534229027517,0
2023-10-26,S005,P0004,1,0.9890129252220325,1
2023-10-27,S005,P0004,0,0.007947022584580028,0
2023-10-28,S005,P0004,1,0.9338627391639521,1
2023-10-29,S005,P0004,0,0.0,0
2023-10-30,S005,P0004,1,0.9355999806631874,1
2023-10-31,S005,P0004,1,0.9862875311689568,1
2023-11-01,S005,P0004,0,0.10402578309606039,0
2023-11-02,S005,P0004,0,0.0006665158226546942,0
2023-11-03,S005,P0004,0,0.01985429754123079,0
2023-11-04,S005,P0004,0,0.0337003930638806,0
2023-11-05,S005,P0004,1,0.7858401109898173,1
2023-11-06,S005,P0004,0,3.910423441168238e-05,0
2023-11-07,S005,P0004,0,0.013804174726900143,0
2023-11-08,S005,P0004,0,0.0029266495249250435,0
2023-11-09,S005,P0004,0,3.910423441168238e-05,0
2023-11-10,S005,P0004,0,0.004813262766518692,0
2023-11-11,S005,P0004,0,0.022948299564019253,0
2023-11-12,S005,P0004,0,1.3151999304208986e-05,0
2023-11-13,S005,P0004,1,0.9994132583371099,1
2023-11-14,S005,P0004,0,0.04149569923114565,0
2023-11-15,S005,P0004,0,0.0583173167873354,0
2023-11-16,S005,P0004,1,0.9996973715338361,1
2023-11-17,S005,P0004,0,0.0036075038687890743,0
2023-11-18,S005,P0004,0,0.08617618846914052,0
2023-11-19,S005,P0004,1,0.9818053401093533,1
2023-11-20,S005,P0004,0,0.0,0
2023-11-21,S005,P0004,1,0.9239486964356959,1
2023-11-22,S005,P0004,0,0.004147589823368488,0
2023-11-23,S005,P0004,1,0.9994190490315039,1
2023-11-24,S005,P0004,1,0.9996910616651707,1
2023-11-25,S005,P0004,0,0.0010071581859749197,0
2023-11-26,S005,P0004,0,0.045312834400871055,0
2023-11-27,S005,P0004,0,0.0,0
2023-11-28,S005,P0004,0,0.02544867643379315,0
2023-11-29,S005,P0004,0,0.0,0
2023-11-30,S005,P0004,0,0.0005871311338134041,0
2023-12-01,S005,P0004,0,0.0020574230604806848,0
2023-12-02,S005,P0004,0,0.00039816264521629703,0
2023-12-03,S005,P0004,0,7.546835029968916e-05,0
2023-12-04,S005,P0004,1,0.9788268833829039,1
2023-12-05,S005,P0004,0,0.060347492550968725,0
2023-12-06,S005,P0004,1,0.9942546840816913,1
2023-12-07,S005,P0004,0,0.0,0
2023-12-08,S005,P0004,1,0.9741961602336972,1
2023-12-09,S005,P0004,0,0.0015901762073809345,0
2023-12-10,S005,P0004,0,0.03877277790810819,0
2023-12-11,S005,P0004,1,0.9994866525402542,1
2023-12-12,S005,P0004,0,0.0028813223027399125,0
2023-12-13,S005,P0004,1,0.9895695408994863,1
2023-12-14,S005,P0004,1,0.9924357274084042,1
2023-12-15,S005,P0004,0,0.00034166664548710037,0
2023-12-16,S005,P0004,0,0.014549062401579056,0
2023-12-17,S005,P0004,0,0.000556023162030814,0
2023-12-18,S005,P0004,0,0.0016341669382371681,0
2023-12-19,S005,P0004,0,0.005118654797535283,0
2023-12-20,S005,P0004,0,0.006848889926478335,0
2023-12-21,S005,P0004,0,0.0026445535525877607,0
2023-12-22,S005,P0004,1,0.8780383551208272,1
2023-12-23,S005,P0004,0,0.0,0
2023-12-24,S005,P0004,0,0.02548447755835423,0
2023-12-25,S005,P0004,0,8.993526577988445e-05,0
2023-12-26,S005,P0004,0,0.00034166664548710037,0
2023-12-27,S005,P0004,0,0.00040192452581979966,0
2023-12-28,S005,P0004,1,0.9800136308142511,1
2023-12-29,S005,P0004,0,0.002790540450373677,0
2023-12-30,S005,P0004,0,0.0006208811043098861,0
2023-12-31,S005,P0004,0,0.0007852417254494222,0
2024-01-01,S005,P0004,0,0.0010680468858071757,0
2024-01-02,S005,P0004,0,0.001101213693000705,0
2024-01-03,S005,P0004,0,0.012368722264702701,0
2024-01-04,S005,P0004,0,1.3454263660232394e-05,0
2024-01-05,S005,P0004,0,1.3454263660232394e-05,0
2024-01-06,S005,P0004,0,0.0005973195469939008,0
2024-01-07,S005,P0004,0,0.03705771116412206,0
2024-01-08,S005,P0004,1,0.9934925796544468,1
2024-01-09,S005,P0004,0,0.001509502406870182,0
2024-01-10,S005,P0004,0,0.00022023333844770705,0
2024-01-11,S005,P0004,1,0.9410640810223344,1
2024-01-12,S005,P0004,1,0.9947967239671763,1
2024-01-13,S005,P0004,0,0.0011926544686375407,0
2024-01-14,S005,P0004,1,0.9744720546490077,1
2024-01-15,S005,P0004,1,0.9731353784249254,1
2024-01-16,S005,P0004,1,0.9885564871987856,1
2024-01-17,S005,P0004,0,0.03890341780251036,0
2024-01-18,S005,P0004,0,0.02990759907528724,0
2024-01-19,S005,P0004,0,0.0014332443676407446,0
2024-01-20,S005,P0004,1,0.986484640759111,1
2024-01-21,S005,P0004,0,0.0,0
2024-01-22,S005,P0004,0,0.005112692244459023,0
2024-01-23,S005,P0004,1,0.9991766156216846,1
2024-01-24,S005,P0004,1,0.9978562049558458,1
2024-01-25,S005,P0004,0,0.1031718877029328,0
2024-01-26,S005,P0004,1,0.9983822753324989,1
2024-01-27,S005,P0004,0,0.0006696204383236784,0
2024-01-28,S005,P0004,1,0.9894403941773127,1
2024-01-29,S005,P0004,0,0.011220195768152917,0
2024-01-30,S005,P0004,0,0.04925447607638561,0
2023-10-13,S005,P0005,0,2.5952235107473395e-05,0
2023-10-14,S005,P0005,0,0.00015165428474894657,0
2023-10-15,S005,P0005,0,0.0,0
2023-10-16,S005,P0005,0,0.001151224881860494,0
2023-10-17,S005,P0005,0,0.0,0
2023-10-18,S005,P0005,0,0.0006479765440723125,0
2023-10-19,S005,P0005,0,0.0,0
2023-10-20,S005,P0005,0,0.0009499824407989542,0
2023-10-21,S005,P0005,0,0.0,0
2023-10-22,S005,P0005,0,0.004260761240267628,0
2023-10-23,S005,P0005,0,0.0002995075392892045,0
2023-10-24,S005,P0005,0,0.00653449279785482,0
2023-10-25,S005,P0005,0,0.0006479765440723125,0
2023-10-26,S005,P0005,0,0.0006596212780151652,0
2023-10-27,S005,P0005,0,0.0,0
2023-10-28,S005,P0005,1,0.9167802046351866,1
2023-10-29,S005,P0005,0,0.0,0
2023-10-30,S005,P0005,0,0.00033638766080642033,0
2023-10-31,S005,P0005,0,3.910423441168238e-05,0
2023-11-01,S005,P0005,0,0.0002942485166609089,0
2023-11-02,S005,P0005,0,0.001640800810623605,0
2023-11-03,S005,P0005,0,0.00020610019828978628,0
2023-11-04,S005,P0005,0,4.3781140159464967e-05,0
2023-11-05,S005,P0005,1,0.999097561491446,1
2023-11-06,S005,P0005,0,3.910423441168238e-05,0
2023-11-07,S005,P0005,0,2.5952235107473395e-05,0
2023-11-08,S005,P0005,0,3.910423441168238e-05,0
2023-11-09,S005,P0005,0,0.0008045628710224115,0
2023-11-10,S005,P0005,1,0.9245041192917444,1
2023-11-11,S005,P0005,0,2.5952235107473395e-05,0
2023-11-12,S005,P0005,0,0.0,0
2023-11-13,S005,P0005,0,0.08217299818124092,0
2023-11-14,S005,P0005,1,0.9997438176587036,1
2023-11-15,S005,P0005,0,0.0,0
2023-11-16,S005,P0005,0,1.6767282727573657e-05,0
2023-11-17,S005,P0005,0,0.0,0
2023-11-18,S005,P0005,0,0.0,0
2023-11-19,S005,P0005,0,0.005669132434297866,0
2023-11-20,S005,P0005,1,0.9926076903932516,1
2023-11-21,S005,P0005,0,2.8536515574327032e-05,0
2023-11-22,S005,P0005,0,7.546835029968916e-05,0
2023-11-23,S005,P0005,0,0.0006959853939031721,0
2023-11-24,S005,P0005,0,2.8536515574327032e-05,0
2023-11-25,S005,P0005,0,0.006113092143739728,0
2023-11-26,S005,P0005,0,3.910423441168238e-05,0
2023-11-27,S005,P0005,0,0.003073410226220551,0
2023-11-28,S005,P0005,1,0.9926614365254879,1
2023-11-29,S005,P0005,0,0.0,0
2023-11-30,S005,P0005,0,0.0,0
2023-12-01,S005,P0005,0,0.0013533983273350855,0
2023-12-02,S005,P0005,0,0.027298876312707523,0
2023-12-03,S005,P0005,0,0.0005118535114777777,0
2023-12-04,S005,P0005,0,0.004579828030544756,0
2023-12-05,S005,P0005,0,0.00018768982693263863,0
2023-12-06,S005,P0005,0,0.0,0
2023-12-07,S005,P0005,1,0.9993790760880633,1
2023-12-08,S005,P0005,0,1.3151999304208986e-05,0
2023-12-09,S005,P0005,0,0.0,0
2023-12-10,S005,P0005,0,0.0,0
2023-12-11,S005,P0005,0,0.0,0
2023-12-12,S005,P0005,1,0.9982798561313656,1
2023-12-13,S005,P0005,1,0.999399461417994,1
2023-12-14,S005,P0005,0,5.3899723596192384e-05,0
2023-12-15,S005,P0005,0,8.993526577988445e-05,0
2023-12-16,S005,P0005,0,0.0001961271054320001,0
2023-12-17,S005,P0005,0,0.04733350462055912,0
2023-12-18,S005,P0005,0,0.0,0
2023-12-19,S005,P0005,0,0.05617089180033735,0
2023-12-20,S005,P0005,1,0.9999153468507391,1
2023-12-21,S005,P0005,0,1.3151999304208986e-05,0
2023-12-22,S005,P0005,0,0.00014222738183580772,0
2023-12-23,S005,P0005,0,1.3151999304208986e-05,0
2023-12-24,S005,P0005,0,3.910423441168238e-05,0
2023-12-25,S005,P0005,0,3.910423441168238e-05,0
2023-12-26,S005,P0005,0,2.8536515574327032e-05,0
2023-12-27,S005,P0005,0,0.00044996630834649574,0
2023-12-28,S005,P0005,0,0.00015165428474894657,0
2023-12-29,S005,P0005,0,0.0,0
2023-12-30,S005,P0005,0,6.231635099548019e-05,0
2023-12-31,S005,P0005,0,0.0006479765440723125,0
2024-01-01,S005,P0005,0,0.030748635593507045,0
2024-01-02,S005,P0005,1,0.9990305968562602,1
2024-01-03,S005,P0005,0,0.00015165428474894657,0
2024-01-04,S005,P0005,0,1.3454263660232394e-05,0
2024-01-05,S005,P0005,1,0.9849513413341637,1
2024-01-06,S005,P0005,0,0.0006596212780151652,0
2024-01-07,S005,P0005,0,1.3454263660232394e-05,0
2024-01-08,S005,P0005,0,0.01190231539564528,0
2024-01-09,S005,P0005,0,0.0,0
2024-01-10,S005,P0005,1,0.9997685399818037,1
2024-01-11,S005,P0005,0,0.0,0
2024-01-12,S005,P0005,0,1.164473394285284e-05,0
2024-01-13,S005,P0005,0,0.0,0
2024-01-14,S005,P0005,0,6.231635099548019e-05,0
2024-01-15,S005,P0005,0,0.00012310412523955624,0
2024-01-16,S005,P0005,0,0.011093479901995901,0
2024-01-17,S005,P0005,1,0.9991012627530629,1
2024-01-18,S005,P0005,0,0.00011269224445902287,0
2024-01-19,S005,P0005,0,0.03359535633102227,0
2024-01-20,S005,P0005,1,0.9999624091044659,1
2024-01-21,S005,P0005,0,0.0035848052531732362,0
2024-01-22,S005,P0005,0,8.674000935154948e-05,0
2024-01-23,S005,P0005,0,8.674000935154948e-05,0
2024-01-24,S005,P0005,0,0.00020188156582107272,0
2024-01-25,S005,P0005,0,0.00039816264521629703,0
2024-01-26,S005,P0005,1,0.9943760610760576,1
2024-01-27,S005,P0005,0,0.0010517654398152266,0
2024-01-28,S005,P0005,0,0.0,0
2024-01-29,S005,P0005,0,5.122548784720817e-06,0
2024-01-30,S005,P0005,0,0.0,0
2023-10-13,S005,P0006,0,5.122548784720817e-06,0
2023-10-14,S005,P0006,0,0.0,0
2023-10-15,S005,P0006,0,0.0,0
2023-10-16,S005,P0006,0,5.97049361691353e-05,0
2023-10-17,S005,P0006,0,0.0006596212780151652,0
2023-10-18,S005,P0006,0,1.3151999304208986e-05,0
2023-10-19,S005,P0006,0,0.0,0
2023-10-20,S005,P0006,0,3.910423441168238e-05,0
2023-10-21,S005,P0006,0,2.5952235107473395e-05,0
2023-10-22,S005,P0006,0,0.0017365296931403317,0
2023-10-23,S005,P0006,0,0.00021135922091808186,0
2023-10-24,S005,P0006,0,0.0006596212780151652,0
2023-10-25,S005,P0006,0,0.0,0
2023-10-26,S005,P0006,0,0.0,0
2023-10-27,S005,P0006,0,0.0006521173278652376,0
2023-10-28,S005,P0006,1,0.9992468460565047,1
2023-10-29,S005,P0006,0,0.0,0
2023-10-30,S005,P0006,0,0.0,0
2023-10-31,S005,P0006,0,0.0,0
2023-11-01,S005,P0006,0,5.122548784720817e-06,0
2023-11-02,S005,P0006,0,2.8536515574327032e-05,0
2023-11-03,S005,P0006,0,3.910423441168238e-05,0
2023-11-04,S005,P0006,0,2.5952235107473395e-05,0
2023-11-05,S005,P0006,0,0.00021567531758163682,0
2023-11-06,S005,P0006,0,2.8536515574327032e-05,0
2023-11-07,S005,P0006,0,1.3151999304208986e-05,0
2023-11-08,S005,P0006,0,5.122548784720817e-06,0
2023-11-09,S005,P0006,0,5.128016676882999e-05,0
2023-11-10,S005,P0006,0,5.3899723596192384e-05,0
2023-11-11,S005,P0006,0,0.0,0
2023-11-12,S005,P0006,0,0.0001961271054320001,0
2023-11-13,S005,P0006,0,5.3899723596192384e-05,0
2023-11-14,S005,P0006,0,0.0,0
2023-11-15,S005,P0006,0,0.01163551097189937,0
2023-11-16,S005,P0006,0,2.8536515574327032e-05,0
2023-11-17,S005,P0006,0,2.8396623889346913e-05,0
2023-11-18,S005,P0006,0,2.8396623889346913e-05,0
2023-11-19,S005,P0006,0,1.3151999304208986e-05,0
2023-11-20,S005,P0006,0,2.8536515574327032e-05,0
2023-11-21,S005,P0006,0,1.3151999304208986e-05,0
2023-11-22,S005,P0006,0,2.8396623889346913e-05,0
2023-11-23,S005,P0006,0,1.3151999304208986e-05,0
2023-11-24,S005,P0006,0,3.910423441168238e-05,0
2023-11-25,S005,P0006,0,4.951611519221577e-05,0
2023-11-26,S005,P0006,0,7.546835029968916e-05,0
2023-11-27,S005,P0006,0,0.00014222738183580772,0
2023-11-28,S005,P0006,0,0.0002734588155191507,0
2023-11-29,S005,P0006,1,0.9921680046673754,1
2023-11-30,S005,P0006,1,0.9996786789353928,1
2023-12-01,S005,P0006,0,0.0,0
2023-12-02,S005,P0006,0,0.0,0
2023-12-03,S005,P0006,0,5.3899723596192384e-05,0
2023-12-04,S005,P0006,0,0.0,0
2023-12-05,S005,P0006,0,0.0,0
2023-12-06,S005,P0006,0,5.3899723596192384e-05,0
2023-12-07,S005,P0006,0,5.3899723596192384e-05,0
2023-12-08,S005,P0006,0,0.005708456502067766,0
2023-12-09,S005,P0006,0,5.3899723596192384e-05,0
2023-12-10,S005,P0006,0,2.902104423732585e-05,0
2023-12-11,S005,P0006,0,5.122548784720817e-06,0
2023-12-12,S005,P0006,0,0.00016759058985767308,0
2023-12-13,S005,P0006,0,0.0,0
2023-12-14,S005,P0006,0,0.0,0
2023-12-15,S005,P0006,0,0.01100413644396892,0
2023-12-16,S005,P0006,0,5.122548784720817e-06,0
2023-12-17,S005,P0006,0,0.0001961271054320001,0
2023-12-18,S005,P0006,0,5.3899723596192384e-05,0
2023-12-19,S005,P0006,0,0.0,0
2023-12-20,S005,P0006,0,5.122548784720817e-06,0
2023-12-21,S005,P0006,0,0.00015747200642094564,0
2023-12-22,S005,P0006,0,0.0,0
2023-12-23,S005,P0006,0,0.0,0
2023-12-24,S005,P0006,0,0.0,0
2023-12-25,S005,P0006,0,0.0,0
2023-12-26,S005,P0006,0,0.0,0
2023-12-27,S005,P0006,0,0.0,0
2023-12-28,S005,P0006,0,1.6767282727573657e-05,0
2023-12-29,S005,P0006,0,1.3151999304208986e-05,0
2023-12-30,S005,P0006,0,5.122548784720817e-06,0
2023-12-31,S005,P0006,0,2.902104423732585e-05,0
2024-01-01,S005,P0006,0,5.122548784720817e-06,0
2024-01-02,S005,P0006,0,0.00015677683353366737,0
2024-01-03,S005,P0006,0,2.8536515574327032e-05,0
2024-01-04,S005,P0006,0,0.0,0
2024-01-05,S005,P0006,0,0.0002770608650793446,0
2024-01-06,S005,P0006,1,0.9682496341567262,1
2024-01-07,S005,P0006,0,2.902104423732585e-05,0
2024-01-08,S005,P0006,0,0.00016168957010582273,0
2024-01-09,S005,P0006,0,1.6767282727573657e-05,0
2024-01-10,S005,P0006,0,0.0,0
2024-01-11,S005,P0006,0,8.674000935154948e-05,0
2024-01-12,S005,P0006,0,0.0008891935198490587,0
2024-01-13,S005,P0006,0,0.041673737187469105,0
2024-01-14,S005,P0006,0,0.0,0
2024-01-15,S005,P0006,0,0.0,0
2024-01-16,S005,P0006,0,0.00011269224445902287,0
2024-01-17,S005,P0006,0,1.164473394285284e-05,0
2024-01-18,S005,P0006,0,0.00011269224445902287,0
2024-01-19,S005,P0006,0,0.0006596212780151652,0
2024-01-20,S005,P0006,0,0.0006596212780151652,0
2024-01-21,S005,P0006,0,0.0,0
2024-01-22,S005,P0006,0,0.00012310412523955624,0
2024-01-23,S005,P0006,0,0.00013802017612037947,0
2024-01-24,S005,P0006,0,0.00014905636034702964,0
2024-01-25,S005,P0006,0,0.00010198463393668741,0
2024-01-26,S005,P0006,0,8.674000935154948e-05,0
2024-01-27,S005,P0006,0,2.8536515574327032e-05,0
2024-01-28,S005,P0006,0,0.0001411859228923892,0
2024-01-29,S005,P0006,0,0.00014905636034702964,0
2024-01-30,S005,P0006,0,1.6767282727573657e-05,0
2023-10-13,S005,P0007,0,0.0006479765440723125,0
2023-10-14,S005,P0007,0,0.0,0
2023-10-15,S005,P0007,0,0.02100208203621245,0
2023-10-16,S005,P0007,0,0.06301674340890592,0
2023-10-17,S005,P0007,0,7.546835029968916e-05,0
2023-10-18,S005,P0007,0,0.012958526021817622,0
2023-10-19,S005,P0007,1,0.9870922459909207,1
2023-10-20,S005,P0007,0,6.231635099548019e-05,0
2023-10-21,S005,P0007,0,0.013929619405429347,0
2023-10-22,S005,P0007,1,0.9634707004719247,1
2023-10-23,S005,P0007,0,0.0,0
2023-10-24,S005,P0007,0,0.001081667170748142,0
2023-10-25,S005,P0007,0,9.92432992693542e-05,0
2023-10-26,S005,P0007,0,0.0018527994295530978,0
2023-10-27,S005,P0007,0,0.016098453666415415,0
2023-10-28,S005,P0007,1,0.9998794192627619,1
2023-10-29,S005,P0007,0,0.0,0
2023-10-30,S005,P0007,0,5.122548784720817e-06,0
2023-10-31,S005,P0007,0,0.0,0
2023-11-01,S005,P0007,0,5.122548784720817e-06,0
2023-11-02,S005,P0007,0,0.0001447728267652982,0
2023-11-03,S005,P0007,1,0.9972011617202534,1
2023-11-04,S005,P0007,0,0.0,0
2023-11-05,S005,P0007,0,0.00036424578398393915,0
2023-11-06,S005,P0007,0,0.0,0
2023-11-07,S005,P0007,0,0.03936000328206285,0
2023-11-08,S005,P0007,1,0.9996918667090068,1
2023-11-09,S005,P0007,0,0.0,0
2023-11-10,S005,P0007,0,2.8536515574327032e-05,0
2023-11-11,S005,P0007,0,0.02362402692388959,0
2023-11-12,S005,P0007,0,0.0,0
2023-11-13,S005,P0007,0,0.0013533983273350855,0
2023-11-14,S005,P0007,0,0.014533586176130688,0
2023-11-15,S005,P0007,0,0.006433142597198957,0
2023-11-16,S005,P0007,1,0.9991290938854059,1
2023-11-17,S005,P0007,0,0.00014222738183580772,0
2023-11-18,S005,P0007,0,0.0003910325607536937,0
2023-11-19,S005,P0007,0,0.00014222738183580772,0
2023-11-20,S005,P0007,0,0.005013151999304209,0
2023-11-21,S005,P0007,0,4.9187541487901056e-05,0
2023-11-22,S005,P0007,0,0.00014222738183580772,0
2023-11-23,S005,P0007,0,0.00026581989722480556,0
2023-11-24,S005,P0007,0,1.3151999304208986e-05,0
2023-11-25,S005,P0007,0,1.6767282727573657e-05,0
2023-11-26,S005,P0007,0,0.00014491535598661222,0
2023-11-27,S005,P0007,0,0.0,0
2023-11-28,S005,P0007,0,0.0038700976512507125,0
2023-11-29,S005,P0007,0,2.8536515574327032e-05,0
2023-11-30,S005,P0007,0,0.0004169170514488227,0
2023-12-01,S005,P0007,0,4.8008849830859627e-05,0
2023-12-02,S005,P0007,0,1.5244624585137928e-05,0
2023-12-03,S005,P0007,0,0.004178878684848495,0
2023-12-04,S005,P0007,1,0.9993017969737135,1
2023-12-05,S005,P0007,0,2.5952235107473395e-05,0
2023-12-06,S005,P0007,1,0.9237382152419019,1
2023-12-07,S005,P0007,1,0.9999226918188097,1
2023-12-08,S005,P0007,0,2.8536515574327032e-05,0
2023-12-09,S005,P0007,0,0.0,0
2023-12-10,S005,P0007,0,0.0002345750525824648,0
2023-12-11,S005,P0007,0,5.3899723596192384e-05,0
2023-12-12,S005,P0007,0,0.0,0
2023-12-13,S005,P0007,0,0.005159264322401915,0
2023-12-14,S005,P0007,0,0.0,0
2023-12-15,S005,P0007,0,0.0016286530561871607,0
2023-12-16,S005,P0007,0,0.00016759058985767308,0
2023-12-17,S005,P0007,1,0.998123189688497,1
2023-12-18,S005,P0007,0,2.8536515574327032e-05,0
2023-12-19,S005,P0007,0,0.07253397671433623,0
2023-12-20,S005,P0007,0,0.0,0
2023-12-21,S005,P0007,0,0.0,0
2023-12-22,S005,P0007,1,0.9944387583217241,1
2023-12-23,S005,P0007,0,0.0017848963867643085,0
2023-12-24,S005,P0007,0,2.8396623889346913e-05,0
2023-12-25,S005,P0007,0,1.3151999304208986e-05,0
2023-12-26,S005,P0007,0,5.122548784720817e-06,0
2023-12-27,S005,P0007,0,0.0010890346499772279,0
2023-12-28,S005,P0007,0,0.04105843074372752,0
2023-12-29,S005,P0007,0,0.001323089326990273,0
2023-12-30,S005,P0007,0,0.0008495987232274001,0
2023-12-31,S005,P0007,0,4.0665778180178686e-05,0
2024-01-01,S005,P0007,0,0.0002995075392892045,0
2024-01-02,S005,P0007,0,0.0005973195469939008,0
2024-01-03,S005,P0007,0,0.00015165428474894657,0
2024-01-04,S005,P0007,0,0.0046284560192285835,0
2024-01-05,S005,P0007,0,0.0001818876729067359,0
2024-01-06,S005,P0007,0,0.0006596212780151652,0
2024-01-07,S005,P0007,0,1.164473394285284e-05,0
2024-01-08,S005,P0007,0,0.0,0
2024-01-09,S005,P0007,0,0.001027509685092894,0
2024-01-10,S005,P0007,1,0.9998296442913186,1
2024-01-11,S005,P0007,0,8.674000935154948e-05,0
2024-01-12,S005,P0007,0,0.0,0
2024-01-13,S005,P0007,0,0.002730374498914034,0
2024-01-14,S005,P0007,1,0.9973405602585731,1
2024-01-15,S005,P0007,0,0.0,0
2024-01-16,S005,P0007,0,6.773780453002884e-05,0
2024-01-17,S005,P0007,0,0.0,0
2024-01-18,S005,P0007,0,5.122548784720817e-06,0
2024-01-19,S005,P0007,0,0.0,0
2024-01-20,S005,P0007,0,0.00017344837919724957,0
2024-01-21,S005,P0007,0,2.8536515574327032e-05,0
2024-01-22,S005,P0007,0,0.003492117813501022,0
2024-01-23,S005,P0007,0,1.6767282727573657e-05,0
2024-01-24,S005,P0007,0,1.6767282727573657e-05,0
2024-01-25,S005,P0007,0,0.00015677683353366737,0
2024-01-26,S005,P0007,0,0.0,0
2024-01-27,S005,P0007,0,0.07952008491552429,0
2024-01-28,S005,P0007,0,0.0,0
2024-01-29,S005,P0007,0,0.010210644073966303,0
2024-01-30,S005,P0007,0,0.00011269224445902287,0
2023-10-13,S005,P0008,0,0.022188022729239577,0
2023-10-14,S005,P0008,0,0.025849120680144604,0
2023-10-15,S005,P0008,0,0.023649033784753616,0
2023-10-16,S005,P0008,0,1.3454263660232394e-05,0
2023-10-17,S005,P0008,1,0.995613714898059,1
2023-10-18,S005,P0008,0,0.04905681977919077,0
2023-10-19,S005,P0008,0,0.029798074277593796,0
2023-10-20,S005,P0008,0,0.011287963884001303,0
2023-10-21,S005,P0008,0,0.0031235586948818793,0
2023-10-22,S005,P0008,0,0.00030381542644402124,0
2023-10-23,S005,P0008,1,0.9904121276709645,1
2023-10-24,S005,P0008,0,0.04082314347467566,0
2023-10-25,S005,P0008,1,0.9997287643910876,1
2023-10-26,S005,P0008,0,0.004843189438112,0
2023-10-27,S005,P0008,1,0.9922496224384753,1
2023-10-28,S005,P0008,1,0.9524550379400399,1
2023-10-29,S005,P0008,0,0.0,0
2023-10-30,S005,P0008,0,0.029857551446945785,0
2023-10-31,S005,P0008,0,0.011468270458384602,0
2023-11-01,S005,P0008,0,0.016731325588825733,0
2023-11-02,S005,P0008,0,0.024726999393804277,0
2023-11-03,S005,P0008,1,0.9944799907967589,1
2023-11-04,S005,P0008,0,0.008694477411142341,0
2023-11-05,S005,P0008,0,0.0005642495898804671,0
2023-11-06,S005,P0008,0,0.0032336059081510826,0
2023-11-07,S005,P0008,0,0.040336413314161455,0
2023-11-08,S005,P0008,1,0.9830638962974977,1
2023-11-09,S005,P0008,1,0.9981079293143615,1
2023-11-10,S005,P0008,0,0.04086245836518078,0
2023-11-11,S005,P0008,0,0.0,0
2023-11-12,S005,P0008,0,0.06074142569669347,0
2023-11-13,S005,P0008,0,0.004452614263770058,0
2023-11-14,S005,P0008,0,0.0,0
2023-11-15,S005,P0008,1,0.9989668056889209,1
2023-11-16,S005,P0008,1,0.9991473312859215,1
2023-11-17,S005,P0008,0,0.08765876691662566,0
2023-11-18,S005,P0008,0,0.050990503240737076,0
2023-11-19,S005,P0008,0,0.005527455636081255,0
2023-11-20,S005,P0008,0,0.004452358209956055,0
2023-11-21,S005,P0008,0,0.013973819930958436,0
2023-11-22,S005,P0008,0,0.0034891298013320637,0
2023-11-23,S005,P0008,1,0.9996614294058825,1
2023-11-24,S005,P0008,1,0.9992376971672121,1
2023-11-25,S005,P0008,0,0.0,0
2023-11-26,S005,P0008,0,0.0014543804952457371,0
2023-11-27,S005,P0008,1,0.9997219853681407,1
2023-11-28,S005,P0008,0,0.00034798488215468726,0
2023-11-29,S005,P0008,0,0.005062142049554602,0
2023-11-30,S005,P0008,0,5.122548784720817e-06,0
2023-12-01,S005,P0008,1,0.9998335583624742,1
2023-12-02,S005,P0008,0,0.0,0
2023-12-03,S005,P0008,1,0.9996179553462617,1
2023-12-04,S005,P0008,0,0.042963560789473186,0
2023-12-05,S005,P0008,1,0.9954736106359543,1
2023-12-06,S005,P0008,0,0.0,0
2023-12-07,S005,P0008,1,0.9992439809999919,1
2023-12-08,S005,P0008,0,0.0007473483679725415,0
2023-12-09,S005,P0008,0,0.004022849753369748,0
2023-12-10,S005,P0008,1,0.9956117819147733,1
2023-12-11,S005,P0008,0,0.0009621931842039968,0
2023-12-12,S005,P0008,1,0.9948886622628982,1
2023-12-13,S005,P0008,0,0.0,0
2023-12-14,S005,P0008,1,0.9873746702479148,1
2023-12-15,S005,P0008,0,0.0,0
2023-12-16,S005,P0008,0,0.009628698993215768,0
2023-12-17,S005,P0008,0,0.00023742327333545866,0
2023-12-18,S005,P0008,1,0.9939490693598519,1
2023-12-19,S005,P0008,0,0.047350836635399934,0
2023-12-20,S005,P0008,0,0.012075205616623617,0
2023-12-21,S005,P0008,0,0.005878881164894142,0
2023-12-22,S005,P0008,1,0.9999785717614954,1
2023-12-23,S005,P0008,0,0.07574363851216043,0
2023-12-24,S005,P0008,0,1.3151999304208986e-05,0
2023-12-25,S005,P0008,0,0.0036894401585197507,0
2023-12-26,S005,P0008,1,0.9965926062562481,1
2023-12-27,S005,P0008,0,0.0,0
2023-12-28,S005,P0008,0,0.002264373177676266,0
2023-12-29,S005,P0008,1,0.9944718381806561,1
2023-12-30,S005,P0008,0,0.01740488826654173,0
2023-12-31,S005,P0008,1,0.9530047450492464,1
2024-01-01,S005,P0008,0,0.010288788483406024,0
2024-01-02,S005,P0008,1,0.9950212745429203,1
2024-01-03,S005,P0008,1,0.9987789522360387,1
2024-01-04,S005,P0008,0,0.005,0
2024-01-05,S005,P0008,0,0.008108382856859421,0
2024-01-06,S005,P0008,0,0.004383616883263173,0
2024-01-07,S005,P0008,0,0.00039816264521629703,0
2024-01-08,S005,P0008,0,5.122548784720817e-06,0
2024-01-09,S005,P0008,1,0.949916038211169,1
2024-01-10,S005,P0008,0,0.00066798652631187,0
2024-01-11,S005,P0008,1,0.9700649329553757,1
2024-01-12,S005,P0008,0,0.0,0
2024-01-13,S005,P0008,0,0.01728356223312316,0
2024-01-14,S005,P0008,0,0.0013162118340246049,0
2024-01-15,S005,P0008,0,0.004772275170737455,0
2024-01-16,S005,P0008,0,0.040815695775910134,0
2024-01-17,S005,P0008,0,0.01571588384970014,0
2024-01-18,S005,P0008,0,0.0005114564805919896,0
2024-01-19,S005,P0008,0,0.021338385397097294,0
2024-01-20,S005,P0008,0,0.003589307246281521,0
2024-01-21,S005,P0008,1,0.9996763092933878,1
2024-01-22,S005,P0008,1,0.97124278936121,1
2024-01-23,S005,P0008,0,0.0028272864261503577,0
2024-01-24,S005,P0008,1,0.9990376193249604,1
2024-01-25,S005,P0008,0,0.0427131132939912,0
2024-01-26,S005,P0008,0,0.00019083318157756872,0
2024-01-27,S005,P0008,1,0.9810336401493651,1
2024-01-28,S005,P0008,1,0.9862336033475465,1
2024-01-29,S005,P0008,1,0.9881901685637837,1
2024-01-30,S005,P0008,0,0.0041801182999094185,0
2023-10-13,S005,P0009,0,1.6767282727573657e-05,0
2023-10-14,S005,P0009,0,5.122548784720817e-06,0
2023-10-15,S005,P0009,0,0.0,0
2023-10-16,S005,P0009,0,0.06900847408303414,0
2023-10-17,S005,P0009,1,0.994420938034303,1
2023-10-18,S005,P0009,0,1.164473394285284e-05,0
2023-10-19,S005,P0009,0,7.546835029968916e-05,0
2023-10-20,S005,P0009,0,3.910423441168238e-05,0
2023-10-21,S005,P0009,0,0.0002398026031200692,0
2023-10-22,S005,P0009,0,0.08709362943567228,0
2023-10-23,S005,P0009,1,0.9892061939191453,1
2023-10-24,S005,P0009,0,1.164473394285284e-05,0
2023-10-25,S005,P0009,0,0.0,0
2023-10-26,S005,P0009,0,0.0001835704549976667,0
2023-10-27,S005,P0009,1,0.9648424438398348,1
2023-10-28,S005,P0009,0,0.00016832583041252874,0
2023-10-29,S005,P0009,0,0.0,0
2023-10-30,S005,P0009,0,0.00040568172248544123,0
2023-10-31,S005,P0009,0,1.6767282727573657e-05,0
2023-11-01,S005,P0009,0,0.0,0
2023-11-02,S005,P0009,0,3.865509901105446e-05,0
2023-11-03,S005,P0009,0,0.0001835704549976667,0
2023-11-04,S005,P0009,0,0.00021067655712985977,0
2023-11-05,S005,P0009,0,2.8536515574327032e-05,0
2023-11-06,S005,P0009,0,0.0003217693878936362,0
2023-11-07,S005,P0009,1,0.9881337502262132,1
2023-11-08,S005,P0009,0,0.0001720214581188053,0
2023-11-09,S005,P0009,0,2.8536515574327032e-05,0
2023-11-10,S005,P0009,0,0.00281494846285563,0
2023-11-11,S005,P0009,0,0.0474175468988078,0
2023-11-12,S005,P0009,0,2.5952235107473395e-05,0
2023-11-13,S005,P0009,0,0.0006479765440723125,0
2023-11-14,S005,P0009,0,2.8536515574327032e-05,0
2023-11-15,S005,P0009,0,0.0,0
2023-11-16,S005,P0009,0,0.00331006644642261,0
2023-11-17,S005,P0009,0,0.0,0
2023-11-18,S005,P0009,0,2.8536515574327032e-05,0
2023-11-19,S005,P0009,0,0.0,0
2023-11-20,S005,P0009,0,0.003984808902676094,0
2023-11-21,S005,P0009,0,0.00018869300378238752,0
2023-11-22,S005,P0009,0,5.122548784720817e-06,0
2023-11-23,S005,P0009,0,2.8536515574327032e-05,0
2023-11-24,S005,P0009,0,0.011145142287540953,0
2023-11-25,S005,P0009,1,0.9998602121412233,1
2023-11-26,S005,P0009,0,1.3151999304208986e-05,0
2023-11-27,S005,P0009,0,0.022910514807619426,0
2023-11-28,S005,P0009,0,1.3151999304208986e-05,0
2023-11-29,S005,P0009,0,2.8536515574327032e-05,0
2023-11-30,S005,P0009,0,1.3151999304208986e-05,0
2023-12-01,S005,P0009,1,0.9989005027178647,1
2023-12-02,S005,P0009,0,0.0,0
2023-12-03,S005,P0009,0,3.865509901105446e-05,0
2023-12-04,S005,P0009,0,3.865509901105446e-05,0
2023-12-05,S005,P0009,0,0.0,0
2023-12-06,S005,P0009,0,1.6767282727573657e-05,0
2023-12-07,S005,P0009,0,0.0,0
2023-12-08,S005,P0009,0,0.0,0
2023-12-09,S005,P0009,0,0.0,0
2023-12-10,S005,P0009,0,0.02609980404038925,0
2023-12-11,S005,P0009,0,0.0,0
2023-12-12,S005,P0009,0,0.00014222738183580772,0
2023-12-13,S005,P0009,1,0.991577291456219,1
2023-12-14,S005,P0009,1,0.9996786789353928,1
2023-12-15,S005,P0009,0,0.0,0
2023-12-16,S005,P0009,0,0.0,0
2023-12-17,S005,P0009,0,0.0002193304279973269,0
2023-12-18,S005,P0009,0,0.00015234596527253515,0
2023-12-19,S005,P0009,0,0.0,0
2023-12-20,S005,P0009,0,0.0,0
2023-12-21,S005,P0009,0,5.9022272380913206e-05,0
2023-12-22,S005,P0009,0,0.0,0
2023-12-23,S005,P0009,0,0.0,0
2023-12-24,S005,P0009,0,0.0,0
2023-12-25,S005,P0009,0,0.0,0
2023-12-26,S005,P0009,0,0.00015165428474894657,0
2023-12-27,S005,P0009,0,2.5952235107473395e-05,0
2023-12-28,S005,P0009,0,2.5952235107473395e-05,0
2023-12-29,S005,P0009,0,0.00014222738183580772,0
2023-12-30,S005,P0009,0,1.3151999304208986e-05,0
2023-12-31,S005,P0009,0,0.0,0
2024-01-01,S005,P0009,0,1.164473394285284e-05,0
2024-01-02,S005,P0009,0,0.0,0
2024-01-03,S005,P0009,0,0.0006596212780151652,0
2024-01-04,S005,P0009,0,0.0,0
2024-01-05,S005,P0009,0,0.0006730755416753977,0
2024-01-06,S005,P0009,0,0.08657643432301726,0
2024-01-07,S005,P0009,0,2.5952235107473395e-05,0
2024-01-08,S005,P0009,0,0.0006596212780151652,0
2024-01-09,S005,P0009,0,0.00019085557370464835,0
2024-01-10,S005,P0009,0,0.0,0
2024-01-11,S005,P0009,0,0.0,0
2024-01-12,S005,P0009,1,0.9769859983222412,1
2024-01-13,S005,P0009,0,0.0,0
2024-01-14,S005,P0009,0,0.027393137751604044,0
2024-01-15,S005,P0009,0,0.0,0
2024-01-16,S005,P0009,0,0.00018869300378238752,0
2024-01-17,S005,P0009,0,1.164473394285284e-05,0
2024-01-18,S005,P0009,0,0.0,0
2024-01-19,S005,P0009,0,0.0,0
2024-01-20,S005,P0009,0,0.0022016696999866392,0
2024-01-21,S005,P0009,1,0.9907143279728525,1
2024-01-22,S005,P0009,1,0.9996836022066744,1
2024-01-23,S005,P0009,0,0.0,0
2024-01-24,S005,P0009,0,0.00019543193254472184,0
2024-01-25,S005,P0009,0,0.0,0
2024-01-26,S005,P0009,0,0.0,0
2024-01-27,S005,P0009,0,0.00019543193254472184,0
2024-01-28,S005,P0009,0,2.8536515574327032e-05,0
2024-01-29,S005,P0009,0,0.0003345696236969007,0
2024-01-30,S005,P0009,0,0.007975930529210746,0
2023-10-13,S005,P0010,0,2.5952235107473395e-05,0
2023-10-14,S005,P0010,0,6.0042010313652403e-05,0
2023-10-15,S005,P0010,0,0.0007918756085216436,0
2023-10-16,S005,P0010,1,0.981453626583765,1
2023-10-17,S005,P0010,0,0.0,0
2023-10-18,S005,P0010,0,0.01115766907986917,0
2023-10-19,S005,P0010,1,0.9939882845475532,1
2023-10-20,S005,P0010,0,4.8008849830859627e-05,0
2023-10-21,S005,P0010,0,0.0,0
2023-10-22,S005,P0010,0,0.0,0
2023-10-23,S005,P0010,0,2.5952235107473395e-05,0
2023-10-24,S005,P0010,0,5.122548784720817e-06,0
2023-10-25,S005,P0010,0,0.0,0
2023-10-26,S005,P0010,0,0.0,0
2023-10-27,S005,P0010,0,0.0,0
2023-10-28,S005,P0010,0,5.122548784720817e-06,0
2023-10-29,S005,P0010,0,0.0,0
2023-10-30,S005,P0010,0,5.122548784720817e-06,0
2023-10-31,S005,P0010,0,2.8536515574327032e-05,0
2023-11-01,S005,P0010,0,0.0,0
2023-11-02,S005,P0010,1,0.9802530015712881,1
2023-11-03,S005,P0010,0,0.0,0
2023-11-04,S005,P0010,0,8.993526577988445e-05,0
2023-11-05,S005,P0010,0,2.8536515574327032e-05,0
2023-11-06,S005,P0010,0,0.0011241726492367257,0
2023-11-07,S005,P0010,1,0.9127441644723804,1
2023-11-08,S005,P0010,0,0.00015747200642094564,0
2023-11-09,S005,P0010,0,1.5244624585137928e-05,0
2023-11-10,S005,P0010,0,0.0055001494533364215,0
2023-11-11,S005,P0010,0,1.3151999304208986e-05,0
2023-11-12,S005,P0010,0,0.0001935075486046377,0
2023-11-13,S005,P0010,0,1.3151999304208986e-05,0
2023-11-14,S005,P0010,0,3.910423441168238e-05,0
2023-11-15,S005,P0010,0,2.8396623889346913e-05,0
2023-11-16,S005,P0010,0,3.910423441168238e-05,0
2023-11-17,S005,P0010,0,0.0006959853939031721,0
2023-11-18,S005,P0010,0,6.231635099548019e-05,0
2023-11-19,S005,P0010,0,0.00030224483318624386,0
2023-11-20,S005,P0010,0,0.005573103191354035,0
2023-11-21,S005,P0010,1,0.9997337689836583,1
2023-11-22,S005,P0010,0,5.3899723596192384e-05,0
2023-11-23,S005,P0010,0,0.0,0
2023-11-24,S005,P0010,0,5.122548784720817e-06,0
2023-11-25,S005,P0010,0,5.122548784720817e-06,0
2023-11-26,S005,P0010,0,0.00011369086626148068,0
2023-11-27,S005,P0010,0,0.0,0
2023-11-28,S005,P0010,0,0.015635314943091,0
2023-11-29,S005,P0010,0,5.122548784720817e-06,0
2023-11-30,S005,P0010,0,0.0,0
2023-12-01,S005,P0010,0,2.8536515574327032e-05,0
2023-12-02,S005,P0010,0,0.0,0
2023-12-03,S005,P0010,0,0.005029021044237326,0
2023-12-04,S005,P0010,0,0.0,0
2023-12-05,S005,P0010,0,0.0,0
2023-12-06,S005,P0010,0,1.6767282727573657e-05,0
2023-12-07,S005,P0010,0,1.6767282727573657e-05,0
2023-12-08,S005,P0010,0,0.0001184717813542115,0
2023-12-09,S005,P0010,0,0.0,0
2023-12-10,S005,P0010,0,0.0022069854184576616,0
2023-12-11,S005,P0010,0,2.8396623889346913e-05,0
2023-12-12,S005,P0010,0,0.0,0
2023-12-13,S005,P0010,0,0.0,0
2023-12-14,S005,P0010,1,0.9764681509375197,1
2023-12-15,S005,P0010,0,0.0,0
2023-12-16,S005,P0010,0,1.164473394285284e-05,0
2023-12-17,S005,P0010,0,0.0002193304279973269,0
2023-12-18,S005,P0010,0,5.3899723596192384e-05,0
2023-12-19,S005,P0010,0,5.122548784720817e-06,0
2023-12-20,S005,P0010,0,0.0,0
2023-12-21,S005,P0010,0,0.00014222738183580772,0
2023-12-22,S005,P0010,0,0.0,0
2023-12-23,S005,P0010,0,0.012194213428329105,0
2023-12-24,S005,P0010,0,5.497327934479925e-05,0
2023-12-25,S005,P0010,0,4.3781140159464967e-05,0
2023-12-26,S005,P0010,0,1.3151999304208986e-05,0
2023-12-27,S005,P0010,0,0.04967764583070735,0
2023-12-28,S005,P0010,0,0.0,0
2023-12-29,S005,P0010,0,1.6767282727573657e-05,0
2023-12-30,S005,P0010,0,5.122548784720817e-06,0
2023-12-31,S005,P0010,0,2.902104423732585e-05,0
2024-01-01,S005,P0010,0,0.00010348258396491058,0
2024-01-02,S005,P0010,0,3.107478389219421e-05,0
2024-01-03,S005,P0010,0,0.0006479765440723125,0
2024-01-04,S005,P0010,0,2.8536515574327032e-05,0
2024-01-05,S005,P0010,0,8.674000935154948e-05,0
2024-01-06,S005,P0010,0,0.0030591865891541,0
2024-01-07,S005,P0010,0,0.0031849764641394395,0
2024-01-08,S005,P0010,0,8.674000935154948e-05,0
2024-01-09,S005,P0010,0,0.0064002256066837855,0
2024-01-10,S005,P0010,0,0.00013802017612037947,0
2024-01-11,S005,P0010,0,0.0,0
2024-01-12,S005,P0010,0,0.0024690550964119955,0
2024-01-13,S005,P0010,1,0.9990750481701062,1
2024-01-14,S005,P0010,0,0.0,0
2024-01-15,S005,P0010,0,0.00011269224445902287,0
2024-01-16,S005,P0010,0,0.025521749161144806,0
2024-01-17,S005,P0010,0,8.298242911516675e-05,0
2024-01-18,S005,P0010,0,0.001114974009837469,0
2024-01-19,S005,P0010,1,0.9987654317343702,1
2024-01-20,S005,P0010,0,0.0006596212780151652,0
2024-01-21,S005,P0010,0,0.00013802017612037947,0
2024-01-22,S005,P0010,0,0.00014222738183580772,0
2024-01-23,S005,P0010,0,8.674000935154948e-05,0
2024-01-24,S005,P0010,0,0.04943124283131303,0
2024-01-25,S005,P0010,0,8.674000935154948e-05,0
2024-01-26,S005,P0010,0,1.6767282727573657e-05,0
2024-01-27,S005,P0010,0,4.377764779577528e-05,0
2024-01-28,S005,P0010,0,2.8536515574327032e-05,0
2024-01-29,S005,P0010,0,5.122548784720817e-06,0
2024-01-30,S005,P0010,0,0.024946387392473984,0
2023-10-13,S005,P0011,0,0.0,0
2023-10-14,S005,P0011,0,0.0,0
2023-10-15,S005,P0011,0,0.0,0
2023-10-16,S005,P0011,0,1.164473394285284e-05,0
2023-10-17,S005,P0011,0,0.00015165428474894657,0
2023-10-18,S005,P0011,0,0.005425786683847087,0
2023-10-19,S005,P0011,0,0.0,0
2023-10-20,S005,P0011,0,0.0,0
2023-10-21,S005,P0011,0,0.0002398026031200692,0
2023-10-22,S005,P0011,0,0.0143190139035924,0
2023-10-23,S005,P0011,1,0.9872987751610032,1
2023-10-24,S005,P0011,1,0.9796071871706431,1
2023-10-25,S005,P0011,0,0.0,0
2023-10-26,S005,P0011,0,5.2353288259910785e-05,0
2023-10-27,S005,P0011,0,0.0,0
2023-10-28,S005,P0011,0,3.910423441168238e-05,0
2023-10-29,S005,P0011,0,3.7596969050326233e-05,0
2023-10-30,S005,P0011,0,0.0021494475778587167,0
2023-10-31,S005,P0011,0,2.5952235107473395e-05,0
2023-11-01,S005,P0011,0,0.0,0
2023-11-02,S005,P0011,0,3.910423441168238e-05,0
2023-11-03,S005,P0011,1,0.9977123771299774,1
2023-11-04,S005,P0011,1,0.9998736925623888,1
2023-11-05,S005,P0011,0,3.910423441168238e-05,0
2023-11-06,S005,P0011,0,0.0006596212780151652,0
2023-11-07,S005,P0011,0,0.0,0
2023-11-08,S005,P0011,0,3.910423441168238e-05,0
2023-11-09,S005,P0011,0,0.0003477216230011097,0
2023-11-10,S005,P0011,0,0.002882214644363352,0
2023-11-11,S005,P0011,0,0.0006479765440723125,0
2023-11-12,S005,P0011,0,0.0006596212780151652,0
2023-11-13,S005,P0011,0,2.8536515574327032e-05,0
2023-11-14,S005,P0011,0,3.910423441168238e-05,0
2023-11-15,S005,P0011,0,1.6767282727573657e-05,0
2023-11-16,S005,P0011,0,0.00034802388735713307,0
2023-11-17,S005,P0011,0,0.0,0
2023-11-18,S005,P0011,0,2.8396623889346913e-05,0
2023-11-19,S005,P0011,0,1.3151999304208986e-05,0
2023-11-20,S005,P0011,0,0.004614186654673912,0
2023-11-21,S005,P0011,0,0.0001720214581188053,0
2023-11-22,S005,P0011,0,1.3151999304208986e-05,0
2023-11-23,S005,P0011,0,1.6767282727573657e-05,0
2023-11-24,S005,P0011,0,5.444591354083973e-05,0
2023-11-25,S005,P0011,0,6.75979128450487e-05,0
2023-11-26,S005,P0011,0,6.75979128450487e-05,0
2023-11-27,S005,P0011,0,0.0035056138311405183,0
2023-11-28,S005,P0011,0,5.122548784720817e-06,0
2023-11-29,S005,P0011,0,2.8536515574327032e-05,0
2023-11-30,S005,P0011,0,0.0,0
2023-12-01,S005,P0011,0,1.5244624585137928e-05,0
2023-12-02,S005,P0011,0,5.122548784720817e-06,0
2023-12-03,S005,P0011,0,4.0665778180178686e-05,0
2023-12-04,S005,P0011,0,7.647221889670895e-05,0
2023-12-05,S005,P0011,0,3.910423441168238e-05,0
2023-12-06,S005,P0011,0,1.5244624585137928e-05,0
2023-12-07,S005,P0011,0,1.5244624585137928e-05,0
2023-12-08,S005,P0011,0,0.005255592998926321,0
2023-12-09,S005,P0011,1,0.9997632433461838,1
2023-12-10,S005,P0011,0,6.231635099548019e-05,0
2023-12-11,S005,P0011,0,5.122548784720817e-06,0
2023-12-12,S005,P0011,0,3.910423441168238e-05,0
2023-12-13,S005,P0011,0,0.0,0
2023-12-14,S005,P0011,0,7.546835029968916e-05,0
2023-12-15,S005,P0011,0,0.0003843880032451399,0
2023-12-16,S005,P0011,1,0.9916823217369515,1
2023-12-17,S005,P0011,0,3.910423441168238e-05,0
2023-12-18,S005,P0011,0,5.122548784720817e-06,0
2023-12-19,S005,P0011,0,4.3781140159464967e-05,0
2023-12-20,S005,P0011,0,0.0,0
2023-12-21,S005,P0011,0,1.6767282727573657e-05,0
2023-12-22,S005,P0011,0,0.0023702900139596804,0
2023-12-23,S005,P0011,0,5.122548784720817e-06,0
2023-12-24,S005,P0011,0,0.0,0
2023-12-25,S005,P0011,0,1.6767282727573657e-05,0
2023-12-26,S005,P0011,0,5.3899723596192384e-05,0
2023-12-27,S005,P0011,0,1.3151999304208986e-05,0
2023-12-28,S005,P0011,0,1.6767282727573657e-05,0
2023-12-29,S005,P0011,0,5.122548784720817e-06,0
2023-12-30,S005,P0011,0,5.122548784720817e-06,0
2023-12-31,S005,P0011,0,2.902104423732585e-05,0
2024-01-01,S005,P0011,0,6.482748495385612e-05,0
2024-01-02,S005,P0011,0,5.122548784720817e-06,0
2024-01-03,S005,P0011,0,0.00015165428474894657,0
2024-01-04,S005,P0011,0,0.0,0
2024-01-05,S005,P0011,0,0.00015165428474894657,0
2024-01-06,S005,P0011,0,0.00015165428474894657,0
2024-01-07,S005,P0011,0,0.0,0
2024-01-08,S005,P0011,0,0.0,0
2024-01-09,S005,P0011,0,0.0,0
2024-01-10,S005,P0011,0,2.5952235107473395e-05,0
2024-01-11,S005,P0011,0,3.92012889557018e-05,0
2024-01-12,S005,P0011,0,0.008153375361643725,0
2024-01-13,S005,P0011,0,3.92012889557018e-05,0
2024-01-14,S005,P0011,0,0.0,0
2024-01-15,S005,P0011,0,0.008020734450487734,0
2024-01-16,S005,P0011,1,0.9991213885470325,1
2024-01-17,S005,P0011,0,0.0001835704549976667,0
2024-01-18,S005,P0011,0,0.0,0
2024-01-19,S005,P0011,0,5.122548784720817e-06,0
2024-01-20,S005,P0011,0,0.01565284417166539,0
2024-01-21,S005,P0011,0,0.0,0
2024-01-22,S005,P0011,0,1.6767282727573657e-05,0
2024-01-23,S005,P0011,0,1.6767282727573657e-05,0
2024-01-24,S005,P0011,0,5.122548784720817e-06,0
2024-01-25,S005,P0011,0,0.00014222738183580772,0
2024-01-26,S005,P0011,0,1.6767282727573657e-05,0
2024-01-27,S005,P0011,0,0.00039535739794097676,0
2024-01-28,S005,P0011,1,0.9993083001631807,1
2024-01-29,S005,P0011,0,8.674000935154948e-05,0
2024-01-30,S005,P0011,0,0.0006479765440723125,0
2023-10-13,S005,P0012,0,0.0,0
2023-10-14,S005,P0012,0,0.00015165428474894657,0
2023-10-15,S005,P0012,0,0.0,0
2023-10-16,S005,P0012,0,0.0,0
2023-10-17,S005,P0012,0,0.0,0
2023-10-18,S005,P0012,0,0.0,0
2023-10-19,S005,P0012,0,9.04134321610054e-05,0
2023-10-20,S005,P0012,0,0.0,0
2023-10-21,S005,P0012,0,0.0002398026031200692,0
2023-10-22,S005,P0012,0,0.00034350591567614274,0
2023-10-23,S005,P0012,0,9.04134321610054e-05,0
2023-10-24,S005,P0012,0,9.04134321610054e-05,0
2023-10-25,S005,P0012,0,3.92012889557018e-05,0
2023-10-26,S005,P0012,0,0.0,0
2023-10-27,S005,P0012,0,2.5952235107473395e-05,0
2023-10-28,S005,P0012,0,2.5952235107473395e-05,0
2023-10-29,S005,P0012,0,5.412004184041108e-05,0
2023-10-30,S005,P0012,0,0.0,0
2023-10-31,S005,P0012,0,0.0,0
2023-11-01,S005,P0012,0,3.92012889557018e-05,0
2023-11-02,S005,P0012,0,3.910423441168238e-05,0
2023-11-03,S005,P0012,0,0.00019085557370464835,0
2023-11-04,S005,P0012,0,0.0,0
2023-11-05,S005,P0012,0,1.3151999304208986e-05,0
2023-11-06,S005,P0012,0,1.3151999304208986e-05,0
2023-11-07,S005,P0012,0,3.107478389219421e-05,0
2023-11-08,S005,P0012,0,0.0006596212780151652,0
2023-11-09,S005,P0012,0,0.00019085557370464835,0
2023-11-10,S005,P0012,0,0.0,0
2023-11-11,S005,P0012,0,0.0006596212780151652,0
2023-11-12,S005,P0012,0,1.164473394285284e-05,0
2023-11-13,S005,P0012,0,0.0003086173885894273,0
2023-11-14,S005,P0012,0,3.92012889557018e-05,0
2023-11-15,S005,P0012,0,0.0,0
2023-11-16,S005,P0012,0,0.0006479765440723125,0
2023-11-17,S005,P0012,0,1.164473394285284e-05,0
2023-11-18,S005,P0012,0,0.0,0
2023-11-19,S005,P0012,0,1.3151999304208986e-05,0
2023-11-20,S005,P0012,0,1.3151999304208986e-05,0
2023-11-21,S005,P0012,0,0.00031373993737414814,0
2023-11-22,S005,P0012,0,0.0,0
2023-11-23,S005,P0012,0,5.2353288259910785e-05,0
2023-11-24,S005,P0012,0,5.2353288259910785e-05,0
2023-11-25,S005,P0012,0,3.910423441168238e-05,0
2023-11-26,S005,P0012,0,3.92012889557018e-05,0
2023-11-27,S005,P0012,0,6.231635099548019e-05,0
2023-11-28,S005,P0012,0,2.5952235107473395e-05,0
2023-11-29,S005,P0012,0,0.0,0
2023-11-30,S005,P0012,0,2.8536515574327032e-05,0
2023-12-01,S005,P0012,0,3.910423441168238e-05,0
2023-12-02,S005,P0012,0,0.00874404509186897,0
2023-12-03,S005,P0012,1,0.9996060289968463,1
2023-12-04,S005,P0012,0,2.5952235107473395e-05,0
2023-12-05,S005,P0012,0,2.5952235107473395e-05,0
2023-12-06,S005,P0012,0,0.00038154403486491157,0
2023-12-07,S005,P0012,0,0.0006596212780151652,0
2023-12-08,S005,P0012,0,6.231635099548019e-05,0
2023-12-09,S005,P0012,0,0.00015165428474894657,0
2023-12-10,S005,P0012,0,0.0,0
2023-12-11,S005,P0012,0,5.97049361691353e-05,0
2023-12-12,S005,P0012,0,0.0016693579120498063,0
2023-12-13,S005,P0012,1,0.9937816603641064,1
2023-12-14,S005,P0012,0,2.5952235107473395e-05,0
2023-12-15,S005,P0012,0,0.00015165428474894657,0
2023-12-16,S005,P0012,0,1.164473394285284e-05,0
2023-12-17,S005,P0012,0,0.0006843406599603192,0
2023-12-18,S005,P0012,0,3.910423441168238e-05,0
2023-12-19,S005,P0012,0,0.0,0
2023-12-20,S005,P0012,0,2.5952235107473395e-05,0
2023-12-21,S005,P0012,0,0.0006596212780151652,0
2023-12-22,S005,P0012,0,0.0,0
2023-12-23,S005,P0012,0,2.5952235107473395e-05,0
2023-12-24,S005,P0012,0,0.0003086173885894273,0
2023-12-25,S005,P0012,0,0.00015165428474894657,0
2023-12-26,S005,P0012,0,1.164473394285284e-05,0
2023-12-27,S005,P0012,0,1.164473394285284e-05,0
2023-12-28,S005,P0012,0,0.0,0
2023-12-29,S005,P0012,0,0.0006479765440723125,0
2023-12-30,S005,P0012,0,0.0,0
2023-12-31,S005,P0012,0,0.0006479765440723125,0
2024-01-01,S005,P0012,0,0.0006479765440723125,0
2024-01-02,S005,P0012,0,0.0006479765440723125,0
2024-01-03,S005,P0012,0,0.0,0
2024-01-04,S005,P0012,0,6.0042010313652403e-05,0
2024-01-05,S005,P0012,0,0.00030381542644402124,0
2024-01-06,S005,P0012,0,0.00029036116278378883,0
2024-01-07,S005,P0012,0,0.07776521663530145,0
2024-01-08,S005,P0012,0,0.00034350591567614274,0
2024-01-09,S005,P0012,0,0.04044342840172965,0
2024-01-10,S005,P0012,1,0.999457452603377,1
2024-01-11,S005,P0012,0,3.92012889557018e-05,0
2024-01-12,S005,P0012,0,0.0004812167364884372,0
2024-01-13,S005,P0012,0,3.92012889557018e-05,0
2024-01-14,S005,P0012,0,0.0,0
2024-01-15,S005,P0012,0,1.164473394285284e-05,0
2024-01-16,S005,P0012,0,0.0011766447173278487,0
2024-01-17,S005,P0012,0,1.164473394285284e-05,0
2024-01-18,S005,P0012,0,3.92012889557018e-05,0
2024-01-19,S005,P0012,0,0.00011269224445902287,0
2024-01-20,S005,P0012,0,1.164473394285284e-05,0
2024-01-21,S005,P0012,0,0.0003345696236969007,0
2024-01-22,S005,P0012,0,0.0,0
2024-01-23,S005,P0012,0,8.674000935154948e-05,0
2024-01-24,S005,P0012,0,0.00011269224445902287,0
2024-01-25,S005,P0012,0,0.0017757309820960335,0
2024-01-26,S005,P0012,0,5.122548784720817e-06,0
2024-01-27,S005,P0012,0,1.6767282727573657e-05,0
2024-01-28,S005,P0012,0,4.0665778180178686e-05,0
2024-01-29,S005,P0012,0,5.122548784720817e-06,0
2024-01-30,S005,P0012,0,1.6767282727573657e-05,0
2023-10-13,S005,P0013,0,1.3151999304208986e-05,0
2023-10-14,S005,P0013,0,0.004619678739384876,0
2023-10-15,S005,P0013,0,0.0006959853939031721,0
2023-10-16,S005,P0013,0,6.482748495385612e-05,0
2023-10-17,S005,P0013,0,0.0031849764641394395,0
2023-10-18,S005,P0013,0,0.0,0
2023-10-19,S005,P0013,0,0.005124147492627729,0
2023-10-20,S005,P0013,0,5.9022272380913206e-05,0
2023-10-21,S005,P0013,0,5.122548784720817e-06,0
2023-10-22,S005,P0013,0,0.00018067532898627243,0
2023-10-23,S005,P0013,0,0.0001720214581188053,0
2023-10-24,S005,P0013,0,1.3151999304208986e-05,0
2023-10-25,S005,P0013,0,0.000279003892075771,0
2023-10-26,S005,P0013,0,0.0003909648163413493,0
2023-10-27,S005,P0013,0,0.007549672376594628,0
2023-10-28,S005,P0013,0,0.0,0
2023-10-29,S005,P0013,0,1.164473394285284e-05,0
2023-10-30,S005,P0013,0,0.0,0
2023-10-31,S005,P0013,0,0.000535567319168682,0
2023-11-01,S005,P0013,1,0.9972917190536883,1
2023-11-02,S005,P0013,0,2.8536515574327032e-05,0
2023-11-03,S005,P0013,0,7.546835029968916e-05,0
2023-11-04,S005,P0013,0,7.546835029968916e-05,0
2023-11-05,S005,P0013,0,5.444591354083973e-05,0
2023-11-06,S005,P0013,0,1.3151999304208986e-05,0
2023-11-07,S005,P0013,0,3.910423441168238e-05,0
2023-11-08,S005,P0013,0,0.0001668989093340845,0
2023-11-09,S005,P0013,0,2.8536515574327032e-05,0
2023-11-10,S005,P0013,0,0.03904771463586231,0
2023-11-11,S005,P0013,1,0.9998548218387039,1
2023-11-12,S005,P0013,0,0.0,0
2023-11-13,S005,P0013,0,1.6767282727573657e-05,0
2023-11-14,S005,P0013,0,0.00014222738183580772,0
2023-11-15,S005,P0013,0,0.0,0
2023-11-16,S005,P0013,0,0.0016053382016590057,0
2023-11-17,S005,P0013,0,7.546835029968916e-05,0
2023-11-18,S005,P0013,0,5.122548784720817e-06,0
2023-11-19,S005,P0013,0,2.902104423732585e-05,0
2023-11-20,S005,P0013,0,0.00010348258396491058,0
2023-11-21,S005,P0013,0,0.0001835704549976667,0
2023-11-22,S005,P0013,0,5.122548784720817e-06,0
2023-11-23,S005,P0013,0,0.0012094217513651145,0
2023-11-24,S005,P0013,0,3.910423441168238e-05,0
2023-11-25,S005,P0013,0,0.00015165428474894657,0
2023-11-26,S005,P0013,0,0.0,0
2023-11-27,S005,P0013,0,0.0004169170514488227,0
2023-11-28,S005,P0013,1,0.9977790474953518,1
2023-11-29,S005,P0013,0,0.0,0
2023-11-30,S005,P0013,0,0.005273020429850988,0
2023-12-01,S005,P0013,1,0.9998039837490819,1
2023-12-02,S005,P0013,0,0.003332770529422751,0
2023-12-03,S005,P0013,1,0.9963456989252574,1
2023-12-04,S005,P0013,0,5.9022272380913206e-05,0
2023-12-05,S005,P0013,0,5.3899723596192384e-05,0
2023-12-06,S005,P0013,0,0.0,0
2023-12-07,S005,P0013,0,0.0,0
2023-12-08,S005,P0013,0,5.122548784720817e-06,0
2023-12-09,S005,P0013,0,0.0,0
2023-12-10,S005,P0013,0,3.910423441168238e-05,0
2023-12-11,S005,P0013,0,1.3151999304208986e-05,0
2023-12-12,S005,P0013,0,1.3151999304208986e-05,0
2023-12-13,S005,P0013,0,0.00014222738183580772,0
2023-12-14,S005,P0013,0,0.013422466858644531,0
2023-12-15,S005,P0013,1,0.9997222623839285,1
2023-12-16,S005,P0013,0,2.5952235107473395e-05,0
2023-12-17,S005,P0013,0,0.00018088248084686219,0
2023-12-18,S005,P0013,0,0.011821592985515397,0
2023-12-19,S005,P0013,1,0.9996466727967546,1
2023-12-20,S005,P0013,0,0.0,0
2023-12-21,S005,P0013,0,0.0,0
2023-12-22,S005,P0013,0,0.00011369086626148068,0
2023-12-23,S005,P0013,0,0.0,0
2023-12-24,S005,P0013,0,0.00017441803595527307,0
2023-12-25,S005,P0013,0,3.910423441168238e-05,0
2023-12-26,S005,P0013,0,2.5952235107473395e-05,0
2023-12-27,S005,P0013,0,1.3151999304208986e-05,0
2023-12-28,S005,P0013,0,5.122548784720817e-06,0
2023-12-29,S005,P0013,0,2.8536515574327032e-05,0
2023-12-30,S005,P0013,0,5.122548784720817e-06,0
2023-12-31,S005,P0013,0,2.902104423732585e-05,0
2024-01-01,S005,P0013,0,5.122548784720817e-06,0
2024-01-02,S005,P0013,0,5.122548784720817e-06,0
2024-01-03,S005,P0013,0,0.0,0
2024-01-04,S005,P0013,0,2.5952235107473395e-05,0
2024-01-05,S005,P0013,0,0.00015165428474894657,0
2024-01-06,S005,P0013,0,2.5952235107473395e-05,0
2024-01-07,S005,P0013,0,0.00015165428474894657,0
2024-01-08,S005,P0013,0,0.0,0
2024-01-09,S005,P0013,0,1.164473394285284e-05,0
2024-01-10,S005,P0013,0,0.014963682612939178,0
2024-01-11,S005,P0013,0,0.0,0
2024-01-12,S005,P0013,0,0.00011269224445902287,0
2024-01-13,S005,P0013,0,0.0006383850501409219,0
2024-01-14,S005,P0013,0,0.0006843406599603192,0
2024-01-15,S005,P0013,0,0.0,0
2024-01-16,S005,P0013,0,5.444591354083973e-05,0
2024-01-17,S005,P0013,1,0.9973854702111555,1
2024-01-18,S005,P0013,0,0.0,0
2024-01-19,S005,P0013,0,0.004951774467841032,0
2024-01-20,S005,P0013,0,5.122548784720817e-06,0
2024-01-21,S005,P0013,0,0.0,0
2024-01-22,S005,P0013,0,0.0,0
2024-01-23,S005,P0013,0,0.0001835704549976667,0
2024-01-24,S005,P0013,0,0.00011369086626148068,0
2024-01-25,S005,P0013,1,0.9865832891746196,1
2024-01-26,S005,P0013,1,0.9996836022066744,1
2024-01-27,S005,P0013,0,0.00019667329537664742,0
2024-01-28,S005,P0013,0,0.00012310412523955624,0
2024-01-29,S005,P0013,0,0.00011269224445902287,0
2024-01-30,S005,P0013,0,0.00011269224445902287,0
2023-10-13,S005,P0014,0,0.0006479765440723125,0
2023-10-14,S005,P0014,0,0.0,0
2023-10-15,S005,P0014,0,0.0,0
2023-10-16,S005,P0014,0,0.0,0
2023-10-17,S005,P0014,0,6.0042010313652403e-05,0
2023-10-18,S005,P0014,0,1.164473394285284e-05,0
2023-10-19,S005,P0014,0,0.03767776860177353,0
2023-10-20,S005,P0014,0,0.0006596212780151652,0
2023-10-21,S005,P0014,0,0.00030381542644402124,0
2023-10-22,S005,P0014,0,0.0,0
2023-10-23,S005,P0014,0,0.0006479765440723125,0
2023-10-24,S005,P0014,0,0.0,0
2023-10-25,S005,P0014,0,0.0,0
2023-10-26,S005,P0014,0,0.0,0
2023-10-27,S005,P0014,0,0.004587074725708241,0
2023-10-28,S005,P0014,0,0.030832174931829284,0
2023-10-29,S005,P0014,0,2.5952235107473395e-05,0
2023-10-30,S005,P0014,0,1.164473394285284e-05,0
2023-10-31,S005,P0014,0,0.0006596212780151652,0
2023-11-01,S005,P0014,0,1.164473394285284e-05,0
2023-11-02,S005,P0014,0,3.92012889557018e-05,0
2023-11-03,S005,P0014,0,5.2353288259910785e-05,0
2023-11-04,S005,P0014,0,0.00019085557370464835,0
2023-11-05,S005,P0014,0,1.164473394285284e-05,0
2023-11-06,S005,P0014,0,6.231635099548019e-05,0
2023-11-07,S005,P0014,0,4.8008849830859627e-05,0
2023-11-08,S005,P0014,0,0.00019085557370464835,0
2023-11-09,S005,P0014,0,6.231635099548019e-05,0
2023-11-10,S005,P0014,0,0.024526136637828967,0
2023-11-11,S005,P0014,1,0.9997247406068659,1
2023-11-12,S005,P0014,1,0.9917441446928056,1
2023-11-13,S005,P0014,0,2.5952235107473395e-05,0
2023-11-14,S005,P0014,0,4.4323837740422614e-05,0
2023-11-15,S005,P0014,0,1.6767282727573657e-05,0
2023-11-16,S005,P0014,0,3.107478389219421e-05,0
2023-11-17,S005,P0014,0,0.0,0
2023-11-18,S005,P0014,0,1.164473394285284e-05,0
2023-11-19,S005,P0014,0,0.0003337163861925125,0
2023-11-20,S005,P0014,0,1.164473394285284e-05,0
2023-11-21,S005,P0014,0,0.0,0
2023-11-22,S005,P0014,0,0.0,0
2023-11-23,S005,P0014,0,0.0003337163861925125,0
2023-11-24,S005,P0014,0,1.164473394285284e-05,0
2023-11-25,S005,P0014,0,1.164473394285284e-05,0
2023-11-26,S005,P0014,0,0.0006479765440723125,0
2023-11-27,S005,P0014,0,0.0,0
2023-11-28,S005,P0014,0,0.0004034627877885903,0
2023-11-29,S005,P0014,0,0.07406513965997853,0
2023-11-30,S005,P0014,0,0.0006596212780151652,0
2023-12-01,S005,P0014,0,2.5952235107473395e-05,0
2023-12-02,S005,P0014,0,0.0,0
2023-12-03,S005,P0014,0,0.0006596212780151652,0
2023-12-04,S005,P0014,0,0.016137169750810348,0
2023-12-05,S005,P0014,0,0.0,0
2023-12-06,S005,P0014,0,0.0003345696236969007,0
2023-12-07,S005,P0014,1,0.9989972302847334,1
2023-12-08,S005,P0014,0,0.0012093984607287921,0
2023-12-09,S005,P0014,0,0.0,0
2023-12-10,S005,P0014,0,6.889316409168962e-05,0
2023-12-11,S005,P0014,0,0.0,0
2023-12-12,S005,P0014,0,0.0,0
2023-12-13,S005,P0014,0,0.0,0
2023-12-14,S005,P0014,0,0.08556046387181002,0
2023-12-15,S005,P0014,0,1.3151999304208986e-05,0
2023-12-16,S005,P0014,0,0.0,0
2023-12-17,S005,P0014,0,2.902104423732585e-05,0
2023-12-18,S005,P0014,0,1.6767282727573657e-05,0
2023-12-19,S005,P0014,0,1.6767282727573657e-05,0
2023-12-20,S005,P0014,0,1.6767282727573657e-05,0
2023-12-21,S005,P0014,0,0.00015677683353366737,0
2023-12-22,S005,P0014,0,3.910423441168238e-05,0
2023-12-23,S005,P0014,0,0.00015165428474894657,0
2023-12-24,S005,P0014,0,0.0,0
2023-12-25,S005,P0014,0,0.0046380936318987966,0
2023-12-26,S005,P0014,1,0.9807750482222467,1
2023-12-27,S005,P0014,0,0.0006596212780151652,0
2023-12-28,S005,P0014,0,5.122548784720817e-06,0
2023-12-29,S005,P0014,0,5.122548784720817e-06,0
2023-12-30,S005,P0014,0,5.122548784720817e-06,0
2023-12-31,S005,P0014,0,2.902104423732585e-05,0
2024-01-01,S005,P0014,0,7.134967011198814e-05,0
2024-01-02,S005,P0014,0,0.0006596212780151652,0
2024-01-03,S005,P0014,0,0.0,0
2024-01-04,S005,P0014,0,1.3454263660232394e-05,0
2024-01-05,S005,P0014,0,0.0,0
2024-01-06,S005,P0014,0,0.002876735864261539,0
2024-01-07,S005,P0014,0,0.00029036116278378883,0
2024-01-08,S005,P0014,0,0.0,0
2024-01-09,S005,P0014,0,3.92012889557018e-05,0
2024-01-10,S005,P0014,0,0.002745429264799452,0
2024-01-11,S005,P0014,0,3.940649876770579e-05,0
2024-01-12,S005,P0014,1,0.9702996716600002,1
2024-01-13,S005,P0014,0,0.0,0
2024-01-14,S005,P0014,0,2.902104423732585e-05,0
2024-01-15,S005,P0014,0,1.164473394285284e-05,0
2024-01-16,S005,P0014,0,8.674000935154948e-05,0
2024-01-17,S005,P0014,0,3.107478389219421e-05,0
2024-01-18,S005,P0014,0,3.92012889557018e-05,0
2024-01-19,S005,P0014,0,0.00012594129830725126,0
2024-01-20,S005,P0014,0,0.00030200589672664166,0
2024-01-21,S005,P0014,0,0.00012594129830725126,0
2024-01-22,S005,P0014,0,8.56571712766087e-05,0
2024-01-23,S005,P0014,0,0.0006596212780151652,0
2024-01-24,S005,P0014,0,0.0,0
2024-01-25,S005,P0014,0,0.0029344367886978205,0
2024-01-26,S005,P0014,1,0.9838306714350433,1
2024-01-27,S005,P0014,0,1.164473394285284e-05,0
2024-01-28,S005,P0014,0,0.0,0
2024-01-29,S005,P0014,0,1.164473394285284e-05,0
2024-01-30,S005,P0014,0,3.940649876770579e-05,0
2023-10-13,S005,P0015,0,0.0,0
2023-10-14,S005,P0015,0,7.546835029968916e-05,0
2023-10-15,S005,P0015,0,1.5244624585137928e-05,0
2023-10-16,S005,P0015,0,2.5952235107473395e-05,0
2023-10-17,S005,P0015,0,0.0012093984607287921,0
2023-10-18,S005,P0015,0,0.005498849112073257,0
2023-10-19,S005,P0015,0,5.122548784720817e-06,0
2023-10-20,S005,P0015,0,3.910423441168238e-05,0
2023-10-21,S005,P0015,0,0.0,0
2023-10-22,S005,P0015,0,0.02311051457227402,0
2023-10-23,S005,P0015,0,0.0006959853939031721,0
2023-10-24,S005,P0015,0,5.122548784720817e-06,0
2023-10-25,S005,P0015,0,0.0,0
2023-10-26,S005,P0015,1,0.9997164714461947,1
2023-10-27,S005,P0015,0,0.0022129404722390587,0
2023-10-28,S005,P0015,0,5.3899723596192384e-05,0
2023-10-29,S005,P0015,0,0.0,0
2023-10-30,S005,P0015,0,1.6767282727573657e-05,0
2023-10-31,S005,P0015,0,1.6767282727573657e-05,0
2023-11-01,S005,P0015,0,0.0,0
2023-11-02,S005,P0015,0,5.3899723596192384e-05,0
2023-11-03,S005,P0015,0,2.8536515574327032e-05,0
2023-11-04,S005,P0015,0,0.002850076755143431,0
2023-11-05,S005,P0015,0,2.8536515574327032e-05,0
2023-11-06,S005,P0015,0,0.012720817822094084,0
2023-11-07,S005,P0015,0,1.3151999304208986e-05,0
2023-11-08,S005,P0015,0,0.0,0
2023-11-09,S005,P0015,0,0.0003086173885894273,0
2023-11-10,S005,P0015,0,0.00014222738183580772,0
2023-11-11,S005,P0015,0,0.0006002851320641592,0
2023-11-12,S005,P0015,0,3.910423441168238e-05,0
2023-11-13,S005,P0015,0,3.7596969050326233e-05,0
2023-11-14,S005,P0015,0,0.0007202342974659567,0
2023-11-15,S005,P0015,1,0.9973505528247079,1
2023-11-16,S005,P0015,1,0.9760210907806798,1
2023-11-17,S005,P0015,0,0.0003086173885894273,0
2023-11-18,S005,P0015,0,5.122548784720817e-06,0
2023-11-19,S005,P0015,0,0.0,0
2023-11-20,S005,P0015,0,2.0367173369858746e-05,0
2023-11-21,S005,P0015,0,0.07949924493112617,0
2023-11-22,S005,P0015,1,0.9999889198841538,1
2023-11-23,S005,P0015,0,0.0001835704549976667,0
2023-11-24,S005,P0015,0,0.0,0
2023-11-25,S005,P0015,0,5.122548784720817e-06,0
2023-11-26,S005,P0015,0,0.0001973468746498546,0
2023-11-27,S005,P0015,0,0.0001961271054320001,0
2023-11-28,S005,P0015,0,0.011881832768936802,0
2023-11-29,S005,P0015,0,5.122548784720817e-06,0
2023-11-30,S005,P0015,0,0.0,0
2023-12-01,S005,P0015,0,0.00011369086626148068,0
2023-12-02,S005,P0015,0,0.00030437017373779194,0
2023-12-03,S005,P0015,0,0.0,0
2023-12-04,S005,P0015,0,0.003841888166181677,0
2023-12-05,S005,P0015,0,0.001218124378619721,0
2023-12-06,S005,P0015,0,0.000293404480489023,0
2023-12-07,S005,P0015,0,0.00246609552641812,0
2023-12-08,S005,P0015,0,1.6767282727573657e-05,0
2023-12-09,S005,P0015,0,1.6767282727573657e-05,0
2023-12-10,S005,P0015,0,0.00032207165224965966,0
2023-12-11,S005,P0015,0,0.004669503447136681,0
2023-12-12,S005,P0015,0,0.00032207165224965966,0
2023-12-13,S005,P0015,0,0.013146283046026061,0
2023-12-14,S005,P0015,0,0.0002398026031200692,0
2023-12-15,S005,P0015,0,0.0005284550406992919,0
2023-12-16,S005,P0015,0,0.0,0
2023-12-17,S005,P0015,0,1.3151999304208986e-05,0
2023-12-18,S005,P0015,0,6.0042010313652403e-05,0
2023-12-19,S005,P0015,1,0.9995233133413386,1
2023-12-20,S005,P0015,0,0.0008394612040053777,0
2023-12-21,S005,P0015,0,5.122548784720817e-06,0
2023-12-22,S005,P0015,0,0.0,0
2023-12-23,S005,P0015,0,0.0,0
2023-12-24,S005,P0015,0,0.006269536465348741,0
2023-12-25,S005,P0015,0,8.243623917051943e-05,0
2023-12-26,S005,P0015,0,0.0,0
2023-12-27,S005,P0015,0,5.9022272380913206e-05,0
2023-12-28,S005,P0015,0,1.6767282727573657e-05,0
2023-12-29,S005,P0015,0,0.0,0
2023-12-30,S005,P0015,0,5.122548784720817e-06,0
2023-12-31,S005,P0015,0,4.0665778180178686e-05,0
2024-01-01,S005,P0015,0,0.07390291490258594,0
2024-01-02,S005,P0015,1,0.9988584271696632,1
2024-01-03,S005,P0015,0,2.0367173369858746e-05,0
2024-01-04,S005,P0015,0,1.6767282727573657e-05,0
2024-01-05,S005,P0015,0,0.01634232553848584,0
2024-01-06,S005,P0015,1,0.9923177007043442,1
2024-01-07,S005,P0015,0,0.00019591995357141033,0
2024-01-08,S005,P0015,0,0.0011146679566609375,0
2024-01-09,S005,P0015,0,0.05260977571300279,0
2024-01-10,S005,P0015,0,0.0003086173885894273,0
2024-01-11,S005,P0015,0,0.0006479765440723125,0
2024-01-12,S005,P0015,0,0.02738331136896359,0
2024-01-13,S005,P0015,1,0.999794061890708,1
2024-01-14,S005,P0015,0,0.0,0
2024-01-15,S005,P0015,0,0.0,0
2024-01-16,S005,P0015,0,0.0,0
2024-01-17,S005,P0015,0,0.0,0
2024-01-18,S005,P0015,0,0.0006596212780151652,0
2024-01-19,S005,P0015,0,0.0,0
2024-01-20,S005,P0015,0,0.003452460086750354,0
2024-01-21,S005,P0015,0,2.8536515574327032e-05,0
2024-01-22,S005,P0015,0,0.00012310412523955624,0
2024-01-23,S005,P0015,0,6.231635099548019e-05,0
2024-01-24,S005,P0015,0,6.231635099548019e-05,0
2024-01-25,S005,P0015,0,0.00014222738183580772,0
2024-01-26,S005,P0015,0,0.08884681361657046,0
2024-01-27,S005,P0015,0,0.002061381078731508,0
2024-01-28,S005,P0015,1,0.9971441248708391,1
2024-01-29,S005,P0015,0,8.674000935154948e-05,0
2024-01-30,S005,P0015,0,5.122548784720817e-06,0
2023-10-13,S005,P0016,0,4.377764779577528e-05,0
2023-10-14,S005,P0016,0,0.00030381542644402124,0
2023-10-15,S005,P0016,0,0.00030381542644402124,0
2023-10-16,S005,P0016,0,0.0,0
2023-10-17,S005,P0016,0,0.005,0
2023-10-18,S005,P0016,0,0.005,0
2023-10-19,S005,P0016,0,7.69948015300162e-05,0
2023-10-20,S005,P0016,0,0.0,0
2023-10-21,S005,P0016,0,9.04134321610054e-05,0
2023-10-22,S005,P0016,0,0.0,0
2023-10-23,S005,P0016,0,0.0,0
2023-10-24,S005,P0016,0,0.0003756763839132746,0
2023-10-25,S005,P0016,0,0.005090413432161005,0
2023-10-26,S005,P0016,1,0.9229757825400157,1
2023-10-27,S005,P0016,1,0.9894902503191525,1
2023-10-28,S005,P0016,0,0.011867263089861874,0
2023-10-29,S005,P0016,1,0.9997811497696887,1
2023-10-30,S005,P0016,1,0.9990752483462565,1
2023-10-31,S005,P0016,0,1.164473394285284e-05,0
2023-11-01,S005,P0016,0,0.0003403472885313341,0
2023-11-02,S005,P0016,0,0.0,0
2023-11-03,S005,P0016,0,0.0001835704549976667,0
2023-11-04,S005,P0016,0,0.0,0
2023-11-05,S005,P0016,0,6.75979128450487e-05,0
2023-11-06,S005,P0016,0,0.00324705321755785,0
2023-11-07,S005,P0016,0,0.0,0
2023-11-08,S005,P0016,0,5.122548784720817e-06,0
2023-11-09,S005,P0016,0,0.00019597812248936918,0
2023-11-10,S005,P0016,0,1.6767282727573657e-05,0
2023-11-11,S005,P0016,0,0.0,0
2023-11-12,S005,P0016,1,0.965462721215,1
2023-11-13,S005,P0016,1,0.9999550619882708,1
2023-11-14,S005,P0016,0,3.910423441168238e-05,0
2023-11-15,S005,P0016,0,7.546835029968916e-05,0
2023-11-16,S005,P0016,0,0.0006959853939031721,0
2023-11-17,S005,P0016,0,6.75979128450487e-05,0
2023-11-18,S005,P0016,0,0.0,0
2023-11-19,S005,P0016,0,2.8396623889346913e-05,0
2023-11-20,S005,P0016,0,0.0003477216230011097,0
2023-11-21,S005,P0016,0,1.5244624585137928e-05,0
2023-11-22,S005,P0016,0,1.3151999304208986e-05,0
2023-11-23,S005,P0016,0,5.444591354083973e-05,0
2023-11-24,S005,P0016,0,3.910423441168238e-05,0
2023-11-25,S005,P0016,0,0.0006596212780151652,0
2023-11-26,S005,P0016,0,2.8536515574327032e-05,0
2023-11-27,S005,P0016,0,1.3151999304208986e-05,0
2023-11-28,S005,P0016,0,0.06058174795524351,0
2023-11-29,S005,P0016,0,1.164473394285284e-05,0
2023-11-30,S005,P0016,0,1.6767282727573657e-05,0
2023-12-01,S005,P0016,0,0.0004686350258510731,0
2023-12-02,S005,P0016,1,0.9946321202275701,1
2023-12-03,S005,P0016,1,0.9950419877617918,1
2023-12-04,S005,P0016,0,2.8396623889346913e-05,0
2023-12-05,S005,P0016,0,0.0001720214581188053,0
2023-12-06,S005,P0016,0,5.122548784720817e-06,0
2023-12-07,S005,P0016,0,0.00020805700030249736,0
2023-12-08,S005,P0016,0,1.5244624585137928e-05,0
2023-12-09,S005,P0016,0,3.910423441168238e-05,0
2023-12-10,S005,P0016,0,1.164473394285284e-05,0
2023-12-11,S005,P0016,0,2.5952235107473395e-05,0
2023-12-12,S005,P0016,0,0.0,0
2023-12-13,S005,P0016,0,0.007850707799537083,0
2023-12-14,S005,P0016,1,0.9999477077249442,1
2023-12-15,S005,P0016,0,1.3151999304208986e-05,0
2023-12-16,S005,P0016,0,5.122548784720817e-06,0
2023-12-17,S005,P0016,0,0.0,0
2023-12-18,S005,P0016,0,5.3899723596192384e-05,0
2023-12-19,S005,P0016,0,2.8536515574327032e-05,0
2023-12-20,S005,P0016,0,0.0,0
2023-12-21,S005,P0016,0,5.122548784720817e-06,0
2023-12-22,S005,P0016,0,0.0,0
2023-12-23,S005,P0016,0,2.8396623889346913e-05,0
2023-12-24,S005,P0016,0,7.546835029968916e-05,0
2023-12-25,S005,P0016,0,2.8536515574327032e-05,0
2023-12-26,S005,P0016,0,0.012912927636001983,0
2023-12-27,S005,P0016,0,0.021926523060588586,0
2023-12-28,S005,P0016,0,5.122548784720817e-06,0
2023-12-29,S005,P0016,0,0.0,0
2023-12-30,S005,P0016,0,5.122548784720817e-06,0
2023-12-31,S005,P0016,0,2.902104423732585e-05,0
2024-01-01,S005,P0016,0,5.122548784720817e-06,0
2024-01-02,S005,P0016,0,5.122548784720817e-06,0
2024-01-03,S005,P0016,0,0.0,0
2024-01-04,S005,P0016,0,0.0,0
2024-01-05,S005,P0016,0,0.0,0
2024-01-06,S005,P0016,0,0.0,0
2024-01-07,S005,P0016,0,0.0,0
2024-01-08,S005,P0016,0,5.97049361691353e-05,0
2024-01-09,S005,P0016,0,0.0,0
2024-01-10,S005,P0016,0,0.0,0
2024-01-11,S005,P0016,0,0.005,0
2024-01-12,S005,P0016,0,0.0,0
2024-01-13,S005,P0016,0,0.0015308739048586054,0
2024-01-14,S005,P0016,0,0.00016832583041252874,0
2024-01-15,S005,P0016,0,0.0001296707314014743,0
2024-01-16,S005,P0016,0,5.444591354083973e-05,0
2024-01-17,S005,P0016,0,0.00012310412523955624,0
2024-01-18,S005,P0016,0,0.04414734431202963,0
2024-01-19,S005,P0016,0,0.00011269224445902287,0
2024-01-20,S005,P0016,0,0.0,0
2024-01-21,S005,P0016,0,8.674000935154948e-05,0
2024-01-22,S005,P0016,0,2.8536515574327032e-05,0
2024-01-23,S005,P0016,0,0.003903716010132583,0
2024-01-24,S005,P0016,1,0.9995347468165373,1
2024-01-25,S005,P0016,0,2.8536515574327032e-05,0
2024-01-26,S005,P0016,0,5.122548784720817e-06,0
2024-01-27,S005,P0016,0,0.0005601777410668228,0
2024-01-28,S005,P0016,0,2.902104423732585e-05,0
2024-01-29,S005,P0016,0,0.0,0
2024-01-30,S005,P0016,0,8.674000935154948e-05,0
2023-10-13,S005,P0017,0,0.00029036116278378883,0
2023-10-14,S005,P0017,0,0.00029036116278378883,0
2023-10-15,S005,P0017,0,0.00029036116278378883,0
2023-10-16,S005,P0017,0,0.0,0
2023-10-17,S005,P0017,0,0.0,0
2023-10-18,S005,P0017,0,0.0,0
2023-10-19,S005,P0017,0,0.0,0
2023-10-20,S005,P0017,0,0.0,0
2023-10-21,S005,P0017,0,0.0002718086880920368,0
2023-10-22,S005,P0017,0,0.0003622221202530422,0
2023-10-23,S005,P0017,0,0.0003622221202530422,0
2023-10-24,S005,P0017,0,0.0,0
2023-10-25,S005,P0017,1,0.9384166417296561,1
2023-10-26,S005,P0017,1,0.8469371128736074,1
2023-10-27,S005,P0017,0,0.01645241386780634,0
2023-10-28,S005,P0017,1,0.9498427067498636,1
2023-10-29,S005,P0017,0,0.02722458339727607,0
2023-10-30,S005,P0017,0,0.00011451138584476281,0
2023-10-31,S005,P0017,0,0.00036178332124410024,0
2023-11-01,S005,P0017,1,0.9910044562783439,1
2023-11-02,S005,P0017,1,0.954058038073801,1
2023-11-03,S005,P0017,0,0.0012040159942836846,0
2023-11-04,S005,P0017,0,0.0018751704591371532,0
2023-11-05,S005,P0017,0,0.001817860498973603,0
2023-11-06,S005,P0017,0,0.0007067648257215344,0
2023-11-07,S005,P0017,1,0.992433329837086,1
2023-11-08,S005,P0017,0,0.016118785360153026,0
2023-11-09,S005,P0017,0,0.009814608915482088,0
2023-11-10,S005,P0017,0,0.00032207165224965966,0
2023-11-11,S005,P0017,0,0.00045956187660760236,0
2023-11-12,S005,P0017,0,0.05037711943812047,0
2023-11-13,S005,P0017,1,0.998748489629886,1
2023-11-14,S005,P0017,0,0.013430447393274125,0
2023-11-15,S005,P0017,0,0.001969066043864759,0
2023-11-16,S005,P0017,1,0.9850862540220845,1
2023-11-17,S005,P0017,0,0.0059296299854916254,0
2023-11-18,S005,P0017,1,0.966545557278824,1
2023-11-19,S005,P0017,0,0.0007326467185076401,0
2023-11-20,S005,P0017,0,0.0010750681989364563,0
2023-11-21,S005,P0017,0,0.00031373993737414814,0
2023-11-22,S005,P0017,1,0.9915935297146267,1
2023-11-23,S005,P0017,1,0.9381795239604287,1
2023-11-24,S005,P0017,0,0.04183048015458534,0
2023-11-25,S005,P0017,0,0.0035984573562373896,0
2023-11-26,S005,P0017,1,0.9639889420909327,1
2023-11-27,S005,P0017,0,0.0006960428852692324,0
2023-11-28,S005,P0017,0,0.03833180214515239,0
2023-11-29,S005,P0017,0,0.01964002652810999,0
2023-11-30,S005,P0017,1,0.982734868320744,1
2023-12-01,S005,P0017,1,0.9779189029901113,1
2023-12-02,S005,P0017,0,0.0014797552335847628,0
2023-12-03,S005,P0017,1,0.9992309978097115,1
2023-12-04,S005,P0017,1,0.9889348707732004,1
2023-12-05,S005,P0017,0,0.003950393620499486,0
2023-12-06,S005,P0017,0,0.09320168492056405,0
2023-12-07,S005,P0017,0,0.0016741778500473552,0
2023-12-08,S005,P0017,0,0.004378472473233767,0
2023-12-09,S005,P0017,0,0.0029058296604181537,0
2023-12-10,S005,P0017,0,0.003368530171555128,0
2023-12-11,S005,P0017,0,0.007830102882068724,0
2023-12-12,S005,P0017,1,0.9983738248854247,1
2023-12-13,S005,P0017,0,0.0011085488530035324,0
2023-12-14,S005,P0017,0,0.0011085488530035324,0
2023-12-15,S005,P0017,0,0.00015379665548057766,0
2023-12-16,S005,P0017,0,0.0025769396655005517,0
2023-12-17,S005,P0017,0,0.0,0
2023-12-18,S005,P0017,0,0.02971602593023188,0
2023-12-19,S005,P0017,1,0.999835217403341,1
2023-12-20,S005,P0017,0,0.0003569569869917449,0
2023-12-21,S005,P0017,0,0.0003477216230011097,0
2023-12-22,S005,P0017,0,0.04518791797329721,0
2023-12-23,S005,P0017,0,0.015186256736500677,0
2023-12-24,S005,P0017,0,0.0012306700425238845,0
2023-12-25,S005,P0017,0,0.015275737860278159,0
2023-12-26,S005,P0017,0,0.0023493600853413386,0
2023-12-27,S005,P0017,0,0.0024992880829339034,0
2023-12-28,S005,P0017,0,0.0015227124483791921,0
2023-12-29,S005,P0017,0,0.004571172015966385,0
2023-12-30,S005,P0017,0,0.005368137935577591,0
2023-12-31,S005,P0017,0,0.0003193822070211147,0
2024-01-01,S005,P0017,0,8.211735031473703e-05,0
2024-01-02,S005,P0017,0,0.0,0
2024-01-03,S005,P0017,0,0.0,0
2024-01-04,S005,P0017,0,0.0,0
2024-01-05,S005,P0017,0,0.00029036116278378883,0
2024-01-06,S005,P0017,0,0.00029036116278378883,0
2024-01-07,S005,P0017,0,0.0,0
2024-01-08,S005,P0017,0,0.0,0
2024-01-09,S005,P0017,0,0.015271808688092036,0
2024-01-10,S005,P0017,0,0.00034350591567614274,0
2024-01-11,S005,P0017,0,0.01028526295175227,0
2024-01-12,S005,P0017,0,0.0,0
2024-01-13,S005,P0017,1,0.960873104333149,1
2024-01-14,S005,P0017,0,0.0008394612040053777,0
2024-01-15,S005,P0017,0,0.015340708010059595,0
2024-01-16,S005,P0017,0,0.0001404636209522362,0
2024-01-17,S005,P0017,0,0.020788610516364665,0
2024-01-18,S005,P0017,1,0.9973347095885957,1
2024-01-19,S005,P0017,0,1.3454263660232394e-05,0
2024-01-20,S005,P0017,0,0.0025769396655005517,0
2024-01-21,S005,P0017,0,0.00652986492813069,0
2024-01-22,S005,P0017,1,0.9891348124593549,1
2024-01-23,S005,P0017,0,0.005540178579473144,0
2024-01-24,S005,P0017,1,0.998089757812625,1
2024-01-25,S005,P0017,1,0.9968368275733098,1
2024-01-26,S005,P0017,0,0.00066798652631187,0
2024-01-27,S005,P0017,0,0.014523546742219624,0
2024-01-28,S005,P0017,0,0.024294413548873753,0
2024-01-29,S005,P0017,0,0.02720154231211598,0
2024-01-30,S005,P0017,0,0.06911938459640596,0
2023-10-13,S005,P0018,1,0.9994165306246391,1
2023-10-14,S005,P0018,0,0.027538397787613758,0
2023-10-15,S005,P0018,1,0.9726422662342504,1
2023-10-16,S005,P0018,0,5.717286442504484e-05,0
2023-10-17,S005,P0018,0,0.0,0
2023-10-18,S005,P0018,1,0.994027902790979,1
2023-10-19,S005,P0018,1,0.9806327763580011,1
2023-10-20,S005,P0018,0,0.03796939013742236,0
2023-10-21,S005,P0018,1,0.9794129661561416,1
2023-10-22,S005,P0018,1,0.9749380222298595,1
2023-10-23,S005,P0018,0,0.0031039948223825276,0
2023-10-24,S005,P0018,1,0.9889495839551674,1
2023-10-25,S005,P0018,0,0.007980058698355458,0
2023-10-26,S005,P0018,1,0.9990228053318094,1
2023-10-27,S005,P0018,0,0.004747431886039765,0
2023-10-28,S005,P0018,1,0.9998011347888388,1
2023-10-29,S005,P0018,0,0.031099827601588147,0
2023-10-30,S005,P0018,0,0.005348209976942887,0
2023-10-31,S005,P0018,1,0.9913122564593357,1
2023-11-01,S005,P0018,0,0.0042749141268399625,0
2023-11-02,S005,P0018,1,0.9996630321524291,1
2023-11-03,S005,P0018,1,0.9958440360793119,1
2023-11-04,S005,P0018,0,1.3151999304208986e-05,0
2023-11-05,S005,P0018,0,0.004948686106612781,0
2023-11-06,S005,P0018,0,0.002624122347365924,0
2023-11-07,S005,P0018,1,0.9994545274164175,1
2023-11-08,S005,P0018,1,0.9998180331839781,1
2023-11-09,S005,P0018,1,0.9586356545815095,1
2023-11-10,S005,P0018,0,0.0,0
2023-11-11,S005,P0018,1,0.9805024851166679,1
2023-11-12,S005,P0018,0,0.014648998132035962,0
2023-11-13,S005,P0018,1,0.9997160870844131,1
2023-11-14,S005,P0018,0,0.005544091152078228,0
2023-11-15,S005,P0018,0,0.022596209961466482,0
2023-11-16,S005,P0018,0,0.004385989702750743,0
2023-11-17,S005,P0018,1,0.9998186836185191,1
2023-11-18,S005,P0018,0,0.0016136098599489701,0
2023-11-19,S005,P0018,1,0.9999728207895615,1
2023-11-20,S005,P0018,0,0.01186333282281226,0
2023-11-21,S005,P0018,0,0.0009994893933503583,0
2023-11-22,S005,P0018,0,0.01287997218094678,0
2023-11-23,S005,P0018,1,0.9999584496777034,1
2023-11-24,S005,P0018,0,0.0007969703139557513,0
2023-11-25,S005,P0018,0,0.0638266516536219,0
2023-11-26,S005,P0018,0,0.008942402410778299,0
2023-11-27,S005,P0018,0,0.0051900487798051675,0
2023-11-28,S005,P0018,0,0.013340461419836604,0
2023-11-29,S005,P0018,0,0.013486888348781726,0
2023-11-30,S005,P0018,1,0.9996435603777486,1
2023-12-01,S005,P0018,1,0.999416521992746,1
2023-12-02,S005,P0018,1,0.9921675120906095,1
2023-12-03,S005,P0018,0,0.0003853787978616239,0
2023-12-04,S005,P0018,1,0.9836750276221334,1
2023-12-05,S005,P0018,1,0.9996963386555955,1
2023-12-06,S005,P0018,0,0.007168163000624935,0
2023-12-07,S005,P0018,0,0.00016126603665106407,0
2023-12-08,S005,P0018,1,0.9996083899482039,1
2023-12-09,S005,P0018,0,0.0,0
2023-12-10,S005,P0018,1,0.9992645457071896,1
2023-12-11,S005,P0018,0,0.016317149534474603,0
2023-12-12,S005,P0018,0,0.03634923134160303,0
2023-12-13,S005,P0018,1,0.9998062167106377,1
2023-12-14,S005,P0018,1,0.9877316543383841,1
2023-12-15,S005,P0018,0,0.04878143744741326,0
2023-12-16,S005,P0018,0,0.0,0
2023-12-17,S005,P0018,0,0.007589807346669859,0
2023-12-18,S005,P0018,0,0.014428428065737525,0
2023-12-19,S005,P0018,0,0.00955915779283092,0
2023-12-20,S005,P0018,1,0.9863424395828934,1
2023-12-21,S005,P0018,0,0.00797343221467078,0
2023-12-22,S005,P0018,1,0.9930261050041495,1
2023-12-23,S005,P0018,0,5.3899723596192384e-05,0
2023-12-24,S005,P0018,1,0.9995334967362299,1
2023-12-25,S005,P0018,0,0.001383067901956419,0
2023-12-26,S005,P0018,0,0.06230769003662345,0
2023-12-27,S005,P0018,0,0.04699639345199387,0
2023-12-28,S005,P0018,1,0.999113539077827,1
2023-12-29,S005,P0018,1,0.9820842420969423,1
2023-12-30,S005,P0018,0,0.0003682881651307321,0
2023-12-31,S005,P0018,0,0.04909272326798239,0
2024-01-01,S005,P0018,0,0.04889141290080718,0
2024-01-02,S005,P0018,0,0.01806851418573096,0
2024-01-03,S005,P0018,0,0.004403163290608546,0
2024-01-04,S005,P0018,1,0.9948097223096779,1
2024-01-05,S005,P0018,1,0.9986163028987676,1
2024-01-06,S005,P0018,0,0.02135510701033994,0
2024-01-07,S005,P0018,0,0.0009988555401466786,0
2024-01-08,S005,P0018,0,0.04210302360469424,0
2024-01-09,S005,P0018,0,0.007578134172535658,0
2024-01-10,S005,P0018,0,0.046349288187209084,0
2024-01-11,S005,P0018,0,0.07219788476735278,0
2024-01-12,S005,P0018,0,0.03456851506678923,0
2024-01-13,S005,P0018,1,0.9947186256750686,1
2024-01-14,S005,P0018,0,0.00026747342704973174,0
2024-01-15,S005,P0018,1,0.9891372960190071,1
2024-01-16,S005,P0018,1,0.9906542865253216,1
2024-01-17,S005,P0018,1,0.996405139540939,1
2024-01-18,S005,P0018,0,0.0003086173885894273,0
2024-01-19,S005,P0018,1,0.999584161897056,1
2024-01-20,S005,P0018,1,0.9816782120298606,1
2024-01-21,S005,P0018,0,0.008466835422877253,0
2024-01-22,S005,P0018,1,0.9998711387467002,1
2024-01-23,S005,P0018,0,0.0,0
2024-01-24,S005,P0018,0,0.04025061936575303,0
2024-01-25,S005,P0018,1,0.9868440577767873,1
2024-01-26,S005,P0018,0,0.006792881277985221,0
2024-01-27,S005,P0018,0,0.0021292548111728616,0
2024-01-28,S005,P0018,1,0.9749795889027786,1
2024-01-29,S005,P0018,1,0.9980905886326059,1
2024-01-30,S005,P0018,0,0.0005287858477249974,0
2023-10-13,S005,P0019,0,0.007715349095093336,0
2023-10-14,S005,P0019,0,0.00030381542644402124,0
2023-10-15,S005,P0019,0,0.00029036116278378883,0
2023-10-16,S005,P0019,0,0.0,0
2023-10-17,S005,P0019,0,0.03282071661842096,0
2023-10-18,S005,P0019,0,0.0,0
2023-10-19,S005,P0019,0,0.0,0
2023-10-20,S005,P0019,0,0.0,0
2023-10-21,S005,P0019,0,9.04134321610054e-05,0
2023-10-22,S005,P0019,0,0.0003569601793363751,0
2023-10-23,S005,P0019,0,0.0,0
2023-10-24,S005,P0019,0,7.69948015300162e-05,0
2023-10-25,S005,P0019,1,0.997784400544209,1
2023-10-26,S005,P0019,0,0.045620345238014906,0
2023-10-27,S005,P0019,1,0.7954646988823639,1
2023-10-28,S005,P0019,1,0.9947697064209363,1
2023-10-29,S005,P0019,0,0.0,0
2023-10-30,S005,P0019,0,1.6767282727573657e-05,0
2023-10-31,S005,P0019,0,1.6767282727573657e-05,0
2023-11-01,S005,P0019,0,3.92012889557018e-05,0
2023-11-02,S005,P0019,0,0.0014659300832957586,0
2023-11-03,S005,P0019,0,1.6767282727573657e-05,0
2023-11-04,S005,P0019,0,4.4323837740422614e-05,0
2023-11-05,S005,P0019,0,1.164473394285284e-05,0
2023-11-06,S005,P0019,0,0.00032207165224965966,0
2023-11-07,S005,P0019,0,0.0007618151612718511,0
2023-11-08,S005,P0019,0,0.0006596212780151652,0
2023-11-09,S005,P0019,0,0.0003337163861925125,0
2023-11-10,S005,P0019,0,0.0976559462847012,0
2023-11-11,S005,P0019,1,0.9840606642886922,1
2023-11-12,S005,P0019,0,0.0015447995522456773,0
2023-11-13,S005,P0019,1,0.9761379332464195,1
2023-11-14,S005,P0019,0,0.00032026212253228014,0
2023-11-15,S005,P0019,0,0.018640194630630658,0
2023-11-16,S005,P0019,1,0.9996769302729055,1
2023-11-17,S005,P0019,0,0.0,0
2023-11-18,S005,P0019,0,0.00031631339789126223,0
2023-11-19,S005,P0019,0,0.0,0
2023-11-20,S005,P0019,0,0.00034802388735713307,0
2023-11-21,S005,P0019,0,0.000279003892075771,0
2023-11-22,S005,P0019,0,0.007787068789264433,0
2023-11-23,S005,P0019,0,0.0,0
2023-11-24,S005,P0019,0,0.0006240775489763013,0
2023-11-25,S005,P0019,0,1.164473394285284e-05,0
2023-11-26,S005,P0019,0,6.0042010313652403e-05,0
2023-11-27,S005,P0019,1,0.9944001132863916,1
2023-11-28,S005,P0019,0,2.5952235107473395e-05,0
2023-11-29,S005,P0019,0,0.0006843406599603192,0
2023-11-30,S005,P0019,0,0.0009682386666045927,0
2023-12-01,S005,P0019,0,0.03256939666293645,0
2023-12-02,S005,P0019,1,0.9997353955902984,1
2023-12-03,S005,P0019,0,0.0,0
2023-12-04,S005,P0019,0,0.0006479765440723125,0
2023-12-05,S005,P0019,0,0.0,0
2023-12-06,S005,P0019,0,0.07039904532564285,0
2023-12-07,S005,P0019,0,0.0014480382117579424,0
2023-12-08,S005,P0019,0,0.0006843406599603192,0
2023-12-09,S005,P0019,0,0.0006959853939031721,0
2023-12-10,S005,P0019,0,0.0,0
2023-12-11,S005,P0019,0,0.0074539679434068905,0
2023-12-12,S005,P0019,0,0.0,0
2023-12-13,S005,P0019,0,0.00786937729353943,0
2023-12-14,S005,P0019,1,0.9656520364547156,1
2023-12-15,S005,P0019,0,0.0006959853939031721,0
2023-12-16,S005,P0019,0,0.0,0
2023-12-17,S005,P0019,1,0.9984830584734905,1
2023-12-18,S005,P0019,0,0.00032682631654500847,0
2023-12-19,S005,P0019,0,3.7596969050326233e-05,0
2023-12-20,S005,P0019,0,2.5952235107473395e-05,0
2023-12-21,S005,P0019,0,0.0,0
2023-12-22,S005,P0019,0,0.0003709337395849074,0
2023-12-23,S005,P0019,0,0.003245194619184861,0
2023-12-24,S005,P0019,0,0.004969943666130566,0
2023-12-25,S005,P0019,0,0.0003345696236969007,0
2023-12-26,S005,P0019,0,0.00032207165224965966,0
2023-12-27,S005,P0019,0,0.014104756131722107,0
2023-12-28,S005,P0019,0,0.0006614308077325448,0
2023-12-29,S005,P0019,0,0.0009517919705163335,0
2023-12-30,S005,P0019,0,0.0,0
2023-12-31,S005,P0019,0,0.011345310790157643,0
2024-01-01,S005,P0019,0,0.0,0
2024-01-02,S005,P0019,0,7.69948015300162e-05,0
2024-01-03,S005,P0019,0,1.3454263660232394e-05,0
2024-01-04,S005,P0019,0,0.0,0
2024-01-05,S005,P0019,0,0.00029036116278378883,0
2024-01-06,S005,P0019,0,0.00029036116278378883,0
2024-01-07,S005,P0019,0,0.0,0
2024-01-08,S005,P0019,0,0.0,0
2024-01-09,S005,P0019,1,0.9880662707577368,1
2024-01-10,S005,P0019,0,0.009869013608232542,0
2024-01-11,S005,P0019,0,0.0,0
2024-01-12,S005,P0019,0,0.0012093984607287921,0
2024-01-13,S005,P0019,0,0.0004863392852731579,0
2024-01-14,S005,P0019,0,8.674000935154948e-05,0
2024-01-15,S005,P0019,0,1.164473394285284e-05,0
2024-01-16,S005,P0019,0,0.00032207165224965966,0
2024-01-17,S005,P0019,0,0.00023296443423471684,0
2024-01-18,S005,P0019,0,6.0042010313652403e-05,0
2024-01-19,S005,P0019,0,0.04759001968628812,0
2024-01-20,S005,P0019,0,5.122548784720817e-06,0
2024-01-21,S005,P0019,0,0.0,0
2024-01-22,S005,P0019,0,0.00018564623447638658,0
2024-01-23,S005,P0019,0,8.674000935154948e-05,0
2024-01-24,S005,P0019,0,4.4323837740422614e-05,0
2024-01-25,S005,P0019,0,0.014377830969124237,0
2024-01-26,S005,P0019,1,0.996997833309566,1
2024-01-27,S005,P0019,0,0.0003345696236969007,0
2024-01-28,S005,P0019,0,0.028214892877176205,0
2024-01-29,S005,P0019,1,0.9944416312258123,1
2024-01-30,S005,P0019,0,0.0002318780723905599,0
2023-10-13,S005,P0020,0,0.00029036116278378883,0
2023-10-14,S005,P0020,0,0.00029036116278378883,0
2023-10-15,S005,P0020,0,0.000367355964313805,0
2023-10-16,S005,P0020,0,0.0,0
2023-10-17,S005,P0020,0,0.0008101662126654293,0
2023-10-18,S005,P0020,0,0.0,0
2023-10-19,S005,P0020,0,0.0,0
2023-10-20,S005,P0020,0,7.69948015300162e-05,0
2023-10-21,S005,P0020,0,0.0,0
2023-10-22,S005,P0020,0,9.04134321610054e-05,0
2023-10-23,S005,P0020,0,0.0,0
2023-10-24,S005,P0020,0,0.0001674082336910216,0
2023-10-25,S005,P0020,1,0.9471164693387931,1
2023-10-26,S005,P0020,1,0.9062605676343876,1
2023-10-27,S005,P0020,0,0.0202063704478591,0
2023-10-28,S005,P0020,0,0.0003682881651307321,0
2023-10-29,S005,P0020,0,0.0,0
2023-10-30,S005,P0020,0,0.0003734107139154529,0
2023-10-31,S005,P0020,0,0.0037609975090456206,0
2023-11-01,S005,P0020,0,0.0010997560675532541,0
2023-11-02,S005,P0020,0,0.0483693099026269,0
2023-11-03,S005,P0020,1,0.9944644121085489,1
2023-11-04,S005,P0020,0,0.06428073624636062,0
2023-11-05,S005,P0020,0,0.0,0
2023-11-06,S005,P0020,0,0.010900666070125577,0
2023-11-07,S005,P0020,1,0.9791674202249985,1
2023-11-08,S005,P0020,0,0.0030010290185542503,0
2023-11-09,S005,P0020,0,0.0003477216230011097,0
2023-11-10,S005,P0020,1,0.9742709169808219,1
2023-11-11,S005,P0020,0,0.002312929984559435,0
2023-11-12,S005,P0020,0,0.025398365381314517,0
2023-11-13,S005,P0020,0,0.0017542971005722657,0
2023-11-14,S005,P0020,0,0.0016328314651251397,0
2023-11-15,S005,P0020,0,0.0005055638674545796,0
2023-11-16,S005,P0020,1,0.9871696387252061,1
2023-11-17,S005,P0020,1,0.9710344442696625,1
2023-11-18,S005,P0020,0,0.0017590206695697103,0
2023-11-19,S005,P0020,0,0.0070059241803212755,0
2023-11-20,S005,P0020,0,0.06495000825785258,0
2023-11-21,S005,P0020,1,0.9399120007467507,1
2023-11-22,S005,P0020,0,0.00022535588723242788,0
2023-11-23,S005,P0020,0,0.006614194634027392,0
2023-11-24,S005,P0020,0,0.019533839146815293,0
2023-11-25,S005,P0020,0,0.011334986275065802,0
2023-11-26,S005,P0020,0,0.007403083927901404,0
2023-11-27,S005,P0020,0,0.00287676644991389,0
2023-11-28,S005,P0020,0,0.04024735766177709,0
2023-11-29,S005,P0020,0,0.03621568099741602,0
2023-11-30,S005,P0020,0,0.07070554173349779,0
2023-12-01,S005,P0020,0,0.004871578994838129,0
2023-12-02,S005,P0020,0,0.056211488407890114,0
2023-12-03,S005,P0020,0,0.0610888475139788,0
2023-12-04,S005,P0020,1,0.978136179636544,1
2023-12-05,S005,P0020,1,0.9986614542181281,1
2023-12-06,S005,P0020,0,0.0003825674813324891,0
2023-12-07,S005,P0020,0,0.0003086173885894273,0
2023-12-08,S005,P0020,0,0.0,0
2023-12-09,S005,P0020,0,8.413778867682755e-05,0
2023-12-10,S005,P0020,0,0.0040994904724694,0
2023-12-11,S005,P0020,0,0.00015677683353366737,0
2023-12-12,S005,P0020,0,0.0,0
2023-12-13,S005,P0020,1,0.9562691893492485,1
2023-12-14,S005,P0020,0,0.0348617996835253,0
2023-12-15,S005,P0020,1,0.9911572671936918,1
2023-12-16,S005,P0020,1,0.9953938148882719,1
2023-12-17,S005,P0020,0,0.0015314701129784517,0
2023-12-18,S005,P0020,0,0.07738054568876236,0
2023-12-19,S005,P0020,0,0.0003217693878936362,0
2023-12-20,S005,P0020,1,0.9499204008511505,1
2023-12-21,S005,P0020,0,0.001411335325192221,0
2023-12-22,S005,P0020,1,0.9997527142889896,1
2023-12-23,S005,P0020,0,0.03987766552532494,0
2023-12-24,S005,P0020,0,0.007103659229459075,0
2023-12-25,S005,P0020,0,0.00037507263161420696,0
2023-12-26,S005,P0020,0,0.004552084646354243,0
2023-12-27,S005,P0020,0,0.00011451138584476281,0
2023-12-28,S005,P0020,0,0.0020238196848479896,0
2023-12-29,S005,P0020,0,0.0030653892661995025,0
2023-12-30,S005,P0020,0,0.0005868167186262653,0
2023-12-31,S005,P0020,0,0.0005407019073129787,0
2024-01-01,S005,P0020,0,5.122548784720817e-06,0
2024-01-02,S005,P0020,0,0.001438399183392217,0
2024-01-03,S005,P0020,0,0.0,0
2024-01-04,S005,P0020,0,0.0,0
2024-01-05,S005,P0020,0,0.00029036116278378883,0
2024-01-06,S005,P0020,0,0.001875236571175173,0
2024-01-07,S005,P0020,0,0.0006338670784599315,0
2024-01-08,S005,P0020,0,0.0,0
2024-01-09,S005,P0020,1,0.957062457025987,1
2024-01-10,S005,P0020,0,0.00048798836951826437,0
2024-01-11,S005,P0020,0,0.0009331137810987389,0
2024-01-12,S005,P0020,1,0.9824558435511166,1
2024-01-13,S005,P0020,1,0.9829538491084309,1
2024-01-14,S005,P0020,0,0.036894031900757546,0
2024-01-15,S005,P0020,0,0.0007926870121782914,0
2024-01-16,S005,P0020,0,0.019131422562491347,0
2024-01-17,S005,P0020,0,0.0668872959959009,0
2024-01-18,S005,P0020,1,0.9522157786289691,1
2024-01-19,S005,P0020,0,8.674000935154948e-05,0
2024-01-20,S005,P0020,0,0.0028541096418313954,0
2024-01-21,S005,P0020,0,0.00010198463393668741,0
2024-01-22,S005,P0020,0,0.09148406441285405,0
2024-01-23,S005,P0020,0,0.0176981474211287,0
2024-01-24,S005,P0020,1,0.9561150748862052,1
2024-01-25,S005,P0020,0,0.0015934077225942624,0
2024-01-26,S005,P0020,1,0.9986020860611504,1
2024-01-27,S005,P0020,0,0.0015760332699921126,0
2024-01-28,S005,P0020,1,0.9809200246712144,1
2024-01-29,S005,P0020,0,0.010520521969295244,0
2024-01-30,S005,P0020,0,0.0007302819395216358,0
